customer_id,customer_name,region_id,membership_type,join_date,churn_date,is_active
1,Adrienne Zimmerman,1,Silver,2023-12-08,,True
2,Gary Palmer,2,Standard,2022-03-17,2024-02-19,False
3,Miranda Khan,5,Standard,2022-12-22,2024-12-20,False
4,Jason Davis,3,Standard,2024-01-06,2024-06-30,False
5,Scott Brown,3,Standard,2024-04-20,2024-11-25,False
6,Amy Chandler,3,Gold,2024-04-13,,True
7,Joshua Taylor,1,Standard,2024-10-18,2024-12-04,False
8,Shannon Jones,4,Silver,2022-08-23,,True
9,Annette Pearson,1,Standard,2024-10-28,,True
10,Brandon Molina,2,Silver,2023-11-21,,True
11,Dr. Steven Martin,3,Standard,2022-10-29,2024-10-23,False
12,Timothy Glover,4,Silver,2022-01-03,,True
13,Monica Logan,4,Silver,2022-12-30,,True
14,Daniel Brown,1,Standard,2024-04-24,2025-02-17,False
15,Erik Williams,2,Standard,2024-07-27,,True
16,Kim Brown,3,Silver,2023-09-01,,True
17,Barry Hensley,2,Standard,2023-10-10,2025-09-13,False
18,Laura Riley,1,Standard,2023-05-31,,True
19,Matthew Cunningham,1,Gold,2022-02-20,,True
20,Michael Edwards,2,Silver,2023-02-08,,True
21,Joyce Hickman,1,Standard,2022-12-05,2024-04-05,False
22,Marc Hart,5,Gold,2025-04-08,,True
23,Katie Anderson,4,Gold,2022-05-08,,True
24,David Mitchell,2,Gold,2023-03-22,,True
25,Elizabeth Riggs,2,Gold,2023-07-14,,True
26,Mary Spencer,2,Gold,2024-10-26,,True
27,Shawn Baker,1,Standard,2025-04-03,,True
28,Brittney Campbell,3,Silver,2025-02-09,,True
29,Sarah Wagner,4,Silver,2022-09-26,2024-09-07,False
30,Mark Calderon,2,Standard,2022-11-17,2025-10-24,False
31,Carlos Whitney,1,Standard,2022-02-26,,True
32,Michael Hoffman,1,Gold,2022-07-26,,True
33,Melissa Hernandez,2,Standard,2022-05-23,,True
34,Juan Jordan,4,Standard,2022-02-15,,True
35,Valerie Williams,2,Standard,2022-02-23,2024-09-23,False
36,Mary Gomez,2,Standard,2023-04-02,,True
37,Valerie Brady,3,Gold,2023-12-16,,True
38,Christopher Marsh,3,Standard,2025-03-27,,True
39,Christopher Middleton,5,Standard,2022-08-14,,True
40,Michael Moss,5,Standard,2024-09-25,,True
41,Janet Williams,1,Standard,2022-11-13,2024-04-26,False
42,Thomas Bailey,3,Standard,2023-08-24,,True
43,Courtney Keller,3,Standard,2024-11-13,,True
44,Benjamin Ayala,5,Standard,2023-05-24,,True
45,Sarah Rivera,3,Standard,2023-03-25,2025-01-06,False
46,Debbie Carpenter,5,Standard,2022-02-05,,True
47,Kyle Reed,5,Standard,2025-06-09,,True
48,William Wilson,1,Silver,2024-09-30,,True
49,Andrew Graham,1,Standard,2025-02-21,,True
50,Melissa Bentley,5,Silver,2023-10-26,,True
51,Travis Mccall,2,Standard,2024-07-29,2024-11-08,False
52,Belinda Mccullough,1,Gold,2024-03-06,,True
53,Erika Terry,3,Silver,2023-10-10,,True
54,Maurice Gray,1,Silver,2023-12-09,,True
55,Keith Sullivan,3,Standard,2024-08-12,,True
56,Richard Lawson,4,Standard,2024-11-29,2025-03-29,False
57,Michael Dixon,3,Silver,2023-02-16,,True
58,Nancy Hopkins,2,Standard,2024-10-09,,True
59,Lisa Davis,4,Silver,2022-12-29,,True
60,Eric Drake,2,Silver,2025-04-29,,True
61,William Carr,3,Standard,2022-07-08,,True
62,Stephen Johnston,1,Standard,2024-09-07,,True
63,James Hernandez,2,Standard,2024-07-05,,True
64,Shannon Mcclure,5,Silver,2024-05-27,,True
65,Melissa Marshall,3,Standard,2024-09-20,2024-12-31,False
66,Casey Marshall,4,Silver,2023-12-13,2025-10-31,False
67,Emily Fischer,5,Standard,2023-11-09,,True
68,Jessica Meadows,2,Silver,2023-07-19,2025-08-17,False
69,Joanna Walton,3,Standard,2023-07-23,2024-04-26,False
70,Richard Washington,5,Standard,2024-12-07,,True
71,Cynthia Rogers,2,Silver,2022-11-02,2024-11-17,False
72,Chris Reyes,2,Silver,2025-02-13,,True
73,Gary Owens,2,Standard,2022-07-14,2024-06-05,False
74,Jean Carrillo,2,Gold,2022-03-21,,True
75,Spencer Johnston,5,Silver,2025-04-22,,True
76,Elizabeth Price,1,Standard,2023-09-01,,True
77,Morgan Marsh,5,Standard,2025-02-11,2025-11-07,False
78,Don Tucker MD,4,Standard,2025-02-19,,True
79,Misty Pittman,2,Standard,2024-05-03,,True
80,Ms. Susan Vargas,1,Gold,2025-03-19,,True
81,Jeffrey Camacho,1,Silver,2024-04-25,,True
82,Jesse Rogers,2,Standard,2022-08-20,2024-07-08,False
83,Jennifer Conley,5,Standard,2025-01-27,2025-05-01,False
84,Amy Crane,5,Standard,2023-08-24,,True
85,Tyler Williams,1,Standard,2022-10-14,,True
86,Ryan Howell,4,Silver,2022-02-09,,True
87,Brian Gould,5,Silver,2022-11-01,,True
88,Jacob Obrien,4,Silver,2023-08-17,,True
89,Paula Martin,5,Standard,2025-05-14,,True
90,Laura Odonnell,5,Standard,2023-02-01,2025-02-26,False
91,Christina Vargas,2,Silver,2023-04-24,,True
92,Michael Turner,4,Standard,2024-11-25,,True
93,Rebecca Knight,2,Silver,2024-05-23,,True
94,Mary Jones,3,Silver,2022-02-22,,True
95,John Hamilton,5,Standard,2024-04-06,2024-04-14,False
96,Julia Hernandez,2,Standard,2023-04-08,,True
97,Marie Gilbert,1,Silver,2022-08-13,,True
98,Julie Petersen,2,Standard,2025-03-19,,True
99,Timothy Ramirez,3,Gold,2024-01-26,2024-09-09,False
100,Laura Barnett,1,Standard,2023-07-30,,True
101,Frederick Freeman MD,2,Standard,2023-03-06,,True
102,Sheryl Peters,2,Silver,2022-11-26,2024-07-23,False
103,David Russell,1,Standard,2023-10-22,,True
104,Michael West,3,Standard,2023-12-10,2024-06-24,False
105,David Beck,4,Standard,2022-01-23,2024-08-02,False
106,Hailey Barajas,4,Standard,2023-04-16,,True
107,Jesse Parker,5,Gold,2023-12-04,,True
108,Emily Newton,1,Gold,2022-10-22,,True
109,Cheryl Rodgers,5,Standard,2025-04-28,,True
110,Paige Carlson,1,Gold,2022-12-19,,True
111,Elizabeth Ward,3,Silver,2025-06-05,,True
112,Beth Williams,4,Standard,2023-01-21,,True
113,Tony Little,5,Silver,2022-03-11,,True
114,Adam Mitchell,2,Standard,2024-08-18,,True
115,Vincent King,3,Standard,2023-09-03,,True
116,Austin Vasquez,1,Standard,2025-01-04,,True
117,Brittany Shepherd,4,Silver,2024-01-07,,True
118,David Grant,4,Gold,2025-04-26,,True
119,Patricia James,5,Standard,2023-06-16,2025-03-11,False
120,Kevin Patterson,4,Silver,2025-03-05,,True
121,Tyler Garcia,1,Standard,2023-12-27,,True
122,Brad Allen,4,Standard,2024-08-31,2025-07-01,False
123,Michael Harrison,4,Standard,2023-12-06,2024-04-24,False
124,Douglas Heath,3,Standard,2022-02-11,,True
125,Dennis Moody,2,Standard,2022-04-01,,True
126,Christina Wilson,3,Silver,2024-01-23,,True
127,Charles Brown,4,Standard,2022-10-14,2024-04-18,False
128,Samantha Morse,4,Standard,2024-10-08,,True
129,James Nelson,1,Standard,2023-07-15,2024-12-08,False
130,Stacy Navarro,5,Standard,2023-11-21,2024-11-15,False
131,Michael Valencia,3,Standard,2024-02-10,2024-02-27,False
132,Phillip Underwood,1,Silver,2024-01-20,,True
133,Casey Stone,1,Silver,2024-01-06,,True
134,Zachary Graham,2,Standard,2023-07-19,,True
135,Julie Ortiz,1,Silver,2024-11-04,,True
136,Christopher Jenkins,2,Standard,2023-02-14,,True
137,Jennifer Hodges,1,Silver,2023-09-25,,True
138,David Wilson,2,Standard,2022-02-16,,True
139,Samantha Smith,3,Silver,2024-09-12,,True
140,Anthony Stone,2,Silver,2025-01-14,,True
141,Mr. Anthony Adams Jr.,1,Silver,2024-03-05,,True
142,Kari Johnson,2,Gold,2023-01-03,,True
143,Michelle Collins,1,Silver,2024-03-14,,True
144,Danny Skinner,3,Silver,2022-01-18,,True
145,Maria Moore,4,Standard,2022-05-25,,True
146,Michael Perry,2,Standard,2025-04-05,,True
147,Jesus Thomas,2,Standard,2023-09-08,,True
148,Nicole Taylor,3,Gold,2022-09-01,,True
149,Sarah Morgan,5,Silver,2022-03-31,,True
150,Aaron Barber,5,Silver,2024-10-02,,True
151,Sharon Griffin,3,Standard,2024-12-04,2025-07-19,False
152,Phillip Bennett,3,Standard,2023-09-11,,True
153,Veronica Allen,3,Standard,2025-04-05,,True
154,Jennifer Flores,4,Silver,2023-05-04,,True
155,William Sparks,1,Standard,2023-08-27,2025-10-28,False
156,Vincent Martinez,3,Silver,2024-04-11,,True
157,Brian Kirk,4,Silver,2025-05-16,,True
158,Alexis Thomas,4,Standard,2022-05-08,,True
159,Angela Harrington,5,Gold,2025-01-16,,True
160,Jennifer Miller,3,Silver,2022-12-05,,True
161,Tiffany Sims,5,Silver,2023-02-24,2025-05-07,False
162,Joshua Williamson II,4,Standard,2025-02-06,,True
163,Darren Davis,5,Standard,2024-05-23,,True
164,Michele Garcia,2,Silver,2025-06-02,,True
165,Frederick Brown,1,Standard,2022-08-01,2024-08-06,False
166,David Jenkins,4,Standard,2023-04-03,,True
167,Christopher Lynch,4,Silver,2024-05-19,,True
168,Kathleen Aguilar,4,Standard,2023-05-04,,True
169,Julia Estrada,4,Gold,2022-10-24,,True
170,Dwayne Payne,2,Standard,2025-02-21,,True
171,Elizabeth Hayden DDS,3,Silver,2022-04-05,2025-11-21,False
172,Zachary Castaneda,3,Standard,2023-08-06,,True
173,Edward Lyons,5,Silver,2022-05-17,2024-10-05,False
174,Jennifer Smith,3,Silver,2022-01-28,,True
175,Valerie Lozano,5,Gold,2025-01-08,,True
176,Patricia Hall,1,Standard,2024-08-08,2025-10-06,False
177,Connor King,4,Standard,2024-10-20,,True
178,Melanie Taylor,2,Silver,2024-08-22,,True
179,Amanda Kramer,4,Standard,2022-05-04,,True
180,Carlos Browning,1,Standard,2022-02-12,,True
181,Curtis Buchanan,2,Standard,2023-02-21,,True
182,Jonathan Nelson,2,Standard,2025-01-23,,True
183,Terry Coffey,5,Standard,2022-07-29,,True
184,Regina Mcdonald,5,Standard,2023-01-12,,True
185,Courtney Rhodes,4,Gold,2022-04-07,,True
186,Ryan Grant,5,Standard,2024-05-10,,True
187,Dennis Martinez,4,Standard,2022-04-26,,True
188,Deborah James,3,Standard,2023-04-16,,True
189,Michael Ruiz,2,Standard,2024-03-25,,True
190,Erin Bishop,5,Gold,2024-03-01,,True
191,Michael Banks,2,Standard,2024-04-06,2025-05-13,False
192,Andrew Ferrell,4,Standard,2022-05-29,,True
193,Joshua Price,5,Gold,2022-05-29,,True
194,Melissa Fernandez,5,Silver,2023-04-19,,True
195,Mary Bass,1,Silver,2024-01-20,2025-06-19,False
196,Diana Vaughn,3,Standard,2024-02-25,,True
197,David Cox,2,Standard,2022-10-05,,True
198,Steven Newman,5,Standard,2025-06-05,,True
199,Walter Rush,1,Gold,2022-03-19,,True
200,Daniel Fowler,5,Standard,2024-11-17,,True
201,Gavin Zhang,2,Silver,2025-05-24,,True
202,Kristen Willis,4,Standard,2024-10-01,2025-01-02,False
203,Raymond Kramer,1,Silver,2024-11-03,,True
204,William Huerta,4,Standard,2024-01-31,,True
205,Ashley Delacruz,3,Standard,2023-11-21,,True
206,Richard Chapman,1,Standard,2022-06-18,,True
207,Cameron Fisher,4,Standard,2022-01-21,,True
208,Jerome Cox,1,Standard,2022-05-26,,True
209,Daniel Gilbert,1,Silver,2024-01-28,,True
210,Elizabeth Schneider,1,Standard,2024-07-16,2025-11-12,False
211,Dr. Jessica Rodriguez DDS,5,Gold,2022-02-09,,True
212,Erica Hernandez,1,Gold,2023-07-20,,True
213,Michelle James,1,Silver,2022-06-11,2025-03-31,False
214,Jonathan Jordan,4,Silver,2024-02-02,,True
215,Matthew Rich,5,Standard,2024-10-08,,True
216,Jessica Beasley,5,Standard,2023-12-05,,True
217,Jennifer Blair,4,Standard,2023-06-13,,True
218,David Mckay,5,Gold,2023-02-03,,True
219,Bradley Reynolds,3,Silver,2024-05-26,2025-02-26,False
220,Carlos Brown,1,Silver,2024-08-08,,True
221,Meagan Jenkins,1,Gold,2025-05-05,,True
222,Thomas Williams,2,Silver,2025-01-19,2025-12-10,False
223,Brian Romero,3,Silver,2023-01-03,,True
224,Dr. Gregory Hawkins,2,Standard,2022-07-17,,True
225,Darrell Patterson,5,Standard,2022-05-27,,True
226,Lisa Leonard,1,Standard,2023-12-17,,True
227,Mary Steele,5,Standard,2023-12-12,,True
228,Phillip Dorsey,1,Standard,2022-02-06,,True
229,Charles Sandoval,3,Silver,2023-03-24,,True
230,Valerie Davis,4,Standard,2022-03-30,,True
231,Christopher Collins,2,Gold,2023-11-08,2024-10-01,False
232,Linda Ware,5,Silver,2023-02-18,,True
233,Brad Ramos,2,Standard,2022-07-18,2025-07-04,False
234,Daniel Hunt,5,Standard,2023-06-26,2025-03-19,False
235,Michael Watkins,2,Gold,2023-03-17,,True
236,Daniel Joyce,2,Standard,2023-11-04,,True
237,Tony Saunders,2,Silver,2022-03-11,,True
238,Bryan Jimenez,5,Silver,2024-09-02,,True
239,Joseph Hall,5,Gold,2023-07-04,,True
240,Heather Sanders,4,Standard,2023-12-14,,True
241,Blake Edwards,3,Silver,2024-08-04,2025-03-16,False
242,Mark Roberts,3,Standard,2023-07-02,,True
243,Travis Stevens,4,Standard,2023-06-01,2025-12-06,False
244,Jeffrey Rodriguez,5,Standard,2024-05-29,,True
245,Seth Reese,4,Silver,2023-07-10,2024-10-19,False
246,Angela Schultz,5,Standard,2022-10-10,,True
247,Heather Mullen,1,Standard,2023-11-09,2024-05-21,False
248,Brian Scott,5,Silver,2024-04-03,,True
249,Peter Jones,1,Gold,2022-08-10,,True
250,Julie Elliott,3,Silver,2025-04-28,,True
251,Maria Downs,2,Standard,2024-01-10,2025-05-15,False
252,Emily Gonzales,4,Gold,2023-02-17,,True
253,Leslie Bell,2,Gold,2023-08-22,2025-04-05,False
254,Andrew Wood,4,Silver,2022-04-05,,True
255,Vanessa Davis,4,Gold,2023-01-02,,True
256,Tiffany Stevenson,4,Standard,2024-01-29,2024-10-24,False
257,Chelsea Jacobs,3,Standard,2022-02-22,2025-10-25,False
258,Joanna Shepherd,1,Gold,2023-10-02,,True
259,Mrs. Maria Williams,3,Standard,2024-12-04,,True
260,Lisa Cox,4,Standard,2024-06-21,2025-12-25,False
261,Raymond Shelton,4,Silver,2025-03-17,,True
262,Felicia Rivera,5,Standard,2022-03-08,,True
263,David York,1,Standard,2023-12-13,,True
264,Brittany Miller,3,Standard,2025-05-15,,True
265,Emily Douglas,4,Gold,2024-04-26,,True
266,Michael Miller,1,Silver,2024-04-24,,True
267,Carl Warner,5,Standard,2023-12-15,2025-04-14,False
268,Anna Santiago,1,Standard,2025-04-23,2025-12-30,False
269,Eric Bean,3,Silver,2023-10-11,,True
270,Cheryl Cooke,4,Silver,2023-03-13,,True
271,Richard Romero,1,Standard,2022-07-17,,True
272,Kelsey Stanley,5,Standard,2023-11-20,,True
273,Linda Moore,3,Standard,2025-01-23,,True
274,Lori Orr,4,Standard,2022-08-19,,True
275,Nathan Montes,5,Silver,2024-07-09,2024-08-01,False
276,Cynthia Allen,2,Standard,2024-02-19,2025-07-15,False
277,Stephanie Lee,1,Silver,2025-05-17,,True
278,Jessica Hammond,1,Standard,2024-05-15,,True
279,Christopher Gonzalez,1,Standard,2024-09-19,2025-05-12,False
280,Amy Castillo,1,Silver,2024-02-11,,True
281,Kelli Martinez,2,Standard,2023-04-19,2025-11-13,False
282,Jerry Palmer,3,Standard,2022-04-18,,True
283,Ruth Wilkerson,3,Standard,2024-11-26,2025-01-01,False
284,James Hughes,4,Gold,2025-04-02,2025-07-24,False
285,Fernando Garcia,2,Standard,2022-04-15,,True
286,Andrew Lowery,2,Standard,2024-06-30,2024-12-31,False
287,Olivia Harrison,5,Standard,2023-08-26,,True
288,Alicia Lewis,2,Gold,2024-02-25,,True
289,Jenny Parsons,3,Silver,2022-07-10,2025-11-17,False
290,David Fowler,4,Standard,2022-10-31,,True
291,Russell Porter,5,Standard,2024-03-05,,True
292,Laura Higgins,1,Standard,2023-11-16,,True
293,Harry Duncan,3,Silver,2023-01-07,,True
294,Kelly Ward,5,Gold,2022-08-28,,True
295,Rachel Romero,4,Gold,2025-05-01,,True
296,James Brooks,4,Standard,2022-01-26,2025-09-29,False
297,Austin Allen,3,Standard,2024-08-11,,True
298,Kevin Sherman,5,Standard,2024-04-18,,True
299,Marvin Greer,3,Gold,2022-06-20,2024-09-14,False
300,Clarence Taylor,2,Silver,2024-05-23,2025-12-19,False
301,Dakota Moody,2,Gold,2024-07-02,2025-11-30,False
302,James Ochoa,4,Standard,2025-02-04,2025-05-19,False
303,Matthew Mitchell,4,Silver,2023-08-28,,True
304,Matthew Nelson,4,Standard,2025-01-05,,True
305,James Gonzales,2,Standard,2024-10-16,,True
306,Cody Holt,1,Standard,2025-05-05,,True
307,Debra Miller,5,Standard,2023-04-14,,True
308,Zachary White,1,Gold,2023-06-26,,True
309,Garrett Phillips,4,Standard,2023-01-10,,True
310,Carol Wallace,4,Standard,2023-07-23,,True
311,Susan Mendez,2,Standard,2023-07-25,,True
312,Amy Lambert,2,Standard,2023-07-09,2025-04-11,False
313,Nicole Moore,3,Standard,2023-06-03,,True
314,Megan Kim,4,Silver,2022-02-09,,True
315,Matthew Cox,3,Gold,2022-06-11,,True
316,Christian Cole,5,Standard,2025-04-26,,True
317,Billy Taylor,3,Silver,2023-04-19,,True
318,Donald Horne,4,Gold,2023-04-14,,True
319,Joseph Mcintyre,1,Silver,2022-02-03,,True
320,Cindy Carr,2,Silver,2022-05-31,2025-07-19,False
321,Mrs. Brandy Jones MD,3,Gold,2024-06-04,,True
322,Rita Ponce DVM,1,Standard,2024-06-29,,True
323,Krista Roberts,1,Silver,2024-05-02,,True
324,Michael Graves,1,Standard,2023-01-18,,True
325,Danny Galloway,3,Gold,2022-08-11,,True
326,Isaac Armstrong MD,1,Standard,2024-10-07,2025-01-21,False
327,Stephen Jones,1,Standard,2025-06-08,,True
328,Karen Jenkins,3,Standard,2023-05-24,,True
329,Beth Stewart,2,Standard,2023-06-07,,True
330,Joseph Anderson,5,Silver,2022-04-05,,True
331,Patricia Anderson,2,Standard,2024-11-23,2025-07-03,False
332,Sandra Holmes,1,Silver,2023-10-04,,True
333,Timothy Perez,4,Silver,2023-01-24,,True
334,Diane Miller,2,Standard,2025-04-23,,True
335,Mario Mendez,5,Standard,2022-09-08,2025-11-29,False
336,Leslie Carpenter,4,Silver,2022-04-30,,True
337,Gail Bradshaw,4,Standard,2022-08-07,2025-03-31,False
338,Angela Fry,1,Gold,2022-02-22,,True
339,Kenneth Montgomery,4,Gold,2024-09-10,2025-01-14,False
340,Kimberly May,5,Standard,2022-02-08,,True
341,Robert Sullivan,4,Gold,2023-01-21,,True
342,Brooke Perry,5,Standard,2023-08-02,,True
343,Charles Hensley,4,Silver,2023-08-16,,True
344,Haley Ross PhD,4,Silver,2023-02-12,,True
345,Bryan Cole,2,Gold,2023-10-20,2024-03-18,False
346,Sharon Barnes,4,Standard,2022-06-29,2024-02-06,False
347,Taylor Griffith,4,Silver,2025-05-13,2025-12-08,False
348,Zachary Owens,5,Standard,2022-08-31,,True
349,Brandon Long MD,3,Standard,2025-01-26,,True
350,Amber Campbell,4,Standard,2022-11-04,,True
351,Megan Mitchell,5,Gold,2024-02-02,,True
352,Cesar Baker,1,Gold,2022-01-11,,True
353,Andrew Williams,4,Silver,2023-04-12,,True
354,Dylan Hughes,3,Silver,2023-12-18,,True
355,Samantha Hanson,2,Silver,2023-07-29,,True
356,Brent Brooks,3,Standard,2024-02-19,,True
357,Holly Thomas,2,Silver,2025-06-13,,True
358,Andrew Reeves,2,Silver,2024-02-08,2024-11-11,False
359,Steven Taylor,1,Standard,2024-10-22,2025-06-04,False
360,James Jensen,4,Standard,2025-04-03,,True
361,Katrina Burns,3,Silver,2024-12-11,2025-07-27,False
362,Alan Rivera,1,Gold,2023-12-20,,True
363,Eric Roach,3,Silver,2022-05-20,,True
364,Linda Baker,2,Standard,2025-01-17,,True
365,Laura Perez,5,Gold,2024-04-16,,True
366,Mr. Nathan Hampton,3,Standard,2022-03-07,,True
367,Dana Armstrong,3,Silver,2023-05-01,,True
368,Jeremy Barnes,3,Gold,2024-06-12,,True
369,Jonathan Carr,4,Gold,2023-06-11,,True
370,Monica Thornton,3,Silver,2023-08-25,,True
371,Yolanda Mendoza,3,Silver,2023-10-24,,True
372,Julia Patel,4,Gold,2023-04-26,,True
373,Sharon Becker,2,Silver,2023-11-29,,True
374,Dr. Douglas Evans,2,Gold,2024-10-22,2025-02-13,False
375,Michele Vaughn,4,Gold,2025-04-16,2025-12-26,False
376,Justin Michael,5,Standard,2023-09-16,,True
377,Kenneth Daniels,4,Standard,2024-07-09,,True
378,Raymond Thomas,5,Standard,2025-02-16,2025-06-21,False
379,Angela Bradshaw,3,Silver,2022-02-23,,True
380,Cindy Clayton,3,Silver,2024-04-17,,True
381,Denise Rodriguez,3,Standard,2022-12-12,,True
382,Anthony Stein,2,Standard,2024-08-03,,True
383,Gary Kennedy,5,Gold,2022-10-15,2024-06-18,False
384,Vanessa Moore,5,Standard,2024-05-19,2024-08-08,False
385,Karen Santos,5,Standard,2024-04-13,,True
386,Dustin Brown,1,Silver,2024-08-22,,True
387,Crystal Rodgers,4,Gold,2024-09-07,,True
388,Thomas Butler,3,Silver,2024-12-21,,True
389,Amanda Huff,1,Standard,2024-12-04,,True
390,Paul Brennan,1,Standard,2024-10-02,,True
391,Edwin Morrison,4,Standard,2023-01-05,,True
392,Jesse Davidson,2,Gold,2025-03-30,,True
393,Jonathan Nelson,2,Standard,2023-11-01,2025-10-11,False
394,Nicholas Wong,3,Silver,2024-10-29,,True
395,George Phillips,5,Standard,2024-07-05,,True
396,Margaret Sullivan,2,Gold,2024-05-10,2024-09-02,False
397,James Davis,1,Silver,2023-06-30,,True
398,Adriana Reyes,5,Standard,2025-06-06,2025-09-13,False
399,Gary Aguilar,3,Standard,2023-07-25,,True
400,Ian Young,3,Standard,2024-01-01,,True
401,Christopher Parks,4,Gold,2024-05-02,,True
402,Patricia Vaughn,3,Standard,2025-03-23,,True
403,Holly Walker,3,Standard,2024-03-25,,True
404,Jesse Zhang,3,Standard,2025-05-06,,True
405,Susan Todd,3,Standard,2023-04-22,,True
406,Pamela Becker,1,Gold,2024-10-20,,True
407,Kelly Rice,4,Standard,2024-01-31,,True
408,Ashley Poole,2,Silver,2023-04-07,,True
409,Joshua Martin,5,Gold,2025-02-26,,True
410,Michael Love,1,Silver,2024-12-26,,True
411,Anthony Anderson,2,Gold,2023-09-16,2025-10-18,False
412,Kristin Chambers,5,Standard,2023-06-15,,True
413,David Smith,5,Standard,2023-01-29,,True
414,Michael Weaver,2,Silver,2022-10-06,2024-02-23,False
415,Victoria Kennedy,2,Standard,2022-03-18,,True
416,Chad May,2,Silver,2023-01-02,,True
417,Steven West,5,Standard,2024-07-19,2025-12-11,False
418,Bobby Brandt,2,Gold,2025-03-16,,True
419,Scott Wilson,5,Standard,2025-01-20,,True
420,William Davenport,2,Standard,2025-06-20,2025-09-04,False
421,Julie Ball,1,Standard,2024-08-22,,True
422,David Murray,3,Silver,2023-06-26,,True
423,Shaun Cannon,2,Silver,2022-07-17,,True
424,Lisa Mayer,1,Standard,2022-02-11,,True
425,Austin Wheeler,1,Standard,2025-02-08,,True
426,Shelby Sanchez,4,Standard,2023-07-24,,True
427,Joshua Webster,1,Standard,2022-02-26,,True
428,Wyatt Young,3,Standard,2024-09-17,,True
429,Laura Barton,1,Standard,2025-03-15,,True
430,Shawn Odom,2,Gold,2024-11-10,,True
431,Justin Vargas,1,Silver,2023-10-28,2024-10-28,False
432,Michael Peters,5,Standard,2024-07-27,,True
433,Mason James,1,Standard,2022-03-01,,True
434,Elijah White,4,Silver,2023-11-01,2025-05-23,False
435,Scott Thomas,4,Silver,2023-11-18,2024-06-24,False
436,Jason Butler,4,Silver,2023-08-14,,True
437,David Rivera,4,Standard,2023-11-08,,True
438,Jacob Nichols,1,Standard,2022-04-11,,True
439,Larry Williams,2,Standard,2024-11-24,2024-12-14,False
440,Laurie Powers,3,Silver,2022-04-03,,True
441,Terry Turner,5,Standard,2022-10-04,,True
442,Colton Figueroa,3,Standard,2025-03-05,,True
443,Suzanne Dominguez,5,Standard,2024-08-11,,True
444,David Morris,4,Standard,2024-06-17,,True
445,Matthew Parker,4,Standard,2022-12-28,,True
446,Julie Lang,1,Gold,2023-04-04,,True
447,Erica Harris,5,Silver,2024-07-10,,True
448,Natalie Smith,2,Standard,2023-02-04,2024-02-03,False
449,Michelle Phillips,2,Standard,2023-12-08,,True
450,Danielle Pierce,4,Standard,2022-09-08,2024-06-16,False
451,Phillip Burns,1,Standard,2025-04-18,,True
452,Julia Oconnor,3,Silver,2024-07-12,,True
453,Joshua White,3,Gold,2023-03-26,,True
454,Tina Warren DVM,4,Standard,2025-02-08,,True
455,Amber Smith,1,Standard,2022-04-05,,True
456,Andrea Hernandez,1,Silver,2022-06-25,,True
457,Antonio Little,3,Silver,2022-10-07,,True
458,Mary Smith,5,Standard,2025-04-06,,True
459,Alan Bowen,5,Silver,2023-11-11,,True
460,Jonathan Wolfe,1,Standard,2023-11-15,,True
461,Cassie Hull,4,Gold,2023-07-04,,True
462,Manuel King,1,Gold,2023-11-01,,True
463,Angela Chung,5,Standard,2023-03-29,,True
464,Michael Evans,1,Silver,2023-08-09,,True
465,William Santos,2,Standard,2024-11-22,,True
466,James Alvarez,4,Standard,2022-02-10,,True
467,Angela Bruce,1,Standard,2024-03-23,,True
468,Valerie Jacobson,5,Standard,2024-04-02,2024-10-30,False
469,Steven Schwartz,3,Silver,2025-03-18,,True
470,Thomas Cohen,4,Silver,2023-12-25,,True
471,Mary White,5,Silver,2022-12-24,,True
472,Daniel Thomas,5,Standard,2024-12-21,,True
473,Elizabeth Elliott,3,Standard,2024-11-13,2025-10-18,False
474,Kimberly Reyes,3,Silver,2023-12-25,2025-09-12,False
475,Melissa Miller,3,Gold,2024-08-01,,True
476,Brent Hall,3,Standard,2024-08-09,,True
477,Lisa Larson,2,Silver,2022-04-07,,True
478,Mark Bowers,4,Standard,2025-05-21,,True
479,Juan Bennett,1,Standard,2023-07-29,,True
480,Jamie Barton,5,Standard,2022-08-26,,True
481,Benjamin Adams,4,Standard,2023-01-12,,True
482,James Ward,2,Standard,2023-04-30,2025-07-26,False
483,Jill Juarez,3,Silver,2022-04-27,,True
484,Jeffrey Hawkins,5,Silver,2022-05-11,,True
485,Brandon Spencer,1,Standard,2023-10-16,,True
486,Sharon Smith,5,Standard,2024-02-01,,True
487,Misty Hansen,1,Standard,2023-06-13,,True
488,Melissa Jackson,4,Standard,2025-06-20,2025-08-06,False
489,Charles Jackson,4,Standard,2022-12-10,,True
490,Richard Ward,2,Silver,2022-12-19,,True
491,Kathleen Jensen,1,Standard,2025-04-19,,True
492,Adam Foster,1,Standard,2023-08-08,,True
493,Scott Alexander,5,Standard,2024-12-09,,True
494,Marilyn Wheeler,3,Standard,2023-07-04,,True
495,Melissa Mendoza,4,Gold,2023-01-19,,True
496,Nicholas Chen,1,Standard,2022-08-15,2024-10-17,False
497,Erika Ramirez,3,Gold,2025-05-19,,True
498,Christina Osborn,2,Silver,2024-09-29,2025-03-15,False
499,Alyssa Acosta,3,Standard,2022-08-18,,True
500,Robert Guerra,1,Standard,2025-04-18,,True
501,Megan Taylor,4,Standard,2022-03-30,2025-09-10,False
502,Christian Henderson,4,Standard,2023-01-22,,True
503,Kyle Aguilar,2,Standard,2023-04-27,,True
504,Sheila Barnes,3,Standard,2023-11-13,,True
505,Meredith Burnett,1,Standard,2022-02-16,,True
506,Ashley Wright,4,Gold,2024-01-28,,True
507,Lonnie Hart,3,Silver,2024-04-28,,True
508,Tracy Rivera,5,Standard,2024-04-03,,True
509,Brett Walker,4,Standard,2024-10-12,,True
510,Connie Brooks,4,Standard,2024-08-10,2025-05-20,False
511,Melissa Hernandez,3,Standard,2023-08-14,,True
512,Mr. Thomas Miller,5,Standard,2025-06-27,,True
513,Hannah Cooper,3,Standard,2024-11-26,,True
514,Hannah Davis,1,Standard,2024-09-27,,True
515,Austin Williams,5,Standard,2024-07-10,,True
516,Greg Rodriguez,1,Standard,2024-06-25,,True
517,Kelli Arnold,3,Silver,2024-10-17,2025-11-30,False
518,Joel Salinas,2,Standard,2023-02-27,,True
519,Jennifer Mclaughlin,2,Standard,2024-03-14,2024-07-14,False
520,Aaron Lewis,1,Standard,2025-01-31,2025-06-30,False
521,Rebecca Ray,2,Gold,2022-12-22,,True
522,Holly Gonzalez,3,Standard,2024-10-17,,True
523,Katherine Church,2,Standard,2022-05-26,,True
524,James Wilson,2,Standard,2023-02-04,,True
525,Christopher Nunez,2,Silver,2023-03-26,,True
526,Leslie Powers,1,Standard,2024-10-18,,True
527,James Thomas,4,Standard,2023-02-04,2024-06-23,False
528,Laura Henderson,5,Silver,2023-05-11,,True
529,Tamara Arias,4,Silver,2023-09-13,,True
530,Dylan Lopez,5,Silver,2022-08-10,,True
531,Sharon Crane,5,Standard,2024-12-10,,True
532,James Hoffman,3,Standard,2023-09-11,,True
533,Michael Wallace Jr.,1,Standard,2024-04-13,2024-12-25,False
534,Connie Johnson,3,Silver,2023-12-23,,True
535,Richard Cunningham,5,Standard,2022-10-14,,True
536,Laura Adams,5,Standard,2024-09-12,2025-05-05,False
537,Kimberly Sherman PhD,4,Standard,2023-11-25,,True
538,Jeffery Fitzgerald,1,Standard,2023-07-18,,True
539,Shaun Johnson,3,Standard,2024-04-14,,True
540,Angie Grimes,1,Silver,2022-12-02,,True
541,Christine Rojas,5,Standard,2022-05-30,,True
542,Lisa Patterson,5,Silver,2024-05-29,,True
543,Robin Trujillo,1,Standard,2024-02-26,,True
544,Linda Jackson,5,Silver,2023-12-29,,True
545,Kenneth Farley,3,Silver,2025-06-03,,True
546,Robin Taylor,5,Standard,2023-10-19,,True
547,Anthony Ramirez,1,Standard,2024-08-15,,True
548,Brandi Thomas,3,Gold,2024-04-16,,True
549,Ryan Long,1,Standard,2023-02-15,,True
550,Lori Brooks,2,Standard,2022-07-01,,True
551,Patricia Powell,4,Gold,2022-04-07,,True
552,Sherry Gibson,5,Standard,2024-08-14,,True
553,Sheila Boone,2,Standard,2023-09-15,,True
554,Madison Terry,3,Standard,2022-04-29,,True
555,Jennifer Donaldson,3,Silver,2024-12-20,,True
556,Frank Campbell MD,1,Silver,2024-11-18,,True
557,Stephanie Farmer,3,Standard,2022-06-16,2025-09-14,False
558,Sara Smith,1,Silver,2022-02-28,,True
559,Jesus Braun,4,Standard,2025-03-31,,True
560,Sonia Turner,5,Gold,2023-06-30,2025-12-27,False
561,Anna Ward,3,Standard,2025-01-20,,True
562,Amber Garrett,2,Gold,2022-04-16,2025-04-30,False
563,Jessica Davis,3,Gold,2024-07-15,,True
564,Blake Wheeler,4,Standard,2022-05-02,,True
565,Greg Martinez,1,Standard,2023-10-25,2024-11-20,False
566,Karen Perez,4,Silver,2025-01-02,,True
567,Ashley Richardson,3,Silver,2022-04-24,,True
568,Robert Baxter,5,Standard,2023-01-17,,True
569,Justin Bishop,4,Standard,2024-03-29,2025-06-06,False
570,Daniel Goodman,1,Standard,2022-07-29,,True
571,Jessica Robinson,2,Gold,2025-03-19,,True
572,Bryce Blair,3,Gold,2025-02-18,,True
573,Richard Wright,4,Standard,2023-03-25,,True
574,Michelle Mitchell,2,Standard,2024-04-02,2024-09-07,False
575,Ryan Liu,3,Silver,2025-04-16,,True
576,Chelsea Myers,1,Standard,2022-09-20,,True
577,Rebecca Allen,5,Silver,2024-04-04,,True
578,Andrea Oneal,5,Standard,2023-05-08,2024-06-24,False
579,Eugene Hughes,3,Gold,2022-01-16,,True
580,Joshua Thompson,5,Standard,2024-12-06,,True
581,Mrs. Laurie Smith,4,Standard,2023-08-25,,True
582,Tiffany Sanders,2,Silver,2022-10-03,,True
583,Pamela Henderson,5,Silver,2023-01-01,,True
584,Kimberly Hernandez,2,Silver,2023-05-29,,True
585,Valerie Moore,1,Standard,2022-04-17,2024-02-27,False
586,Pamela Santos,2,Gold,2023-02-21,,True
587,Jeffrey Ashley,5,Standard,2024-03-31,,True
588,Audrey Salazar,4,Standard,2022-11-01,2024-06-27,False
589,Mary Thompson,2,Standard,2022-03-12,,True
590,Adam Crawford,4,Gold,2022-01-17,,True
591,Deanna Watson,2,Standard,2023-03-19,2025-01-12,False
592,Morgan Wilson,5,Gold,2024-08-14,,True
593,Jeffrey Warren,4,Silver,2025-02-22,,True
594,Lori Crawford,4,Standard,2022-12-02,,True
595,Carol Moore,4,Gold,2023-10-14,2024-02-10,False
596,Megan Wilson,2,Silver,2024-09-13,,True
597,Scott Smith,2,Gold,2024-08-03,,True
598,Thomas White,1,Silver,2022-02-28,,True
599,Robert Klein,3,Silver,2025-05-10,,True
600,Thomas Flores,1,Silver,2024-04-16,2024-09-03,False
601,Barbara Nunez,5,Gold,2024-11-19,,True
602,Amber Morales,3,Standard,2022-03-09,2024-06-11,False
603,Emily Miller,2,Standard,2025-01-24,2025-11-15,False
604,Eddie Mueller,5,Standard,2023-08-06,,True
605,Jacob Bonilla,4,Standard,2024-08-01,,True
606,Morgan Payne,2,Silver,2025-06-27,,True
607,Timothy Johnson,3,Gold,2024-10-12,,True
608,Melissa Smith,4,Standard,2023-11-23,,True
609,Jamie Rojas,5,Standard,2023-03-04,,True
610,William Barnes,4,Gold,2023-01-28,,True
611,Brenda Ramirez,3,Standard,2025-05-11,,True
612,Ryan Gutierrez,3,Gold,2022-02-26,,True
613,Paul Carpenter,3,Silver,2025-02-16,,True
614,Jennifer Vargas,2,Standard,2023-10-07,,True
615,Bianca Carter,4,Silver,2022-03-21,,True
616,Ronnie Nguyen,2,Silver,2024-12-21,2025-12-03,False
617,Brandy Carrillo,4,Standard,2023-08-01,2024-06-19,False
618,Jerry Edwards,1,Gold,2022-05-20,,True
619,Randy Hayes,1,Standard,2022-06-04,,True
620,Robert Torres,2,Standard,2023-08-15,2025-09-14,False
621,Cindy Gates,5,Standard,2024-06-18,,True
622,Jennifer Williams,1,Silver,2022-07-09,2025-06-03,False
623,Carrie Crane,2,Standard,2023-01-17,,True
624,Krista Davis,1,Standard,2024-12-26,,True
625,Barbara Brown,5,Standard,2022-05-11,,True
626,Craig Morales,1,Silver,2024-09-23,,True
627,Angela Willis,4,Silver,2024-05-25,,True
628,Zachary Gonzalez,1,Silver,2025-03-16,,True
629,Anna Boone,5,Standard,2024-04-04,,True
630,Tom Williams,2,Standard,2024-10-29,,True
631,Nathaniel Crawford,1,Silver,2025-03-25,,True
632,Terry Hill,2,Silver,2023-05-04,2024-11-07,False
633,Lisa Holland,2,Silver,2023-07-24,2024-04-18,False
634,Brandon Reyes,1,Standard,2023-09-29,2025-10-06,False
635,Rebecca Wright,3,Standard,2023-06-19,,True
636,Alicia Reyes,5,Standard,2025-06-22,,True
637,Richard Cooper,5,Silver,2024-06-29,,True
638,Devin Johnson,4,Gold,2023-12-23,,True
639,Robert Campbell,1,Silver,2024-02-01,,True
640,Kevin Hall,3,Standard,2024-10-28,2025-05-18,False
641,David Ferguson,1,Standard,2022-07-23,,True
642,Pamela Gould,1,Standard,2024-10-06,,True
643,Mrs. Taylor Frey,1,Silver,2024-01-05,,True
644,Evan Rojas,3,Standard,2022-08-10,,True
645,Michele Bell,3,Standard,2023-04-03,,True
646,Travis Copeland,2,Silver,2023-12-26,,True
647,Casey Johnson,4,Gold,2024-10-31,2025-12-18,False
648,John Rivera,4,Silver,2022-03-13,2025-03-15,False
649,Gina Thompson,2,Standard,2024-02-23,,True
650,Amy Hernandez,4,Standard,2024-10-20,,True
651,Brian Fox,2,Standard,2024-06-18,,True
652,Michael Bates,2,Gold,2023-04-11,,True
653,William Oconnor,3,Gold,2024-01-18,2024-09-13,False
654,Mr. Michael Hoffman,5,Standard,2023-07-12,2025-04-11,False
655,Heather Wade,5,Standard,2025-02-09,,True
656,Nicholas Phillips,1,Silver,2024-11-05,,True
657,Laura Rosales,2,Standard,2022-08-15,2024-01-02,False
658,Catherine Flores,1,Gold,2024-09-10,,True
659,Ashley Crawford,3,Standard,2024-10-29,2025-07-17,False
660,Gregory Flores,3,Standard,2023-02-27,,True
661,Samantha Santiago,4,Silver,2024-03-22,,True
662,Adam Clark,4,Standard,2024-07-19,,True
663,Richard Le,2,Standard,2024-06-03,,True
664,Jason Jackson,4,Standard,2022-03-03,,True
665,James Poole,5,Standard,2023-06-13,2025-10-05,False
666,Courtney Hayes,1,Silver,2024-10-03,2025-06-22,False
667,Alejandro Green,1,Standard,2024-10-16,,True
668,Stephen Martin,2,Standard,2022-05-14,,True
669,Vanessa Morgan,3,Standard,2022-04-06,,True
670,Michele Reynolds,3,Silver,2025-06-11,,True
671,Jessica Brown,3,Standard,2024-04-14,,True
672,Jennifer Spencer,4,Standard,2023-02-27,,True
673,Mary Evans,4,Standard,2025-03-27,,True
674,Katherine Brown,1,Silver,2022-05-03,2024-10-13,False
675,Rodney Weber,3,Silver,2022-01-05,,True
676,Mark Rowland,4,Standard,2023-09-05,2024-03-11,False
677,Richard Ruiz,1,Standard,2023-08-28,,True
678,Martin Hughes,4,Standard,2025-02-15,,True
679,Andrew Gonzales,2,Gold,2023-04-19,2024-10-05,False
680,Kristy Hernandez,2,Silver,2022-12-03,,True
681,Michael Morton,4,Standard,2024-06-07,,True
682,Crystal Brown,1,Standard,2023-06-13,,True
683,Tracie Mcdaniel,3,Standard,2023-05-09,,True
684,Edwin Foster,5,Standard,2025-04-09,2025-09-08,False
685,Kenneth Black,2,Silver,2024-12-25,,True
686,Mrs. Tiffany Cole,3,Standard,2023-12-31,,True
687,Corey Williams,1,Silver,2025-04-26,2025-06-06,False
688,Christina Carson,5,Standard,2022-04-10,,True
689,Nicholas Aguirre,3,Silver,2022-07-08,2025-03-10,False
690,Shannon Stone,2,Gold,2022-04-22,2025-02-10,False
691,Michael Matthews,1,Silver,2025-03-16,,True
692,Keith Aguilar,4,Standard,2024-09-24,2024-11-15,False
693,Brian Chan,5,Standard,2025-05-16,,True
694,Sheryl Humphrey,3,Silver,2024-09-29,,True
695,Laura Kennedy,2,Gold,2022-12-04,,True
696,Luke Becker,3,Silver,2022-08-08,,True
697,Melissa Williams,4,Standard,2023-05-28,2024-10-15,False
698,George Leon,2,Gold,2023-08-30,2024-07-15,False
699,Shannon Cohen,4,Standard,2023-02-01,,True
700,Eric Manning,4,Gold,2025-05-25,,True
701,Lisa Davis,3,Silver,2024-09-14,2025-02-12,False
702,Jennifer Washington,1,Standard,2023-07-18,,True
703,Rick Jones,3,Gold,2023-10-22,2024-09-29,False
704,Richard Warren,2,Silver,2024-06-24,,True
705,Shaun Gonzalez,2,Silver,2023-12-27,,True
706,Anthony Ward,5,Standard,2022-03-15,,True
707,John Sanders,2,Silver,2022-09-12,,True
708,Dana Burns,2,Silver,2025-03-23,,True
709,Karen Arnold,1,Standard,2023-07-24,,True
710,Deanna Rivas,5,Standard,2023-03-16,,True
711,Scott Chan,5,Standard,2022-04-26,2024-01-21,False
712,Danny Clark,1,Standard,2022-10-01,,True
713,Sharon Coffey,4,Gold,2024-04-11,,True
714,Carlos Thompson,4,Standard,2024-05-20,,True
715,Lee Hahn,4,Silver,2024-10-18,,True
716,Desiree Woodard,1,Standard,2024-06-28,,True
717,Daniel Turner,3,Silver,2024-12-22,,True
718,Lauren Smith,4,Standard,2023-10-27,,True
719,Kristina Wheeler,5,Standard,2025-06-29,2025-12-24,False
720,Mr. Donald Nguyen,5,Silver,2022-12-27,2025-05-14,False
721,Tiffany Curtis,2,Silver,2022-12-20,,True
722,Anthony Mathews,2,Standard,2022-08-29,2025-01-12,False
723,Francisco Taylor,1,Silver,2024-10-30,,True
724,Edward Meadows MD,5,Standard,2022-02-02,,True
725,Wendy Cabrera,2,Standard,2024-07-29,,True
726,Melissa Little,2,Standard,2023-03-14,,True
727,Heather Evans,5,Gold,2023-08-31,,True
728,Kristin Carter,1,Standard,2022-08-05,,True
729,Molly Hansen,5,Standard,2023-08-24,,True
730,Stephanie Pena,3,Silver,2025-03-10,,True
731,Seth Fisher,1,Standard,2022-10-11,,True
732,Kevin Ford,2,Silver,2025-02-05,,True
733,Mark Carpenter,5,Standard,2022-05-31,,True
734,Cory Wilson,5,Silver,2024-03-02,,True
735,Jennifer Pitts,5,Standard,2024-05-18,,True
736,Grace Benitez DVM,5,Standard,2022-07-12,,True
737,Catherine Miller,1,Standard,2025-06-12,2025-07-10,False
738,Mrs. Amy Hayes,5,Standard,2023-03-01,,True
739,Brooke Glover,2,Silver,2022-09-25,2025-07-18,False
740,Jeffrey Patterson,4,Silver,2024-09-21,2024-11-20,False
741,Joseph Cross,1,Standard,2023-09-02,,True
742,Nicole Schmidt,5,Standard,2025-04-27,,True
743,Nicholas Perez,3,Standard,2022-01-23,,True
744,Brian Gordon,4,Standard,2025-01-24,,True
745,Angel Fry,1,Silver,2023-01-26,,True
746,Kelly Hamilton,2,Standard,2023-08-05,,True
747,Zachary Henry,4,Standard,2024-05-26,,True
748,Terry Burnett,3,Silver,2024-08-15,,True
749,William Clark,3,Gold,2022-01-25,,True
750,Michael Conner,3,Silver,2022-01-28,2025-01-03,False
751,Patricia Dean,3,Gold,2023-04-24,,True
752,Brian Huff,2,Silver,2024-01-28,,True
753,Jeremy Martinez,5,Silver,2022-03-03,,True
754,Christine Jennings,3,Standard,2022-11-19,,True
755,Brian Meyer,1,Standard,2022-01-12,,True
756,Jennifer Roach,2,Standard,2024-03-05,,True
757,Diane Glover,1,Standard,2023-10-15,,True
758,Paula Decker,4,Gold,2023-09-28,,True
759,Jason Martin,4,Standard,2025-05-26,,True
760,Melissa Castillo,2,Silver,2023-12-01,,True
761,Brandon Rodriguez,5,Silver,2022-10-27,,True
762,Penny Jones,2,Silver,2024-01-03,2024-12-27,False
763,Maria Bryant,4,Gold,2024-07-12,,True
764,Anthony Li,4,Standard,2025-06-01,,True
765,Heather Rhodes,3,Standard,2025-01-20,,True
766,Stefanie Smith,1,Gold,2023-06-28,2024-03-25,False
767,Erin Kline,5,Standard,2022-06-26,,True
768,Nicholas Watson,2,Standard,2025-05-03,,True
769,Jesus Houston,3,Standard,2023-03-14,2024-03-24,False
770,Javier Mercado,3,Standard,2024-05-30,,True
771,Nicholas Jarvis,4,Standard,2022-08-01,,True
772,Thomas Webb,1,Silver,2024-12-13,,True
773,Logan Maxwell,4,Standard,2023-12-27,,True
774,Sheryl Acosta,3,Silver,2024-02-20,,True
775,Mr. Stephen Alexander,4,Standard,2025-02-11,,True
776,Alexandria Oneill,4,Standard,2022-03-22,,True
777,Misty Walker,5,Standard,2023-11-01,,True
778,Kelly Watts,5,Standard,2025-05-04,,True
779,Nicholas Olson,4,Standard,2024-02-28,,True
780,Brittany Serrano,5,Standard,2024-04-26,,True
781,Alexandra Michael,5,Silver,2025-02-12,,True
782,Jon Martin,1,Standard,2023-10-08,,True
783,Gary Ramirez,1,Standard,2024-08-16,,True
784,Jamie Montoya,3,Silver,2023-10-09,,True
785,Kenneth Miller,3,Silver,2022-04-11,,True
786,William Mcgee,2,Silver,2023-09-29,,True
787,Andrew Dunn,4,Standard,2022-01-23,,True
788,Marcia Wu,1,Standard,2024-11-19,2025-10-07,False
789,Joy Peterson,3,Silver,2023-12-19,,True
790,Sarah Rivera,5,Standard,2024-11-19,,True
791,Michelle Cox,5,Gold,2024-09-06,,True
792,April Kelly,2,Standard,2023-08-01,2024-03-12,False
793,Jacqueline Rodriguez,5,Standard,2024-03-19,2025-08-22,False
794,Rodney Newton MD,4,Gold,2025-02-18,,True
795,Bryan Phelps,3,Silver,2022-11-21,,True
796,Cheryl Morgan,5,Silver,2022-10-03,,True
797,Mark Powers,5,Standard,2024-08-24,,True
798,Judith Lawrence,5,Standard,2022-06-07,,True
799,April Fitzgerald,1,Standard,2023-10-06,,True
800,Kevin Glass,1,Gold,2023-12-07,,True
801,Carrie Ochoa,5,Standard,2024-09-23,2025-11-19,False
802,Lisa Morris,1,Silver,2022-05-13,,True
803,Melissa Wright,3,Gold,2025-01-29,2025-06-18,False
804,Edward Ballard,5,Silver,2023-05-23,,True
805,Stacey Hunt,1,Silver,2022-06-26,,True
806,Emily Doyle,2,Standard,2024-12-11,,True
807,Daniel Klein,5,Silver,2023-12-08,,True
808,Brandi Page,4,Standard,2024-05-26,,True
809,Joshua Walsh,2,Standard,2025-05-29,,True
810,Kristina Aguilar,1,Standard,2024-06-25,,True
811,Stephanie Ferguson,4,Standard,2025-04-17,2025-10-17,False
812,Brian James,2,Standard,2025-01-24,2025-06-17,False
813,Richard Terrell,2,Standard,2022-03-09,2024-02-11,False
814,Richard Harris,5,Gold,2024-05-22,2024-08-16,False
815,Jesse Jensen,1,Silver,2023-11-22,,True
816,Courtney Holland,5,Standard,2024-05-11,,True
817,Melissa Schwartz,3,Gold,2023-05-12,2025-01-07,False
818,Richard Jennings,4,Standard,2022-03-01,2024-10-05,False
819,Patrick Harris,3,Gold,2025-05-17,,True
820,Jessica Perez,4,Gold,2025-01-13,,True
821,Holly Chapman,3,Standard,2024-03-19,,True
822,Nathaniel Lee,3,Silver,2024-07-31,,True
823,Victor Moss,2,Gold,2023-07-27,2025-12-18,False
824,Dennis Martin,3,Silver,2022-06-02,2024-01-30,False
825,John Pineda,2,Gold,2024-12-15,,True
826,Linda Ayala,3,Silver,2022-02-20,,True
827,Richard Pierce,2,Silver,2024-03-08,2025-09-18,False
828,Kelly Krueger,4,Standard,2022-04-03,,True
829,Caitlin Daniels,3,Silver,2023-10-27,,True
830,Stephen Alvarado,3,Standard,2023-05-30,,True
831,Travis Montgomery,5,Silver,2023-02-27,,True
832,Nicole Banks,4,Gold,2023-08-29,,True
833,David May,4,Silver,2022-05-27,,True
834,Andrew Blackwell,2,Standard,2025-03-18,,True
835,David Ramsey,3,Gold,2023-05-02,2025-08-04,False
836,Kayla Hicks,1,Standard,2022-02-01,2025-01-12,False
837,Matthew Flores,4,Silver,2023-09-14,,True
838,Wesley Ayala,4,Standard,2022-04-16,,True
839,Mark Lewis,5,Standard,2023-11-12,2025-04-02,False
840,Christine Poole,5,Silver,2024-05-24,,True
841,Jessica Montoya,2,Standard,2025-01-26,,True
842,Mitchell Johnson,5,Standard,2022-04-03,2025-05-15,False
843,David Jones,1,Silver,2022-04-04,,True
844,Jennifer Hayes,5,Standard,2024-11-14,,True
845,James Wilson,2,Standard,2023-06-01,,True
846,Patrick Williams,4,Standard,2022-01-08,2025-06-09,False
847,Jonathan Roberts,4,Standard,2024-12-18,,True
848,Diane Mcintosh,2,Standard,2024-05-25,,True
849,Amanda Moore,5,Gold,2023-05-02,,True
850,Rebecca Atkinson,2,Standard,2022-10-08,,True
851,Elizabeth Eaton,4,Standard,2023-01-12,,True
852,Maria Bernard,2,Silver,2025-05-16,,True
853,Brenda Williams,3,Standard,2022-01-15,,True
854,Joshua Miller,1,Gold,2024-01-01,,True
855,Christine Whitehead,1,Silver,2022-09-26,2025-06-25,False
856,Clinton Jensen,2,Standard,2024-12-22,,True
857,Michael Bradley,1,Gold,2022-11-19,,True
858,Wanda Dunn,2,Standard,2022-03-11,,True
859,Danielle Gonzalez,2,Gold,2024-04-02,2024-05-18,False
860,Heather Lambert,1,Gold,2024-01-11,,True
861,Benjamin Lee,4,Silver,2022-10-27,,True
862,Matthew Steele,2,Gold,2023-09-12,,True
863,Tina Jackson,3,Gold,2022-07-14,2025-02-17,False
864,Michelle Davidson,1,Standard,2023-02-04,,True
865,Michael Rivera,5,Standard,2022-12-20,,True
866,Katelyn Rodriguez,3,Standard,2023-09-05,2024-11-21,False
867,Douglas Serrano,5,Standard,2024-04-03,,True
868,Nicholas Sims,2,Gold,2025-02-11,,True
869,Sarah Welch,4,Standard,2024-07-17,,True
870,Patricia Lewis,1,Standard,2024-11-02,,True
871,Steven Fernandez,4,Silver,2022-02-16,,True
872,James Vance,2,Standard,2024-04-14,,True
873,Brandi Mason,3,Silver,2024-01-23,,True
874,Adam Allen,5,Silver,2022-04-26,,True
875,Miss Nicole Taylor,2,Standard,2025-05-15,,True
876,Krystal Brennan,4,Silver,2022-07-23,,True
877,Teresa Williams,5,Standard,2022-07-06,,True
878,Dennis Young,4,Silver,2024-08-29,,True
879,Rebecca Hughes,2,Gold,2024-05-03,,True
880,Amanda Wong,4,Standard,2025-03-17,,True
881,Madeline Hill,2,Standard,2022-05-12,,True
882,Jamie Gray,4,Standard,2024-08-04,2025-05-28,False
883,Angela King,3,Gold,2024-01-20,,True
884,Robert Reed,3,Silver,2025-05-26,2025-07-13,False
885,Adriana Macias,5,Standard,2024-10-08,,True
886,Jose Campbell,3,Silver,2023-07-16,,True
887,Lance Montoya,1,Silver,2022-07-11,,True
888,Gary Wilson,4,Standard,2024-04-23,,True
889,Kevin Holland,4,Silver,2024-05-11,,True
890,Carl Vargas,3,Silver,2023-06-09,,True
891,Stephanie Thomas,3,Standard,2022-06-21,,True
892,Kellie Sullivan,2,Standard,2022-08-01,,True
893,Monica Nicholson,2,Standard,2025-05-21,2025-10-10,False
894,Kaitlin Olson,4,Silver,2025-04-23,2025-06-16,False
895,Charles Aguilar,5,Standard,2022-10-07,,True
896,Kayla Jackson,5,Gold,2024-09-06,,True
897,Linda Jones,5,Silver,2024-05-24,,True
898,Alan Mills,2,Silver,2023-04-28,,True
899,Samantha Jacobs,5,Gold,2025-03-06,,True
900,Linda Rich,1,Standard,2022-08-15,,True
901,Anna Hopkins,5,Silver,2023-11-10,,True
902,April Pace,1,Gold,2025-02-24,,True
903,Shaun Wolfe,1,Standard,2024-05-15,2025-01-26,False
904,Karen Mack,5,Gold,2023-07-02,,True
905,Susan Hood,2,Silver,2023-03-24,,True
906,David Cannon,2,Standard,2024-01-06,,True
907,Kyle Stephens,5,Standard,2025-03-07,,True
908,Patrick Smith,2,Silver,2022-11-25,,True
909,Jaime Harris,4,Standard,2023-10-29,,True
910,Brian Simmons,5,Standard,2024-10-23,,True
911,Joshua Cunningham,1,Standard,2024-01-17,,True
912,Jennifer Harris DDS,5,Standard,2024-02-20,,True
913,Justin Webb,5,Standard,2023-12-13,,True
914,Jennifer Taylor,4,Silver,2025-06-15,2025-10-07,False
915,David Logan,3,Silver,2025-01-07,,True
916,Rachel Owen,4,Standard,2025-04-26,2025-05-20,False
917,Amy Price,1,Silver,2024-02-23,,True
918,Samantha Ruiz,5,Standard,2024-03-22,,True
919,Dennis Wood,4,Standard,2024-02-05,,True
920,Tara Morales,1,Standard,2024-02-17,,True
921,Amy Ayala,1,Gold,2024-04-17,2024-10-12,False
922,Adam Jefferson DVM,1,Gold,2022-08-12,,True
923,Richard Dixon,4,Standard,2023-10-24,,True
924,Heather Pena,4,Standard,2024-06-10,2025-05-26,False
925,Donald Ross,2,Silver,2025-05-29,,True
926,Curtis Smith,4,Standard,2024-05-04,,True
927,Krista Barber,4,Standard,2024-06-16,,True
928,Hannah Ochoa,4,Standard,2023-12-15,,True
929,Jordan Powell,5,Standard,2022-10-16,,True
930,Jonathan Hansen,3,Standard,2022-01-06,,True
931,Bruce Palmer,5,Standard,2023-10-05,,True
932,Rebecca Wright,2,Silver,2022-11-25,,True
933,John Sanchez,2,Silver,2023-07-19,,True
934,Melanie Mosley,1,Gold,2023-03-10,,True
935,Mr. James Kramer,4,Silver,2025-01-04,,True
936,Jennifer Gomez,5,Standard,2022-10-09,2025-05-26,False
937,Deborah Mitchell,4,Silver,2023-11-15,,True
938,Gloria Spencer,2,Standard,2023-05-25,,True
939,Kenneth White,2,Standard,2022-08-16,2024-08-17,False
940,Cheryl Mclaughlin,1,Standard,2024-08-10,,True
941,Derek Perez,4,Silver,2022-10-27,,True
942,Richard Wilson,1,Standard,2024-12-01,2025-10-27,False
943,Katherine Smith,1,Standard,2022-04-11,,True
944,Sarah Watson,1,Standard,2024-12-29,,True
945,Sierra Andrews,1,Standard,2023-02-07,,True
946,Phillip Dixon,1,Standard,2022-12-17,,True
947,Bethany Fox,2,Standard,2023-05-23,,True
948,Amanda Reed,1,Standard,2023-06-24,,True
949,Bryan Holmes,3,Standard,2025-01-02,2025-10-10,False
950,Michael Gray,5,Standard,2023-02-07,,True
951,Scott Lopez,5,Silver,2022-05-09,,True
952,Tyler Cooper,3,Standard,2022-12-02,,True
953,Jason Goodwin,2,Gold,2022-08-23,,True
954,Jerry Duncan,5,Standard,2023-04-11,,True
955,Robin Le,3,Standard,2025-06-03,,True
956,Selena Gonzalez,5,Gold,2024-10-23,,True
957,Kara Smith,2,Silver,2024-10-17,,True
958,Steven Mccoy,4,Silver,2023-06-22,,True
959,John King,1,Gold,2023-11-13,,True
960,Brett Martin,4,Silver,2024-12-31,,True
961,Ryan Davis,3,Silver,2022-10-02,,True
962,Isaac Grant,4,Standard,2024-08-08,,True
963,Jason Bell,4,Standard,2024-10-30,,True
964,Laura Santos,5,Standard,2024-05-17,,True
965,Dominique Nguyen,2,Standard,2023-11-19,,True
966,Jillian Miller,2,Silver,2023-10-14,,True
967,Tyler Oneill,1,Silver,2024-02-23,,True
968,Logan Sullivan,4,Silver,2024-03-28,2025-11-15,False
969,Greg Edwards,2,Standard,2025-03-03,,True
970,Lisa Foster,3,Standard,2024-04-13,,True
971,Teresa Adkins,1,Gold,2025-02-06,,True
972,Scott Martinez,3,Standard,2023-10-27,2024-11-24,False
973,Patrick Brady,2,Standard,2022-10-27,,True
974,Brendan Zuniga,4,Silver,2022-09-26,,True
975,Randy Warren,5,Standard,2023-08-27,,True
976,Angela Huynh,1,Standard,2025-06-24,2025-07-13,False
977,Jessica Martinez,5,Silver,2023-05-13,2024-06-16,False
978,Andrew Kelly,5,Standard,2023-11-04,,True
979,Julie Pitts,2,Gold,2025-03-13,,True
980,Brandy Fry,3,Standard,2025-04-07,,True
981,Joyce Curry,1,Standard,2023-11-20,,True
982,Mark Ferguson,2,Gold,2025-01-24,,True
983,Mr. Brandon Parker,1,Silver,2025-03-05,,True
984,Adam Mills,4,Gold,2023-06-10,,True
985,Dustin Nichols,5,Silver,2024-08-25,,True
986,Elizabeth Cannon,4,Gold,2024-05-27,2025-03-09,False
987,Rebecca Kelley,5,Standard,2024-10-15,,True
988,Jessica Wright,3,Standard,2022-08-29,,True
989,Sandra Walker,5,Silver,2024-07-01,,True
990,Kellie Marsh,3,Standard,2022-04-12,,True
991,Denise Wong,5,Gold,2024-02-22,,True
992,Cole Jones,4,Standard,2023-11-10,,True
993,Jesse Graves,4,Silver,2022-06-24,2024-03-21,False
994,Wayne Johnson,3,Gold,2023-09-20,2024-08-22,False
995,Calvin Gonzales,3,Standard,2025-05-25,,True
996,Adrian Robinson,1,Silver,2022-01-11,,True
997,Kathleen Watson,2,Silver,2023-06-21,,True
998,Paul Thomas,1,Standard,2024-06-08,2024-06-26,False
999,Catherine Huang,5,Silver,2022-12-07,2024-10-13,False
1000,Adam Villegas,4,Standard,2022-11-16,,True
1001,Danielle Vang,2,Standard,2024-06-30,2025-01-27,False
1002,Anna Wade,4,Silver,2022-09-12,,True
1003,Taylor Moore,2,Standard,2022-09-23,2024-10-11,False
1004,Krista Martinez,3,Standard,2024-07-18,,True
1005,Anthony Estrada,4,Gold,2023-09-07,2024-08-06,False
1006,Jeffrey Smith,4,Standard,2025-05-26,,True
1007,David Novak,3,Standard,2024-10-10,2025-06-28,False
1008,Melissa Moore,5,Standard,2024-01-12,,True
1009,Jonathan Parks,5,Gold,2024-09-10,,True
1010,Olivia Brown,1,Standard,2023-03-08,,True
1011,Joshua Rodriguez,1,Gold,2023-03-30,,True
1012,Justin Newman,1,Silver,2023-09-15,,True
1013,Morgan Smith,4,Standard,2023-03-20,,True
1014,Danielle Williams,2,Standard,2023-04-28,,True
1015,Kimberly Henry,2,Standard,2024-06-20,,True
1016,Erica Mcdonald,5,Standard,2023-12-25,,True
1017,Shannon Martin,1,Silver,2025-01-12,,True
1018,Robert Weaver,5,Gold,2023-11-09,,True
1019,Katie Gross,4,Standard,2023-08-03,,True
1020,Helen Oliver,5,Silver,2025-01-31,,True
1021,Walter Fuentes,1,Standard,2023-02-14,,True
1022,Brittany Campbell,3,Standard,2022-08-31,2025-05-13,False
1023,Brent Hopkins,3,Standard,2023-06-07,,True
1024,Cassandra Johnson,4,Silver,2022-02-25,,True
1025,Martin Price,2,Standard,2022-05-17,2024-05-19,False
1026,Leslie Williams,1,Standard,2023-09-18,,True
1027,Thomas Rios,2,Standard,2022-10-09,2025-06-08,False
1028,Julie Fowler,5,Standard,2025-03-30,,True
1029,Samantha Bauer,3,Standard,2023-04-06,2025-06-26,False
1030,Kendra Navarro,4,Standard,2022-03-16,,True
1031,Daniel Stone,4,Standard,2024-11-30,,True
1032,James Lee,2,Gold,2022-05-10,,True
1033,Theresa Hansen,2,Standard,2024-04-18,,True
1034,Pamela Ray,1,Silver,2023-12-14,,True
1035,Jessica Garcia,1,Standard,2024-05-10,,True
1036,Kathy Sandoval,4,Standard,2024-10-08,,True
1037,Taylor Orr,4,Standard,2023-11-13,,True
1038,Jennifer Schultz,1,Silver,2023-12-03,2025-12-28,False
1039,David Gardner,1,Standard,2024-11-20,,True
1040,Natasha Ward,4,Silver,2023-04-24,,True
1041,April Johnson,3,Silver,2023-08-01,,True
1042,Chad Zamora,1,Gold,2022-12-29,,True
1043,Mrs. Emily Ingram,1,Standard,2022-01-09,,True
1044,Tamara Dixon,5,Standard,2025-04-18,,True
1045,Joe Moore,1,Gold,2023-12-30,2025-02-21,False
1046,Danielle Scott,3,Gold,2022-12-05,,True
1047,Claudia Jones,5,Silver,2023-01-19,2025-02-20,False
1048,Mr. Steven Warner,2,Gold,2023-02-19,,True
1049,Martin Johnson,3,Standard,2024-11-11,,True
1050,Richard Weeks,2,Silver,2024-10-28,,True
1051,Timothy Martinez,4,Gold,2023-03-03,2025-10-04,False
1052,Sarah Mcfarland,3,Standard,2024-09-10,,True
1053,Amy Warren,2,Silver,2024-03-19,,True
1054,Erin Wolfe,4,Silver,2023-02-12,,True
1055,Tricia Mullins DDS,5,Standard,2022-07-15,2025-05-06,False
1056,Richard Hernandez,2,Silver,2022-04-25,,True
1057,Patrick Kelley,1,Standard,2023-03-05,,True
1058,Jeffrey Wolfe,3,Standard,2022-12-02,,True
1059,Mr. James Duncan,4,Standard,2024-08-30,,True
1060,Kelly Allen MD,1,Standard,2023-12-18,,True
1061,Laura Rodriguez,5,Gold,2023-07-03,,True
1062,Connor Cooper,4,Gold,2023-06-12,,True
1063,Caroline Bailey,3,Standard,2024-04-16,,True
1064,Lisa Alexander,3,Silver,2024-11-14,,True
1065,Michael Moore,4,Standard,2025-03-25,,True
1066,Patrick Sanchez,3,Silver,2024-07-18,,True
1067,Donna Cooper,4,Standard,2024-03-03,2024-06-09,False
1068,John Rivera,5,Silver,2024-10-23,,True
1069,Nicole Dunn,1,Silver,2024-08-02,2024-11-19,False
1070,Melissa Barnett MD,3,Silver,2024-03-06,,True
1071,Dawn Brown,1,Standard,2025-03-02,,True
1072,Denise Marshall,2,Standard,2022-09-14,,True
1073,Matthew Alvarado,2,Silver,2025-04-21,,True
1074,Brian Carter,3,Standard,2025-03-10,,True
1075,William Romero,1,Standard,2025-02-01,,True
1076,Kari Harper,3,Standard,2024-06-24,,True
1077,Kristina Marquez,3,Standard,2022-04-23,2024-05-25,False
1078,Elizabeth Burns,1,Standard,2022-02-20,,True
1079,Michael Kelly,4,Silver,2024-08-07,,True
1080,Veronica Hill MD,5,Standard,2023-01-21,,True
1081,Zachary Mooney,1,Standard,2022-11-25,,True
1082,Courtney Peterson,5,Standard,2025-04-19,,True
1083,Nicholas Meyer,5,Silver,2023-05-17,,True
1084,Melissa Butler,4,Standard,2024-05-15,,True
1085,Larry Cole,4,Standard,2024-01-02,2024-11-07,False
1086,Lauren Sutton,1,Silver,2022-06-18,,True
1087,Michael Roach,5,Gold,2022-09-16,,True
1088,Terry Carrillo,2,Silver,2025-03-06,,True
1089,Brooke Jones,2,Silver,2024-04-17,,True
1090,Cathy Franco,2,Standard,2023-11-12,,True
1091,William Ali,3,Standard,2022-07-05,2024-01-22,False
1092,Samantha Walsh,2,Standard,2023-01-23,,True
1093,Cole Anderson,4,Standard,2024-07-31,,True
1094,Lisa Salazar,3,Standard,2022-02-03,2025-12-20,False
1095,Alexander Miller,1,Standard,2024-01-31,,True
1096,Julie Banks,2,Silver,2024-09-22,2024-11-23,False
1097,Christopher Perez,4,Silver,2022-08-23,2024-10-09,False
1098,Tiffany Walker,2,Standard,2023-06-06,2025-12-08,False
1099,Daniel Thompson,2,Standard,2024-05-06,,True
1100,Luis Watts,4,Standard,2025-05-03,,True
1101,Jessica Parsons,5,Standard,2025-01-11,,True
1102,Michelle Long,3,Standard,2024-02-15,,True
1103,Kimberly Davidson,4,Silver,2025-04-13,,True
1104,Brian Bryant,5,Standard,2024-06-17,,True
1105,Danielle Medina,3,Silver,2025-01-25,,True
1106,Phillip Estes,2,Standard,2025-06-09,2025-06-17,False
1107,Stephen Ayala,2,Gold,2022-08-31,,True
1108,Edward Ellison,3,Standard,2022-12-31,,True
1109,Julie Lucas,4,Gold,2024-05-30,,True
1110,Catherine Richards,2,Standard,2022-04-26,,True
1111,Frank Johnson,3,Silver,2025-02-15,2025-08-08,False
1112,Sonya Davis,4,Standard,2023-08-02,2025-10-16,False
1113,Michelle Martin,5,Standard,2023-02-18,,True
1114,Michael Walters,5,Standard,2024-07-24,,True
1115,Vanessa Salazar,5,Standard,2022-04-19,2025-05-31,False
1116,Amanda Jackson,4,Gold,2022-07-24,,True
1117,Carla Thomas,2,Standard,2023-03-04,2025-09-28,False
1118,Eric Cross,3,Silver,2024-09-08,,True
1119,Christopher Roach,1,Silver,2025-05-11,,True
1120,Preston Smith,4,Silver,2025-05-10,,True
1121,Lisa Snyder,2,Silver,2023-09-27,2024-12-30,False
1122,Jeremy Burke,2,Standard,2022-10-04,2025-04-26,False
1123,Diana Fuller,2,Silver,2022-01-09,,True
1124,Anthony Bailey,4,Standard,2024-11-12,2025-02-05,False
1125,Kenneth Morrison,5,Standard,2022-07-05,,True
1126,Xavier Martin,4,Standard,2023-02-27,2024-03-05,False
1127,Melissa Armstrong,4,Standard,2022-12-29,,True
1128,Nicole Ward,3,Silver,2023-12-19,,True
1129,Erica Merritt,5,Silver,2022-02-15,,True
1130,Sarah Brown,1,Standard,2024-11-12,,True
1131,Scott Murphy,2,Silver,2023-08-24,,True
1132,Daniel Brown,3,Standard,2023-06-12,,True
1133,Kendra Miller,5,Standard,2023-12-31,,True
1134,Rachel Mann,4,Gold,2024-07-12,,True
1135,Kenneth Hanson,3,Gold,2023-06-29,2025-09-10,False
1136,Kathleen Daniel,4,Standard,2025-03-28,,True
1137,Sophia Hall,1,Standard,2023-09-28,,True
1138,Bruce Marshall,5,Silver,2023-01-06,,True
1139,Christine Gilbert,5,Silver,2024-10-13,,True
1140,Gregory Shaffer,5,Standard,2023-06-14,,True
1141,Melissa King,3,Standard,2022-09-28,,True
1142,Joshua Wang,5,Silver,2022-03-28,,True
1143,James Carroll,2,Standard,2022-05-26,,True
1144,Roy Nielsen,1,Standard,2025-05-10,2025-11-21,False
1145,Andrew Taylor,3,Standard,2023-09-04,,True
1146,Sean Huang,1,Standard,2022-07-18,,True
1147,Amy Meyer,2,Standard,2023-08-14,2025-08-17,False
1148,Kristen Smith,3,Standard,2023-12-22,,True
1149,Thomas Flynn,2,Standard,2024-01-07,,True
1150,Gina Brooks,3,Standard,2022-03-26,2024-04-18,False
1151,Larry Lopez,4,Silver,2023-11-13,,True
1152,Elizabeth Hodge,4,Standard,2022-05-30,,True
1153,Shawn Watson,3,Standard,2024-06-24,2024-11-21,False
1154,Joseph Thompson,1,Standard,2024-11-24,,True
1155,Dale Davis,3,Silver,2023-04-23,,True
1156,Susan Moore,2,Gold,2023-10-08,,True
1157,Dr. Eric Murphy,2,Standard,2023-03-10,,True
1158,William Black,5,Standard,2024-09-08,,True
1159,James Hancock,5,Standard,2025-06-20,2025-07-29,False
1160,Andrew Charles,4,Standard,2022-05-28,,True
1161,Stephen Garcia,4,Silver,2025-01-17,,True
1162,Alison Blake,2,Silver,2024-09-04,,True
1163,Dustin Patel,4,Standard,2024-03-26,2024-08-08,False
1164,Denise Moore,5,Gold,2024-09-13,,True
1165,Ashley Daniels,4,Silver,2022-05-27,2025-11-30,False
1166,Tony Brock,4,Standard,2023-12-02,,True
1167,Eric Mcclain,2,Standard,2024-01-03,,True
1168,Allen Berger,1,Silver,2023-11-21,,True
1169,Brandon Myers,5,Standard,2022-03-06,,True
1170,Lori Vaughn,3,Standard,2024-06-18,,True
1171,Gary Gonzalez,1,Standard,2023-07-23,,True
1172,Angela Livingston,4,Standard,2024-08-25,,True
1173,Anna Lang,3,Silver,2024-09-02,,True
1174,Eric Newman,5,Standard,2024-06-10,,True
1175,Travis Thomas,1,Standard,2024-09-05,,True
1176,Jack White,4,Silver,2025-02-16,,True
1177,Scott Nguyen,3,Gold,2025-03-16,,True
1178,Brian Mendoza,5,Standard,2023-09-15,,True
1179,Kenneth Romero,2,Standard,2024-12-15,2025-04-01,False
1180,Ashley Hawkins,2,Standard,2023-06-02,,True
1181,Kevin Allen,2,Standard,2022-04-01,2024-08-08,False
1182,John Jones,2,Standard,2022-11-07,,True
1183,Jessica Baird,4,Silver,2022-09-23,,True
1184,Michael Thompson,5,Standard,2023-12-25,,True
1185,Michelle Copeland,2,Standard,2024-05-04,,True
1186,Erika Davis,5,Silver,2022-05-26,,True
1187,Jared George,2,Silver,2023-07-23,,True
1188,Sally Murphy,4,Standard,2024-05-24,,True
1189,Charles Carpenter,2,Standard,2024-04-03,2024-05-12,False
1190,Nicole Guerrero,4,Silver,2024-08-21,,True
1191,Jillian Harris,3,Gold,2023-08-01,2024-07-31,False
1192,Robert Frazier,4,Standard,2025-01-24,,True
1193,Michelle Herman,4,Gold,2025-03-18,,True
1194,Lisa Dixon,5,Silver,2025-06-17,,True
1195,Steven Faulkner,4,Silver,2024-12-17,2025-11-05,False
1196,Ashley Campbell,4,Silver,2022-01-02,2025-02-12,False
1197,Kevin Garrett,4,Standard,2022-02-09,,True
1198,Daniel Thompson,1,Silver,2024-06-27,2025-02-06,False
1199,Heather Butler,2,Standard,2022-06-27,2025-02-09,False
1200,Adam Wong,3,Standard,2023-01-04,2025-09-29,False
1201,Mary Proctor,3,Standard,2022-07-03,,True
1202,Robert Dalton,4,Silver,2022-06-23,,True
1203,Tara Hanson,4,Standard,2025-02-14,,True
1204,Robert Cruz,1,Silver,2023-08-03,,True
1205,Adam Jimenez,3,Silver,2022-10-16,,True
1206,Debra House,3,Standard,2024-07-21,,True
1207,Andrew Webb,1,Silver,2024-01-06,,True
1208,Angela Cross,4,Standard,2023-04-16,2025-02-27,False
1209,Diana Black,4,Standard,2023-11-03,2025-09-19,False
1210,Mark Alvarado,2,Standard,2023-10-30,2025-03-21,False
1211,Kimberly Riley,1,Standard,2024-05-03,,True
1212,Kimberly Smith,3,Gold,2024-02-22,,True
1213,Laura Rivera,1,Standard,2023-08-03,,True
1214,Christopher Neal,1,Silver,2023-03-27,2025-12-14,False
1215,Debbie Soto,2,Standard,2024-02-02,2024-09-01,False
1216,Mary Carter,5,Silver,2024-01-08,,True
1217,John Martinez,5,Silver,2024-07-29,,True
1218,Darlene Gilbert,2,Silver,2022-04-09,,True
1219,Patrick Munoz,2,Silver,2022-12-18,,True
1220,Mary Wood,1,Silver,2025-03-07,,True
1221,Christopher Rose,5,Standard,2022-08-12,2025-07-25,False
1222,Linda Underwood,5,Standard,2022-02-12,2025-12-19,False
1223,Jennifer Reyes,3,Standard,2024-12-04,,True
1224,Carol Lane,3,Gold,2024-04-23,,True
1225,Dennis Weiss,5,Gold,2024-12-10,,True
1226,John Alvarez,1,Standard,2022-03-09,,True
1227,Michael Price,4,Gold,2025-04-24,2025-12-11,False
1228,Jessica Roberts,3,Gold,2022-12-02,,True
1229,Ethan Moreno,2,Silver,2024-10-14,,True
1230,Joseph Gomez,2,Standard,2025-05-04,,True
1231,Marissa Nelson,3,Silver,2024-12-13,,True
1232,Dawn Silva,4,Standard,2022-12-11,,True
1233,Dana Powers,5,Silver,2023-08-12,,True
1234,Megan Kaiser,4,Standard,2024-09-10,,True
1235,Adam Jones,1,Silver,2023-02-04,,True
1236,Melissa Bell,1,Standard,2023-06-09,,True
1237,Manuel Brown,3,Silver,2024-07-14,2024-11-25,False
1238,Claire Greene,3,Standard,2024-01-29,,True
1239,Angelica Jacobs,4,Standard,2022-06-05,,True
1240,Maria Pratt,1,Gold,2023-04-25,,True
1241,Cody Phillips,1,Silver,2022-08-24,,True
1242,Jesse Carney,4,Silver,2024-04-22,,True
1243,Mary Carrillo,3,Gold,2024-09-08,,True
1244,Destiny Brown,5,Standard,2022-11-25,,True
1245,Deanna Hess MD,4,Silver,2023-05-11,,True
1246,Christina Long,4,Standard,2022-03-30,,True
1247,Jessica Mendez,3,Standard,2024-04-03,2024-06-11,False
1248,Andrew Jones,5,Standard,2022-05-16,2024-11-18,False
1249,Alicia Jimenez,4,Silver,2024-07-17,,True
1250,Andrew Myers,1,Standard,2024-04-13,,True
1251,James Smith,4,Standard,2022-07-13,,True
1252,Karen Powell,2,Standard,2024-06-21,,True
1253,Andrea Perez,1,Gold,2024-07-17,,True
1254,Penny Martinez,4,Standard,2023-05-06,,True
1255,Felicia Turner MD,2,Gold,2023-11-15,,True
1256,Holly Castaneda,3,Standard,2025-06-26,,True
1257,Paige Roberts,3,Standard,2023-03-10,,True
1258,Tracy Guerrero,3,Standard,2022-09-17,,True
1259,Brian Barker,3,Silver,2023-01-17,,True
1260,Jessica Lopez,2,Standard,2023-09-13,,True
1261,Zachary Allen,3,Silver,2022-02-15,,True
1262,Maria Porter,2,Standard,2023-05-12,,True
1263,Tracy Smith,1,Silver,2025-05-16,,True
1264,Nathan Sullivan,1,Standard,2023-03-09,,True
1265,Kelly Bentley,1,Standard,2022-09-28,,True
1266,Natalie Hall,2,Standard,2025-01-15,,True
1267,Alec Meadows DDS,4,Standard,2022-04-02,2025-06-20,False
1268,Alexis Chen,3,Silver,2022-11-06,,True
1269,Logan Conley,4,Silver,2025-02-28,2025-11-06,False
1270,Ashley Larson,4,Standard,2022-03-23,,True
1271,Dale Rogers,4,Standard,2024-02-25,,True
1272,Jennifer Martinez,1,Standard,2024-12-02,,True
1273,Erica Oconnell,3,Gold,2024-05-22,,True
1274,Christopher Brown,2,Standard,2022-09-30,,True
1275,Carol Wood,2,Silver,2022-12-16,,True
1276,Kevin Anderson,2,Standard,2022-07-30,,True
1277,Jamie Moore,5,Standard,2024-10-06,,True
1278,Adam Howe,2,Standard,2025-01-27,,True
1279,Diane Steele,2,Silver,2024-06-20,,True
1280,Cameron Thomas,2,Gold,2024-10-07,,True
1281,David Thompson,5,Silver,2022-12-12,,True
1282,Michelle Salazar,2,Standard,2024-06-01,,True
1283,Elizabeth Barnes,1,Standard,2022-04-23,,True
1284,William Davila,1,Silver,2023-12-13,,True
1285,Ms. Julie Sims,4,Standard,2024-02-29,2025-09-29,False
1286,Brian Hernandez,4,Standard,2022-09-23,,True
1287,Christopher Livingston Jr.,2,Standard,2024-12-12,2025-11-27,False
1288,David Jensen,1,Standard,2023-04-10,,True
1289,Brian Williams,5,Silver,2025-02-09,,True
1290,Allen Robertson,5,Standard,2023-11-17,,True
1291,Kevin Barnes,1,Silver,2022-04-01,2024-06-20,False
1292,Crystal Rodriguez,3,Standard,2024-08-11,,True
1293,Jason Gonzalez,5,Standard,2022-10-18,,True
1294,Amy Graham,4,Standard,2025-02-11,2025-03-06,False
1295,Cassandra Brooks,1,Silver,2022-10-03,,True
1296,Ian Nelson,2,Standard,2023-08-08,,True
1297,Keith Ramirez,1,Standard,2023-03-05,,True
1298,Philip Robinson,5,Standard,2022-05-22,2024-12-05,False
1299,Robert Cisneros,1,Gold,2023-01-12,,True
1300,Kristen Hall,3,Standard,2025-03-01,,True
1301,Shannon Robinson,5,Standard,2023-06-10,,True
1302,Jeffrey Salas,5,Silver,2023-08-28,2024-12-03,False
1303,Daniel Pennington,4,Gold,2022-11-13,,True
1304,Jennifer Williams,1,Standard,2025-04-22,2025-12-09,False
1305,Kathy Simmons,1,Standard,2025-06-18,,True
1306,Annette Simpson,2,Standard,2023-05-19,2025-08-14,False
1307,Melissa Russell,1,Gold,2022-04-17,,True
1308,David Duarte,4,Standard,2022-10-06,,True
1309,Candice Stevens,5,Silver,2022-01-21,,True
1310,Julie Taylor,4,Silver,2023-12-29,2025-03-02,False
1311,Seth Sims,1,Silver,2024-06-16,,True
1312,Mark Cruz,5,Silver,2024-06-17,,True
1313,Elizabeth Mullins,3,Standard,2024-05-31,,True
1314,Laura Clark,1,Standard,2024-06-09,,True
1315,Gabriela Randolph,2,Gold,2024-05-23,,True
1316,Helen Williams,2,Standard,2023-10-19,,True
1317,Andrew Richardson,4,Silver,2023-05-04,,True
1318,Kristina Ayala,1,Standard,2024-04-07,,True
1319,Joshua Banks,4,Silver,2022-06-26,,True
1320,Shelby Warner,2,Standard,2024-07-29,,True
1321,Erica Hurst,1,Gold,2024-08-19,,True
1322,Jake Chavez,1,Standard,2023-10-05,2024-11-04,False
1323,Julie Patel,5,Standard,2023-10-02,,True
1324,Jodi Richardson,2,Standard,2024-11-19,,True
1325,Vanessa Ware,2,Silver,2024-05-09,,True
1326,James White,2,Standard,2022-08-29,2025-10-07,False
1327,Christopher Rodriguez,3,Standard,2025-05-07,,True
1328,Dan Crane,3,Standard,2022-07-08,,True
1329,Michael Huynh,2,Silver,2022-01-29,,True
1330,Alison Lopez,3,Silver,2023-08-28,2024-11-02,False
1331,Sandy Stone,1,Silver,2022-01-29,,True
1332,Mary Buchanan,1,Standard,2023-03-05,,True
1333,Kerri Kelley,4,Standard,2023-09-13,,True
1334,Stephanie Parker,1,Standard,2023-08-08,,True
1335,Jacob Roberts,5,Silver,2024-10-04,,True
1336,Duane Huber,4,Standard,2024-12-14,,True
1337,Joseph White,3,Standard,2024-02-29,,True
1338,Summer Bauer,5,Standard,2022-08-12,,True
1339,Xavier Andrews,2,Standard,2022-07-25,,True
1340,Michael Wade,1,Gold,2023-07-17,2024-09-26,False
1341,William Ferguson,1,Standard,2025-06-01,2025-07-02,False
1342,Timothy Mack,5,Standard,2022-06-05,,True
1343,Brittney Cordova,1,Standard,2025-04-24,,True
1344,Maria Phillips,4,Standard,2023-11-28,,True
1345,Nicole Mcknight,2,Standard,2025-02-17,,True
1346,Monica Nielsen,1,Silver,2024-04-30,,True
1347,John Williams,4,Standard,2023-03-09,,True
1348,Luke Robinson,2,Standard,2024-05-15,2024-07-23,False
1349,Lee Lee,3,Standard,2023-04-02,,True
1350,Pamela Gonzalez,1,Silver,2023-11-03,,True
1351,Tina Daugherty,1,Standard,2022-04-17,2025-09-12,False
1352,Larry Hunt Jr.,1,Standard,2023-05-19,,True
1353,Mike Patterson,5,Gold,2024-04-30,,True
1354,Gregory Parker,4,Standard,2023-05-08,,True
1355,Cindy Barron,4,Gold,2023-07-23,,True
1356,Jeremy Martin,3,Standard,2024-08-04,,True
1357,Monica Perry,5,Standard,2024-07-17,,True
1358,Briana Turner,3,Standard,2024-12-02,,True
1359,Gabriela Fitzpatrick,5,Silver,2025-06-15,,True
1360,Aaron Fowler,5,Standard,2024-01-24,,True
1361,Keith Melendez,3,Silver,2022-12-15,2024-05-07,False
1362,Donna Henry,4,Gold,2022-09-12,,True
1363,Kevin Snyder,2,Silver,2024-11-15,,True
1364,Rick Moore,5,Silver,2024-08-02,,True
1365,Mallory Martinez,2,Standard,2023-01-19,,True
1366,Christopher Knox,4,Standard,2024-04-29,,True
1367,Katherine Arellano,5,Standard,2024-04-02,2024-04-20,False
1368,John Graham,1,Gold,2024-02-04,,True
1369,Valerie Cardenas,1,Silver,2022-11-26,,True
1370,David Perkins,4,Silver,2023-04-22,2025-06-19,False
1371,Heather Brown,3,Standard,2022-07-06,2024-12-02,False
1372,Tina Williams,5,Gold,2023-04-06,,True
1373,Angela Lee,4,Standard,2023-01-08,,True
1374,Linda Jackson,1,Gold,2024-03-12,,True
1375,Ryan Marsh,2,Silver,2023-02-16,,True
1376,Heidi Ferguson,1,Standard,2022-12-13,,True
1377,Chad Campbell,2,Gold,2023-03-25,,True
1378,Thomas Martin,5,Standard,2024-09-20,,True
1379,Sandra Pope,3,Standard,2022-10-06,,True
1380,Tiffany Mathis,1,Silver,2023-12-14,,True
1381,Jennifer Moon,5,Standard,2024-06-28,2025-07-19,False
1382,Alan Bailey,4,Standard,2022-05-29,,True
1383,Jeremy Huerta,5,Standard,2024-05-31,,True
1384,Carrie Torres,2,Standard,2023-10-30,,True
1385,Michael Watts,3,Gold,2024-08-07,2024-10-06,False
1386,Mrs. Pamela Rodriguez,4,Silver,2023-01-28,2024-06-02,False
1387,Mr. Craig Johnson,3,Standard,2022-01-24,,True
1388,Julie Kerr,3,Standard,2024-04-21,,True
1389,Adam Davis,2,Standard,2022-02-25,,True
1390,Laurie Gonzalez,5,Standard,2022-06-07,,True
1391,Charles Francis,1,Standard,2024-05-05,,True
1392,Scott Norman,4,Standard,2022-12-20,2025-02-27,False
1393,Andrea Weiss,1,Standard,2024-02-22,,True
1394,Tracey Jackson,2,Standard,2024-08-31,2025-05-15,False
1395,Nicholas Glass,4,Standard,2024-08-20,,True
1396,Karen Wolfe,1,Standard,2025-03-20,,True
1397,Ashley Davenport,3,Silver,2022-08-25,,True
1398,Jennifer Juarez,5,Standard,2025-06-06,2025-09-02,False
1399,Kathleen Ward,3,Standard,2023-02-06,2024-12-06,False
1400,Angela Snyder,2,Gold,2023-01-03,,True
1401,Noah Mcdaniel,4,Standard,2023-05-06,,True
1402,Jason Mercer,3,Standard,2024-12-09,,True
1403,Stephanie Lang,2,Standard,2023-07-01,,True
1404,Adam Craig,4,Gold,2025-04-13,,True
1405,Joseph Rhodes,5,Silver,2024-05-07,,True
1406,Michael Madden,2,Standard,2022-06-02,,True
1407,Caroline Cox,1,Silver,2024-08-04,,True
1408,Ryan Powell,2,Standard,2022-09-12,,True
1409,Dr. Ralph Wheeler DDS,1,Silver,2022-10-25,2024-11-06,False
1410,Heather Estrada,2,Standard,2024-10-19,,True
1411,Brittany Gibson,4,Standard,2025-04-27,2025-12-27,False
1412,Tommy Johnson,1,Silver,2022-06-05,2024-12-23,False
1413,Kathleen Johnson,3,Gold,2024-07-30,,True
1414,Eric Hanson,1,Standard,2022-08-17,2025-03-17,False
1415,Kelly Vasquez,1,Standard,2024-08-27,,True
1416,Jonathan Wagner,4,Silver,2023-08-18,,True
1417,Kimberly Smith,1,Gold,2023-11-24,,True
1418,Sheryl Wilson MD,3,Standard,2024-09-01,,True
1419,Christopher Hopkins,4,Standard,2024-12-24,2025-06-06,False
1420,Carly Jordan,5,Standard,2024-09-21,,True
1421,Phillip Carroll,4,Standard,2023-02-03,,True
1422,Kimberly Harrison,4,Silver,2023-09-18,,True
1423,Anthony Baker,2,Standard,2023-12-19,,True
1424,Pamela Mitchell,2,Standard,2024-01-25,2024-10-17,False
1425,Bethany Richardson,4,Gold,2022-03-20,,True
1426,Pamela Garrett,1,Silver,2024-10-29,,True
1427,William Jenkins,5,Standard,2023-05-01,,True
1428,David Collins,3,Standard,2022-03-14,,True
1429,Sheila Wilson,5,Standard,2022-04-19,,True
1430,Amanda Barrett,1,Standard,2022-08-05,,True
1431,Alex Harrison,2,Standard,2023-06-24,2025-01-10,False
1432,Kelly Morris,5,Standard,2022-01-29,,True
1433,Michael Harris MD,5,Silver,2022-05-05,,True
1434,Carol Evans,4,Silver,2024-11-01,,True
1435,Mark Dickson,3,Standard,2025-05-21,,True
1436,Cindy Baker,4,Standard,2022-04-07,,True
1437,Lori Rubio,5,Standard,2023-01-15,2025-02-22,False
1438,Denise Knight,4,Standard,2024-07-04,2025-05-15,False
1439,Gregory Jones,1,Standard,2023-11-09,,True
1440,Matthew Edwards,2,Standard,2024-11-17,2025-06-11,False
1441,Jose Powers,3,Standard,2023-06-13,,True
1442,Lori Black,4,Standard,2023-11-30,,True
1443,Mr. Rodney Hurley III,5,Gold,2022-08-27,,True
1444,Susan Michael,2,Standard,2024-03-24,2025-08-29,False
1445,Curtis Ford,2,Standard,2024-07-16,,True
1446,Pamela Richard,1,Silver,2022-11-03,,True
1447,Madison Singleton,2,Silver,2023-06-08,2025-09-19,False
1448,Christopher Mcdaniel,4,Standard,2022-12-07,,True
1449,Chris Johnson,2,Standard,2022-10-29,,True
1450,Dr. Javier Bullock,5,Standard,2024-10-14,2025-02-28,False
1451,Allen Clarke,3,Gold,2022-09-15,,True
1452,Maria Williams,1,Silver,2022-12-21,,True
1453,Amy Mosley,3,Gold,2024-07-10,,True
1454,Arthur Friedman,5,Standard,2023-02-05,,True
1455,Stacey Sanders,2,Silver,2025-02-18,,True
1456,Cynthia Duncan,4,Standard,2024-12-07,,True
1457,Matthew Carpenter,2,Standard,2023-10-01,,True
1458,Kathleen Davis,1,Standard,2024-09-16,,True
1459,Emily Collier,5,Standard,2024-02-05,,True
1460,Natasha Walls,5,Standard,2024-07-29,,True
1461,Donald Ortiz,3,Gold,2022-10-06,2024-03-18,False
1462,Joseph Lyons,2,Silver,2025-01-06,,True
1463,Karen Sanchez,3,Silver,2022-05-25,,True
1464,Brianna Alvarez,3,Standard,2022-12-21,,True
1465,Susan Johnson,2,Silver,2023-04-15,2024-08-12,False
1466,Amy Lowery,2,Silver,2024-08-01,,True
1467,James Fowler,5,Gold,2024-05-06,,True
1468,Melinda Nichols,1,Standard,2024-06-12,,True
1469,Adam Yu,4,Silver,2022-10-29,,True
1470,Elizabeth Mayer,3,Standard,2025-03-29,,True
1471,Scott Martin,2,Gold,2024-08-23,,True
1472,Robert Newman,4,Silver,2023-07-14,,True
1473,Bobby Chan,4,Silver,2024-10-04,,True
1474,Tammy Cook,2,Silver,2023-09-20,,True
1475,Ashlee Martin,5,Silver,2023-06-23,,True
1476,Jason Daniel,5,Silver,2022-11-29,,True
1477,Michael Gill,2,Silver,2023-11-30,,True
1478,Jeremy Davidson,2,Standard,2024-03-29,,True
1479,Eric Johnston,3,Standard,2022-01-04,,True
1480,Micheal Saunders,1,Gold,2022-05-22,,True
1481,Jennifer Ayers,5,Standard,2024-04-08,2024-06-29,False
1482,Christopher Watkins,5,Standard,2023-07-31,2025-09-29,False
1483,Bradley Richardson,5,Standard,2023-02-22,,True
1484,Ruben Hudson,5,Standard,2023-05-18,,True
1485,Justin Salazar,5,Standard,2022-01-27,,True
1486,Joel Green,4,Standard,2022-10-19,,True
1487,Lindsay Hernandez,1,Standard,2024-12-22,2025-01-09,False
1488,Keith Smith,3,Standard,2025-05-07,,True
1489,Tanya Wilcox,1,Silver,2023-11-02,,True
1490,Dale Shah,3,Standard,2023-09-23,,True
1491,Paul Reyes,3,Standard,2024-11-03,,True
1492,Daniel Holloway,1,Standard,2023-07-05,,True
1493,Christopher Sparks,1,Silver,2024-07-16,,True
1494,Cynthia Hayes,1,Standard,2022-02-06,,True
1495,Maria Miller,4,Gold,2022-11-13,,True
1496,Valerie Sanders,4,Standard,2023-08-22,,True
1497,Jay Harper,4,Standard,2022-09-28,,True
1498,Amy Galvan,4,Standard,2022-04-04,,True
1499,Larry Lambert,4,Silver,2023-08-24,,True
1500,Rhonda Smith,5,Silver,2024-10-20,,True
1501,William Lambert,2,Standard,2023-10-06,,True
1502,Amanda White,1,Silver,2022-06-18,,True
1503,John Davis,1,Standard,2022-08-05,2024-12-25,False
1504,David Edwards,3,Standard,2024-06-25,,True
1505,Dr. Douglas Ward MD,1,Standard,2025-06-02,,True
1506,Ronald Mcintosh,2,Gold,2025-02-25,,True
1507,Christopher Doyle,2,Silver,2023-10-22,,True
1508,Kristi Livingston,5,Gold,2023-09-19,,True
1509,Colin Brown,1,Standard,2024-03-23,,True
1510,Christopher Mcdonald,5,Gold,2022-08-22,,True
1511,Jeremy Zhang MD,1,Standard,2022-05-29,2025-10-15,False
1512,Brittany Bailey,2,Silver,2023-08-08,2024-03-23,False
1513,Nicole Carson,4,Standard,2022-09-17,2024-07-26,False
1514,Christy Bolton,1,Standard,2023-12-20,,True
1515,Catherine Knapp,2,Standard,2022-01-06,,True
1516,Gary Mitchell,5,Silver,2022-11-11,2024-12-29,False
1517,James Hickman,5,Standard,2025-06-06,,True
1518,Allen Stevens,3,Standard,2022-05-16,,True
1519,Debra Barrett,1,Standard,2024-06-22,2025-03-16,False
1520,Marcus Chavez,5,Standard,2023-02-25,,True
1521,Dr. Rebecca Anderson DVM,4,Standard,2025-04-23,,True
1522,Robert Manning,3,Standard,2024-10-19,,True
1523,Anna Scott,1,Standard,2023-11-30,,True
1524,Jennifer Smith,5,Standard,2022-11-03,,True
1525,James Holland,1,Standard,2022-09-23,,True
1526,Edwin Owen,2,Silver,2025-05-02,,True
1527,Stephanie Munoz,1,Standard,2024-07-27,,True
1528,Curtis Griffin,1,Standard,2023-04-04,2024-03-11,False
1529,Kyle Davis,4,Standard,2023-05-11,,True
1530,Cody Mccoy,3,Standard,2023-06-24,,True
1531,Megan Holland,5,Standard,2022-04-29,2025-01-09,False
1532,Maria Miller,3,Gold,2024-06-29,2025-11-22,False
1533,Robert Evans,3,Standard,2023-08-21,,True
1534,Elizabeth Wright,1,Standard,2025-06-09,,True
1535,Kristen Lowery,4,Standard,2023-06-30,,True
1536,Jennifer Marshall,3,Silver,2023-10-18,,True
1537,Kevin Mack,2,Silver,2024-07-08,2025-09-20,False
1538,Julie Hartman,1,Standard,2022-01-21,,True
1539,Jason Bush,3,Silver,2024-12-11,,True
1540,Nicole Cole,4,Gold,2023-02-05,,True
1541,Thomas Patrick,5,Standard,2024-10-27,,True
1542,William Green,1,Silver,2022-09-27,,True
1543,Albert Foster,5,Standard,2024-05-09,,True
1544,Julia Sullivan,5,Silver,2022-01-17,,True
1545,Molly Turner,4,Silver,2024-04-19,,True
1546,Melissa Mccarty,2,Standard,2024-11-03,,True
1547,Anita Taylor,1,Standard,2024-05-11,,True
1548,Melissa Lopez,1,Standard,2022-09-01,,True
1549,Mr. David Wilkinson,5,Silver,2022-02-04,,True
1550,Angelica Carrillo,5,Standard,2024-12-31,,True
1551,Bruce Barrera,4,Standard,2022-07-09,,True
1552,Mr. Jerry Sanchez,2,Gold,2024-07-31,2025-03-18,False
1553,Jenna Cook,2,Standard,2023-01-12,,True
1554,Jessica Perry,4,Standard,2022-05-11,,True
1555,Yvonne Johnson,4,Standard,2023-09-25,2025-02-26,False
1556,Misty Mcconnell,2,Silver,2023-05-25,,True
1557,Antonio Smith,3,Standard,2025-02-28,2025-11-20,False
1558,Debra Wong,1,Standard,2024-01-06,,True
1559,Marcus Lucas,5,Standard,2025-02-08,,True
1560,Christopher Barber,3,Gold,2023-07-27,,True
1561,Jordan Matthews,5,Standard,2023-08-22,,True
1562,Sarah Espinoza,1,Silver,2024-05-24,,True
1563,Miranda Myers,5,Silver,2023-08-21,,True
1564,Marissa Ward,4,Standard,2023-06-16,,True
1565,Carla Clark,2,Standard,2023-08-26,,True
1566,John Thompson,5,Silver,2024-05-31,,True
1567,Ricky Hahn MD,1,Gold,2022-07-19,,True
1568,Mrs. Debbie Rhodes MD,5,Silver,2022-10-27,2025-02-10,False
1569,Renee Morgan,3,Gold,2025-01-01,,True
1570,Justin Tucker,3,Gold,2022-05-26,,True
1571,Patricia Carrillo,3,Standard,2025-06-21,,True
1572,Shelly Munoz,4,Silver,2023-12-12,2025-10-16,False
1573,Rebecca Estes,4,Standard,2022-05-13,2024-02-06,False
1574,Rachael Lynch,3,Standard,2024-08-22,,True
1575,Justin Romero,5,Silver,2024-12-31,,True
1576,Daniel Ward,4,Standard,2022-08-02,,True
1577,Pamela Jimenez,3,Silver,2024-07-18,,True
1578,Jack Fuentes,1,Silver,2025-01-15,,True
1579,Wayne Hammond,3,Gold,2022-06-06,,True
1580,Kara Mitchell,1,Standard,2022-01-09,,True
1581,Mike Perry,3,Standard,2022-08-07,,True
1582,Paul Moreno,4,Gold,2024-03-14,,True
1583,Thomas Villanueva,1,Gold,2024-10-01,2024-12-02,False
1584,Melanie Acevedo,2,Standard,2025-04-29,,True
1585,Michelle Holmes,4,Silver,2023-07-19,,True
1586,James Barton,3,Standard,2022-03-30,,True
1587,Andrew Nielsen,4,Silver,2023-07-08,,True
1588,Vanessa Whitney,1,Standard,2022-07-12,,True
1589,Valerie Barnes,2,Gold,2024-10-16,,True
1590,Shelley Griffith,4,Silver,2025-02-04,,True
1591,Ronald Mccullough,5,Gold,2023-02-05,,True
1592,Jared Schneider,1,Standard,2024-02-18,,True
1593,Lisa Ramos,2,Standard,2025-02-06,,True
1594,Mariah Rowe,5,Standard,2023-03-17,,True
1595,Jean Higgins,5,Gold,2025-01-29,2025-02-26,False
1596,Kimberly Lewis,1,Standard,2025-01-27,,True
1597,Glen Reid,2,Silver,2023-10-15,,True
1598,Kimberly Green,2,Standard,2022-01-30,,True
1599,Jay Wagner,1,Gold,2024-11-27,,True
1600,Debbie Romero,2,Standard,2024-07-23,,True
1601,Teresa West,4,Standard,2022-06-07,,True
1602,David Reese,1,Silver,2024-01-01,2024-01-04,False
1603,Teresa Wade,2,Standard,2024-01-13,,True
1604,Michael Briggs,5,Standard,2024-12-13,2025-03-12,False
1605,James Mclaughlin,4,Silver,2024-01-01,,True
1606,Cheryl Osborne,3,Standard,2022-05-15,,True
1607,Jeffery Jenkins,3,Silver,2023-08-03,,True
1608,Carlos Lewis,1,Standard,2022-04-28,,True
1609,Jennifer Hansen,4,Standard,2022-04-10,,True
1610,Lauren Fields,5,Silver,2024-09-20,,True
1611,Theresa Dennis,2,Gold,2025-06-25,,True
1612,Jonathan Washington,2,Silver,2023-06-16,,True
1613,Kendra Benson,3,Silver,2023-08-08,2025-12-07,False
1614,Christopher Hansen,5,Standard,2023-08-05,,True
1615,Samuel Rodriguez,1,Standard,2025-03-22,,True
1616,Joseph Wilson,2,Silver,2023-04-17,,True
1617,Edward Johnson,5,Silver,2023-01-25,,True
1618,Jennifer Zuniga,2,Standard,2022-07-02,,True
1619,Clayton Singh,3,Silver,2023-01-25,,True
1620,Andrew Olson,3,Standard,2022-01-03,2025-02-03,False
1621,George Bennett,4,Gold,2023-01-31,,True
1622,Brandi Taylor,4,Standard,2024-11-30,,True
1623,Brittany Luna,4,Standard,2024-03-23,2025-07-29,False
1624,Loretta Hughes,5,Silver,2022-04-24,,True
1625,Michael Ramos,4,Silver,2025-02-22,2025-06-07,False
1626,Christopher Johnson,1,Standard,2022-12-20,,True
1627,Ellen Brewer,3,Silver,2024-03-15,,True
1628,Tyler Weaver,5,Silver,2024-04-01,,True
1629,Kelly Christensen,3,Silver,2024-08-24,,True
1630,Matthew Schmidt,4,Standard,2023-10-04,,True
1631,Daniel Gallegos,3,Silver,2025-05-12,,True
1632,Joseph Flores,3,Standard,2024-12-06,2025-07-20,False
1633,Timothy Morgan Jr.,3,Standard,2024-01-22,,True
1634,Janet Davis,5,Silver,2022-01-31,,True
1635,Dominique White,1,Silver,2025-06-04,,True
1636,Tristan Gregory,5,Standard,2024-09-07,,True
1637,Catherine Reeves,3,Silver,2022-03-17,,True
1638,Charles Orozco,1,Silver,2023-01-16,,True
1639,Amber Allen,3,Standard,2022-11-26,2025-11-18,False
1640,Jordan Gordon,4,Standard,2024-02-01,,True
1641,Fernando Tran,1,Silver,2025-04-26,,True
1642,Susan Smith,5,Silver,2022-03-25,2024-01-22,False
1643,Ashley Hines,3,Silver,2023-12-09,,True
1644,Keith Griffin,2,Silver,2024-04-11,,True
1645,Rachel Thomas,4,Gold,2024-12-15,,True
1646,David Cisneros,3,Standard,2023-11-21,,True
1647,Robert Woodward,2,Silver,2025-05-11,2025-09-17,False
1648,Carol Brown,5,Standard,2024-03-03,,True
1649,David Frazier,1,Standard,2025-03-22,,True
1650,Ryan Campbell,3,Silver,2025-06-29,2025-12-01,False
1651,Brandon Hale,5,Silver,2022-07-25,2025-01-24,False
1652,Yvonne Johns,2,Gold,2024-11-25,,True
1653,Rebekah Henson,3,Silver,2022-09-27,,True
1654,Veronica Zimmerman,2,Standard,2025-04-21,,True
1655,Erica Clark,3,Standard,2022-12-15,,True
1656,Thomas Anderson,3,Standard,2025-05-08,,True
1657,April Smith,5,Standard,2025-03-22,,True
1658,Melissa Burns,1,Standard,2022-08-10,,True
1659,Shawn Curtis,5,Silver,2023-05-17,,True
1660,Rose Wallace,5,Standard,2023-11-19,,True
1661,Jamie Burke,2,Standard,2022-06-07,,True
1662,Robin Terrell,4,Standard,2023-05-09,,True
1663,Corey Smith,4,Standard,2022-06-09,,True
1664,Melanie Fletcher,2,Standard,2024-08-06,,True
1665,Lori Stokes,2,Standard,2022-09-02,,True
1666,Tracy Johnson,5,Gold,2022-10-10,,True
1667,Lisa Smith,4,Standard,2023-09-21,,True
1668,Ashley Ramirez,2,Silver,2025-06-09,,True
1669,Cory Rodgers,4,Standard,2023-10-01,,True
1670,Casey Chapman,2,Standard,2024-05-07,,True
1671,Savannah Ibarra,1,Standard,2024-08-09,2024-10-12,False
1672,Ryan Johnson,3,Standard,2024-07-19,,True
1673,Lisa Becker,2,Silver,2025-05-22,,True
1674,Jeffery Nunez,2,Standard,2025-01-31,,True
1675,Erica Richard,1,Standard,2024-04-09,,True
1676,Joseph Simpson,4,Silver,2023-06-04,,True
1677,Nathan Williams,4,Standard,2023-10-23,,True
1678,Emily Myers,4,Standard,2025-03-17,,True
1679,Rhonda Mooney,1,Standard,2023-03-04,,True
1680,Sylvia Gonzalez,3,Gold,2022-10-15,2025-05-18,False
1681,Mario Johnson,3,Silver,2023-02-25,,True
1682,Robert Mcconnell,5,Standard,2023-07-06,,True
1683,John Benjamin,1,Silver,2024-12-08,,True
1684,Cynthia Jones,2,Standard,2024-11-28,2025-10-21,False
1685,Jeremy Martinez,3,Standard,2024-02-05,2024-12-05,False
1686,Jamie Wu,1,Standard,2025-05-28,,True
1687,Amy Lang,5,Standard,2024-06-03,,True
1688,Jessica Garcia,1,Silver,2022-03-11,,True
1689,Samuel Morales,3,Gold,2022-03-13,,True
1690,Sean Cobb,4,Silver,2024-02-27,,True
1691,John Patterson,5,Standard,2024-03-07,,True
1692,Matthew Lowe,4,Gold,2024-03-02,,True
1693,Ashley Smith,2,Standard,2022-02-03,2025-01-12,False
1694,Sara Strong,4,Standard,2024-06-29,,True
1695,John Oliver,2,Standard,2022-06-10,2025-01-06,False
1696,Cameron Silva,4,Standard,2022-08-26,2024-04-10,False
1697,Kevin Weaver,2,Silver,2023-10-17,2025-04-20,False
1698,Donna Cordova,2,Standard,2022-07-05,2024-12-08,False
1699,David Fuentes,1,Silver,2023-10-23,2025-04-25,False
1700,Gregg Bray,2,Standard,2023-12-15,,True
1701,Barry Lopez,1,Standard,2024-03-28,,True
1702,Julie Schwartz,3,Silver,2023-08-31,,True
1703,Gabriela Evans,5,Standard,2024-12-23,,True
1704,Shawn Lozano,1,Silver,2023-02-24,,True
1705,Margaret Steele,1,Standard,2023-09-25,,True
1706,John Tate,1,Standard,2023-08-19,,True
1707,James Mckenzie,4,Standard,2024-11-05,2025-10-10,False
1708,Hunter Spencer,3,Standard,2022-01-09,,True
1709,Susan Ward,2,Standard,2022-07-01,2024-11-17,False
1710,Duane Robinson,1,Standard,2025-05-29,,True
1711,Ryan Sanchez,1,Silver,2022-12-01,,True
1712,Dennis Garcia,3,Silver,2022-09-08,,True
1713,Matthew Dyer,2,Standard,2024-11-26,,True
1714,Jesus Wood,1,Standard,2023-03-08,,True
1715,Joseph Lloyd,5,Standard,2023-04-21,,True
1716,Bailey Andrade,1,Silver,2024-03-06,2024-12-19,False
1717,Joseph Benson,4,Standard,2022-06-16,,True
1718,Mark Mccall,2,Silver,2023-02-10,,True
1719,Sarah Phillips,5,Gold,2024-08-31,,True
1720,Mark Ramirez,3,Silver,2022-07-09,,True
1721,Lauren Burns,3,Standard,2022-06-11,,True
1722,Rachel Mendez,5,Standard,2024-07-17,,True
1723,Stephen Potter,2,Silver,2022-08-02,,True
1724,Cassidy Marquez,4,Standard,2023-04-23,,True
1725,Dr. John Perkins,1,Standard,2023-11-02,,True
1726,Marie Clark,1,Gold,2024-03-25,,True
1727,David Robinson,5,Silver,2025-02-15,,True
1728,Ryan Scott,2,Gold,2023-06-27,2024-10-02,False
1729,Elizabeth Stone,5,Standard,2022-04-19,,True
1730,Gabrielle Hayes,1,Gold,2022-10-21,2024-01-31,False
1731,Mr. Alexander Alexander III,2,Standard,2023-07-06,2024-09-25,False
1732,Jonathan Payne,3,Standard,2022-04-07,2025-10-20,False
1733,Darren Wilson,1,Standard,2022-04-10,,True
1734,Felicia Leonard,2,Gold,2023-04-05,,True
1735,Sarah Lee,3,Standard,2022-11-16,2025-06-28,False
1736,Scott Moran,3,Standard,2024-02-10,,True
1737,Randy Campbell,1,Standard,2023-11-25,,True
1738,Theresa Underwood PhD,1,Standard,2023-03-19,,True
1739,Tiffany Grimes MD,2,Silver,2022-01-16,2025-04-22,False
1740,David Matthews,2,Standard,2024-07-11,,True
1741,Robert Peterson,4,Gold,2023-12-07,,True
1742,Tom Butler,3,Gold,2022-04-20,2025-09-09,False
1743,Charles Russo,1,Standard,2023-07-14,2025-09-14,False
1744,Kathryn Hopkins,3,Standard,2023-01-25,,True
1745,Jeffery Goodwin,4,Standard,2023-03-29,,True
1746,Elizabeth Matthews,4,Standard,2024-08-31,,True
1747,Charles Rowland,4,Silver,2023-12-26,,True
1748,Rebecca Mcintyre,4,Silver,2025-06-22,,True
1749,James Fry,2,Standard,2024-01-03,,True
1750,Gary Hayden,1,Gold,2022-03-23,2024-10-09,False
1751,Christopher Leonard,2,Standard,2024-03-26,,True
1752,Lindsey Johnson,5,Standard,2022-08-15,,True
1753,Jasmin Harris,5,Silver,2022-09-11,,True
1754,Jordan Wood,2,Silver,2023-01-07,,True
1755,Theodore Myers,3,Silver,2022-01-15,,True
1756,Patrick Price,2,Standard,2025-06-16,2025-07-11,False
1757,Seth Collins,4,Standard,2025-02-26,,True
1758,Kenneth Collins,4,Standard,2024-11-09,2025-08-13,False
1759,Judy Harris,1,Standard,2022-09-16,,True
1760,Lisa Wright,3,Standard,2025-06-18,2025-09-13,False
1761,Joel Williams Jr.,5,Silver,2023-02-24,2025-02-19,False
1762,Hannah Kirby,5,Silver,2024-04-04,,True
1763,Rodney Horn,2,Gold,2024-10-08,,True
1764,Luke Reynolds,3,Standard,2023-06-14,,True
1765,Melissa Davis,5,Standard,2023-05-06,,True
1766,Brooke Khan,2,Standard,2024-06-10,2024-07-04,False
1767,Nicholas Barrera,4,Standard,2023-11-18,2025-05-01,False
1768,Philip Martinez,5,Gold,2025-03-05,,True
1769,Kathy Chan,5,Standard,2023-04-16,,True
1770,Daniel Williams,2,Standard,2023-06-08,,True
1771,Megan Murray,4,Gold,2022-02-04,,True
1772,Cory Johnson,2,Standard,2023-03-15,,True
1773,Breanna Santiago,4,Standard,2022-11-16,,True
1774,Bradley Sandoval,3,Gold,2023-08-16,,True
1775,John Ramirez,1,Standard,2024-06-29,,True
1776,Lisa Thompson,5,Silver,2022-07-25,,True
1777,Caroline Powers,4,Silver,2022-06-08,,True
1778,Jeremiah Thompson,1,Standard,2022-01-15,,True
1779,Kim Ramos,5,Standard,2024-06-30,,True
1780,Kelly Bates,4,Standard,2022-03-02,,True
1781,Michael Wallace,1,Gold,2024-04-22,,True
1782,James Harris,1,Standard,2024-02-03,,True
1783,Christina Smith,4,Standard,2022-11-15,,True
1784,Robert Frazier,5,Standard,2022-02-05,,True
1785,Anne Conley,1,Silver,2022-03-22,,True
1786,Amanda Hunt,5,Silver,2024-04-27,,True
1787,Mark Weber,5,Silver,2024-11-06,,True
1788,Jeffrey Hall,4,Gold,2025-04-07,,True
1789,Adrian Valdez,3,Silver,2022-05-16,,True
1790,Daniel Barrett,2,Silver,2022-01-16,,True
1791,Amanda Mcclure,3,Silver,2022-12-22,,True
1792,Kathryn Mooney,5,Silver,2023-06-09,,True
1793,Tammy Carroll,3,Silver,2024-06-28,,True
1794,Mark Price,1,Standard,2022-11-18,2024-03-10,False
1795,Brandi Thompson,2,Standard,2025-03-25,,True
1796,Vanessa Estrada,3,Silver,2024-08-29,,True
1797,Joann Dixon,3,Standard,2022-03-28,2024-01-13,False
1798,Alexis Smith,3,Silver,2024-08-04,2025-04-19,False
1799,David Patterson,1,Gold,2024-08-26,,True
1800,Chad Jimenez,4,Standard,2022-11-07,,True
1801,Martin Young,4,Standard,2022-09-15,,True
1802,Shawn Taylor,5,Standard,2024-07-14,2025-12-24,False
1803,Amanda Conner,1,Gold,2023-02-10,,True
1804,Nicole Perez,4,Standard,2023-06-14,,True
1805,Daniel Brown,2,Silver,2024-07-24,,True
1806,Rebecca Horton MD,1,Silver,2025-03-16,,True
1807,Catherine Soto,1,Gold,2025-01-18,,True
1808,Troy Williams DVM,5,Standard,2022-03-24,,True
1809,Christopher Dunn,4,Standard,2025-04-12,,True
1810,Jordan Simmons,5,Gold,2024-10-11,,True
1811,Craig Coleman,2,Gold,2023-08-19,,True
1812,Tracy Harris,1,Standard,2024-02-13,2024-09-08,False
1813,Dr. Ian Gray,1,Silver,2025-01-05,,True
1814,Jessica Moore,4,Silver,2023-08-24,2024-11-04,False
1815,Dr. Jeffery Miller,4,Gold,2025-05-01,,True
1816,Joshua Tran,2,Silver,2025-03-02,,True
1817,Eric Campbell,2,Silver,2022-08-13,,True
1818,Miguel Gonzalez,2,Standard,2023-12-19,2024-12-17,False
1819,Monica Brooks,5,Silver,2025-03-14,2025-03-15,False
1820,James Harmon,3,Standard,2023-06-01,,True
1821,Mrs. Stacey Riddle,4,Standard,2023-05-06,2024-08-12,False
1822,Phillip Krueger,5,Gold,2022-06-08,2025-11-11,False
1823,Hannah Fletcher,2,Standard,2024-09-11,,True
1824,Anthony Cruz,3,Gold,2024-03-21,,True
1825,John Dorsey,4,Silver,2023-06-26,,True
1826,Alyssa Wade,2,Standard,2023-04-07,,True
1827,Brittany Wright,5,Standard,2022-07-08,2025-03-17,False
1828,Candice Wilson,5,Gold,2024-01-08,,True
1829,Janice Mccarthy,5,Silver,2022-04-28,,True
1830,Theodore Liu,2,Standard,2025-05-28,,True
1831,Michael Mason,3,Silver,2022-07-31,,True
1832,Laurie Gross,2,Gold,2023-11-12,,True
1833,Sheila Rodriguez,2,Standard,2024-08-18,,True
1834,Robin Adams,3,Silver,2024-01-01,,True
1835,Melissa Smith,3,Silver,2022-09-25,,True
1836,Brent Ayala MD,5,Silver,2022-08-03,,True
1837,Jeffrey Thompson,4,Silver,2023-06-16,,True
1838,John Shaw,5,Standard,2022-08-26,,True
1839,Christy Harris,4,Silver,2022-05-21,,True
1840,William Savage,5,Standard,2024-08-14,2025-09-25,False
1841,Ashley Fields,4,Standard,2023-07-17,,True
1842,Caleb Brown,1,Standard,2022-04-12,,True
1843,John Hodges,2,Gold,2022-02-07,,True
1844,Tyler Ortega,3,Standard,2022-01-13,,True
1845,Daniel Conner,1,Silver,2024-10-04,,True
1846,Tonya Adams,3,Standard,2023-04-25,,True
1847,Lindsey Rogers,5,Standard,2023-09-13,,True
1848,David Ward,4,Standard,2024-05-20,2024-12-08,False
1849,Shelley Drake,5,Gold,2023-05-24,2025-03-21,False
1850,Jennifer Houston,5,Standard,2022-01-04,,True
1851,Bryce Schmidt,5,Silver,2025-03-26,,True
1852,Danielle Hayes,3,Silver,2025-04-28,,True
1853,Kayla Keller,1,Gold,2024-05-25,,True
1854,Teresa Morris,4,Standard,2022-01-04,,True
1855,Tracy Fitzgerald,3,Gold,2024-03-19,,True
1856,Dr. Robert Bailey,1,Standard,2024-05-15,2024-09-30,False
1857,Karen Barrett,3,Standard,2025-04-13,,True
1858,James Lawson,4,Silver,2024-06-11,,True
1859,Sherri Glover,3,Silver,2024-06-27,,True
1860,Jonathan Miller,5,Silver,2024-07-03,,True
1861,Victoria Owens DVM,2,Silver,2024-11-28,,True
1862,Mr. David Jackson,2,Standard,2025-05-03,,True
1863,Ashley Holder,2,Gold,2025-04-19,,True
1864,Erin Reyes,1,Standard,2022-02-07,,True
1865,Mary Lynn,2,Silver,2022-12-24,,True
1866,Madeline Vasquez,1,Standard,2024-05-05,2025-06-11,False
1867,Danny Johnston,4,Standard,2024-10-12,,True
1868,Thomas Paul,3,Standard,2025-03-24,2025-04-11,False
1869,Rachel Burch,5,Silver,2024-07-14,,True
1870,David Carter,1,Standard,2023-07-12,,True
1871,Chelsea Mcmahon,2,Standard,2022-05-23,2024-09-05,False
1872,Erik James,3,Silver,2024-01-01,,True
1873,Kevin Lee,5,Silver,2024-07-29,,True
1874,Ray Salinas,3,Standard,2023-05-11,,True
1875,Matthew Garza,5,Silver,2025-04-06,,True
1876,Samuel Stewart,1,Silver,2022-05-17,,True
1877,Michael Hernandez,3,Standard,2024-11-07,2025-03-11,False
1878,Sarah Carey,2,Standard,2022-12-28,,True
1879,Melissa Hill,5,Standard,2022-02-13,2024-08-21,False
1880,Lynn Lewis,5,Standard,2024-12-17,,True
1881,Amy Patrick,1,Standard,2023-01-07,,True
1882,Sarah Michael,2,Silver,2022-07-14,,True
1883,Tammy Parsons,3,Standard,2022-10-15,,True
1884,Robert Gaines,2,Gold,2024-12-29,2025-09-21,False
1885,James Henderson,5,Standard,2022-07-23,,True
1886,James Jones,5,Silver,2023-08-28,,True
1887,Thomas Haynes,1,Standard,2024-07-16,,True
1888,Frank Moody,3,Standard,2023-12-01,,True
1889,Timothy Torres,5,Gold,2025-01-09,,True
1890,Jessica Olson,2,Gold,2024-04-15,,True
1891,Robert Gonzalez,3,Standard,2025-02-18,,True
1892,Ashley Floyd,1,Standard,2024-04-10,2024-11-24,False
1893,William Shelton,5,Silver,2024-12-31,,True
1894,Henry Wells,1,Gold,2022-08-03,,True
1895,Jose Morgan,3,Standard,2025-04-20,,True
1896,Nathan Sanchez,5,Standard,2023-07-08,,True
1897,Eric Carlson,1,Standard,2022-06-01,,True
1898,Patty Esparza,2,Standard,2022-08-09,,True
1899,John Meyers,1,Gold,2024-05-05,,True
1900,Jill Smith,2,Gold,2023-05-03,,True
1901,Martin Kerr,5,Standard,2022-05-29,,True
1902,Victoria Mendoza,1,Standard,2022-10-15,,True
1903,Kevin Cruz,2,Gold,2024-06-04,,True
1904,Elizabeth Martinez,4,Silver,2025-06-29,,True
1905,Kimberly Sullivan,2,Standard,2023-02-19,2025-06-05,False
1906,Rachel Moreno,4,Silver,2024-06-13,2025-01-21,False
1907,Kimberly Fuentes,1,Silver,2022-03-23,,True
1908,Christine Barrett,2,Standard,2024-04-11,,True
1909,Melissa Smith,3,Standard,2022-05-30,,True
1910,Andrew Andrews,1,Standard,2023-07-25,,True
1911,Paul Miller,3,Silver,2024-04-12,2024-06-06,False
1912,Vincent Jackson,5,Silver,2022-06-09,,True
1913,Danielle Williams,3,Standard,2025-05-31,,True
1914,Elaine Ferguson,4,Silver,2025-04-21,,True
1915,Erik Bartlett DVM,4,Standard,2022-06-28,,True
1916,Melissa Bates,4,Silver,2024-02-13,,True
1917,Scott Lewis,5,Standard,2022-02-27,2024-01-27,False
1918,Leslie Ramirez,5,Standard,2022-06-21,,True
1919,Joshua Green,5,Standard,2024-07-19,,True
1920,Jesus Duffy,1,Standard,2024-04-09,,True
1921,Briana Harris,5,Standard,2024-05-13,,True
1922,Maria Klein,3,Silver,2024-03-14,2024-09-06,False
1923,Kayla Martin,3,Silver,2023-12-21,,True
1924,Richard Gray,4,Standard,2024-11-14,,True
1925,Devin Schmidt,1,Standard,2025-05-15,,True
1926,Gary Davis,5,Standard,2024-05-22,,True
1927,Brianna Yates,4,Silver,2025-03-06,,True
1928,William Walker,5,Standard,2022-12-16,,True
1929,Joseph Hutchinson,2,Standard,2025-04-29,2025-11-07,False
1930,Anna Bailey,3,Gold,2024-01-22,,True
1931,Devin Garcia,1,Silver,2024-01-01,,True
1932,Paul White,5,Standard,2022-03-03,,True
1933,Rachel Arnold,1,Standard,2024-10-25,,True
1934,Deanna Parks,5,Standard,2025-01-30,2025-06-13,False
1935,Brenda Bradley,5,Gold,2024-06-29,,True
1936,Margaret Wood,3,Standard,2022-12-08,,True
1937,Jennifer Ellis,3,Standard,2024-09-19,,True
1938,Dustin Cisneros,5,Standard,2023-07-15,2024-09-15,False
1939,Tammy Perez,2,Standard,2023-10-27,,True
1940,Eric Townsend,3,Standard,2024-03-22,,True
1941,Angela Allen,2,Silver,2024-12-14,,True
1942,Angela Mitchell,5,Gold,2022-04-30,,True
1943,Alexandra Vaughan,5,Standard,2025-04-01,,True
1944,Breanna Jimenez,5,Standard,2024-05-13,,True
1945,Belinda Smith,1,Standard,2024-05-24,2025-06-24,False
1946,Adrienne Coleman,2,Silver,2022-08-31,,True
1947,Mary Knapp DVM,4,Gold,2023-11-13,2024-09-08,False
1948,Amanda West,3,Standard,2025-04-20,,True
1949,Pamela Mckee,2,Standard,2022-08-04,,True
1950,Harry Williams,5,Standard,2022-08-12,2024-09-24,False
1951,Wayne Morgan,2,Standard,2023-09-25,,True
1952,Shannon Roberts,4,Standard,2024-05-16,2025-09-22,False
1953,Aaron Welch,3,Silver,2023-09-09,,True
1954,Tanya Haley,2,Silver,2023-05-18,,True
1955,Stephanie Charles,3,Silver,2023-10-20,2025-10-14,False
1956,Joe Evans,4,Standard,2022-03-15,,True
1957,Nathan Morales,3,Standard,2022-05-17,,True
1958,Craig Rice,2,Silver,2022-01-12,,True
1959,Adriana Hammond,4,Standard,2025-02-20,2025-06-28,False
1960,James Diaz,3,Standard,2022-11-16,,True
1961,Debra Mayo,3,Gold,2025-02-12,,True
1962,Charles Burgess,4,Standard,2024-04-17,,True
1963,Ashley Mitchell,3,Standard,2022-01-08,2025-10-07,False
1964,Andre Wade,1,Standard,2022-06-20,2024-11-03,False
1965,Victoria Wilson,5,Standard,2025-04-25,,True
1966,Michael Anderson DDS,3,Gold,2023-09-17,,True
1967,Nicholas Harmon,2,Gold,2024-09-22,,True
1968,Tyler Sparks,2,Standard,2024-11-19,,True
1969,Adam Cohen,1,Silver,2022-06-10,,True
1970,Jessica Harper,1,Silver,2022-03-08,,True
1971,Douglas Miller,1,Silver,2022-01-11,,True
1972,Monica Lopez,5,Standard,2023-07-02,,True
1973,Dennis Haynes,5,Standard,2022-12-25,,True
1974,John Patton,1,Silver,2024-04-30,,True
1975,Lisa Lopez,5,Gold,2022-05-12,,True
1976,Brittany Martinez,5,Standard,2024-12-26,,True
1977,Corey Thomas,2,Standard,2023-05-28,,True
1978,Sean James,2,Gold,2022-01-23,,True
1979,Veronica Walker,5,Silver,2023-11-01,,True
1980,Jeffery Williams,3,Standard,2023-06-28,,True
1981,Michelle Wright,5,Standard,2022-05-21,2024-09-22,False
1982,Aaron Guerrero,4,Standard,2025-02-16,,True
1983,Douglas Obrien,1,Silver,2023-02-15,,True
1984,John Cook,5,Silver,2023-07-04,,True
1985,Melanie Townsend,5,Standard,2022-05-23,,True
1986,Robert Paul,2,Standard,2022-06-16,,True
1987,Donald Silva,5,Silver,2024-01-22,2025-03-25,False
1988,Mark Guzman,2,Silver,2022-04-22,,True
1989,Stacey Roth,4,Gold,2022-02-22,,True
1990,Brett Mcmahon,1,Standard,2022-09-04,,True
1991,John Juarez,4,Standard,2024-02-29,,True
1992,Carl Barnes,3,Standard,2023-11-12,,True
1993,Olivia Mathis,1,Silver,2024-06-27,,True
1994,Jacob Soto,5,Gold,2023-12-17,,True
1995,Mr. Troy Gibbs,3,Standard,2022-05-30,2024-11-14,False
1996,Walter Roberts,4,Gold,2022-08-02,,True
1997,William Lee,1,Gold,2025-05-04,,True
1998,Joseph Palmer Jr.,3,Standard,2024-11-05,,True
1999,Kristina Myers,5,Silver,2023-07-13,,True
2000,Kenneth Vargas,3,Silver,2024-02-14,2024-07-04,False
2001,Kayla Gordon,3,Silver,2022-01-12,,True
2002,Elizabeth Adams,5,Standard,2024-07-08,2024-11-25,False
2003,Joseph Carter,4,Standard,2022-06-01,,True
2004,Diana Anderson,1,Standard,2024-03-27,,True
2005,Wanda Clark,4,Gold,2025-01-19,2025-02-05,False
2006,Mackenzie Compton,2,Standard,2022-05-29,,True
2007,Deborah Anderson,3,Silver,2023-02-19,2025-11-21,False
2008,William Garrett,3,Standard,2025-02-20,,True
2009,Nicholas Ramirez,4,Gold,2022-01-14,,True
2010,Shawna Crosby,1,Standard,2022-11-23,2024-01-12,False
2011,Melissa Bautista,2,Standard,2024-01-15,,True
2012,Christine Ramos,2,Standard,2022-11-25,2025-04-02,False
2013,Mark Garrison,3,Standard,2023-02-18,,True
2014,Nicholas Hamilton,2,Standard,2023-05-20,,True
2015,Jon Stevens,5,Silver,2022-07-09,,True
2016,Terri White,1,Silver,2024-11-06,2025-01-18,False
2017,Stephen Roth,4,Silver,2022-12-26,,True
2018,Charles Simmons,1,Standard,2024-05-27,,True
2019,Jennifer Ramsey,4,Standard,2023-08-04,,True
2020,Alexandra Garcia,5,Standard,2022-06-25,,True
2021,Adam Rivas,4,Standard,2023-05-05,,True
2022,Randy Adams,1,Standard,2025-04-07,,True
2023,Rebecca Smith,5,Standard,2025-04-12,,True
2024,Sabrina Farrell,5,Standard,2024-10-07,,True
2025,Peter Stafford,5,Standard,2022-04-19,,True
2026,John Sanchez,2,Standard,2024-11-06,,True
2027,Alisha Williams,2,Standard,2023-11-25,2024-07-14,False
2028,Stephen Perry,4,Silver,2023-11-26,,True
2029,Darrell Cruz,5,Silver,2022-01-02,,True
2030,Thomas Cohen,3,Gold,2023-03-27,,True
2031,Stephanie Vasquez,2,Standard,2024-05-26,,True
2032,Tyler Campbell,4,Gold,2025-06-18,,True
2033,Tim Miller,2,Standard,2022-04-08,2024-08-31,False
2034,Jeffrey Rogers,4,Silver,2022-02-25,,True
2035,Steven Mcdaniel,5,Silver,2022-08-20,,True
2036,Shawn Nelson,2,Silver,2024-03-08,,True
2037,Derek Meadows,5,Standard,2023-09-30,,True
2038,Shannon Spence,3,Gold,2024-10-16,,True
2039,Charles Griffin,5,Silver,2024-09-19,,True
2040,Robin Wilson,2,Standard,2024-10-13,,True
2041,Brianna Morris,2,Standard,2023-06-30,,True
2042,Johnny Olson,2,Standard,2022-06-12,2025-07-14,False
2043,Mallory Taylor,5,Silver,2025-05-26,,True
2044,Janet Dunn,2,Silver,2025-04-19,,True
2045,Crystal Miller,2,Standard,2023-11-19,2024-12-25,False
2046,Paula Shepherd,5,Silver,2024-07-01,,True
2047,Isaiah Harris,5,Standard,2022-10-07,,True
2048,John Anderson,1,Standard,2024-12-21,,True
2049,Heather Atkinson,2,Gold,2022-05-21,,True
2050,Joe Conley,5,Silver,2024-09-20,,True
2051,Daniel Walker,4,Standard,2023-12-05,2025-11-10,False
2052,Michael Thomas,3,Gold,2024-08-11,,True
2053,Jessica Brown,5,Standard,2024-07-24,,True
2054,Kirk Moore,4,Silver,2022-05-16,2025-02-28,False
2055,David Smith,4,Standard,2022-07-07,,True
2056,Preston Harrison,5,Standard,2024-11-26,,True
2057,Tiffany Harrison,2,Standard,2022-06-28,,True
2058,Matthew Smith,2,Gold,2024-07-10,,True
2059,Marvin Munoz,1,Standard,2022-05-22,,True
2060,James Henderson,5,Standard,2022-08-10,,True
2061,Michael Scott,2,Standard,2025-04-24,,True
2062,Darren Huynh,1,Silver,2023-12-31,,True
2063,James Tapia,1,Standard,2022-12-13,,True
2064,Anthony Long,4,Silver,2024-08-06,,True
2065,Lisa Jones,3,Standard,2024-11-15,,True
2066,Matthew Sullivan,1,Standard,2024-06-02,,True
2067,Jeff Nelson,5,Standard,2023-05-01,2024-02-09,False
2068,Richard Rogers,5,Standard,2022-05-14,,True
2069,Brian Lewis,3,Silver,2022-11-02,,True
2070,Chelsea Harris,4,Silver,2022-01-15,,True
2071,Bradley Hudson,4,Silver,2025-03-31,,True
2072,Mrs. Amber Davis,5,Standard,2022-02-27,,True
2073,Dr. Tina Porter,3,Silver,2023-01-29,,True
2074,Carl Leonard,4,Standard,2023-02-06,2024-10-12,False
2075,Kathy Shaw,3,Silver,2023-02-27,,True
2076,Robert Woods,4,Silver,2024-09-15,,True
2077,Christopher Fleming,1,Silver,2025-01-13,,True
2078,Crystal Lewis,4,Silver,2022-04-11,2025-04-01,False
2079,Wendy Mason,2,Standard,2024-05-19,2024-08-10,False
2080,Kelly Mack,5,Standard,2025-06-20,,True
2081,Earl Hanson,3,Silver,2023-07-25,,True
2082,Micheal Vega,5,Silver,2025-04-14,,True
2083,Tina Bradley,1,Standard,2022-11-02,2025-12-28,False
2084,Adrian Miranda,1,Silver,2025-06-22,,True
2085,Rebecca Jacobson,2,Standard,2023-01-30,,True
2086,Edward Jones,5,Standard,2023-09-29,2024-11-28,False
2087,Michael Murray,1,Standard,2024-01-06,2024-09-18,False
2088,Pamela Ramos,3,Standard,2025-06-12,,True
2089,Valerie Freeman,1,Silver,2025-03-25,,True
2090,Jason Harvey,4,Silver,2023-04-09,,True
2091,Jose Weber,5,Standard,2024-05-18,,True
2092,Jason Cole,5,Standard,2023-02-05,,True
2093,William Brown,2,Silver,2025-01-24,2025-12-28,False
2094,Kristina Moore,4,Standard,2024-10-05,,True
2095,Kelly Nash,5,Standard,2022-05-15,,True
2096,Maureen Bailey,1,Silver,2022-10-12,,True
2097,Sabrina Rodriguez,5,Standard,2023-08-21,,True
2098,Tyler Sanders,2,Silver,2022-08-19,,True
2099,Austin Peterson,1,Standard,2023-07-07,,True
2100,Patrick Wilson,1,Gold,2024-02-11,,True
2101,Tiffany Thomas,1,Gold,2023-08-04,,True
2102,Victoria Schroeder,4,Standard,2022-09-30,,True
2103,Veronica Lewis,4,Standard,2022-03-21,2025-08-13,False
2104,Jenny King,2,Standard,2022-09-27,2024-01-17,False
2105,Donald Miller,1,Gold,2022-08-13,,True
2106,Jason Lewis,5,Standard,2025-01-19,,True
2107,Steven Patterson,5,Gold,2025-02-13,2025-04-13,False
2108,Craig Mcmahon,3,Standard,2025-05-14,,True
2109,Tracie Kim,3,Standard,2023-09-07,2025-01-25,False
2110,Samantha Hoffman,2,Standard,2025-03-10,,True
2111,Nathan Lane,4,Silver,2025-02-14,,True
2112,Samantha Navarro,3,Standard,2022-07-04,,True
2113,Alexis Mosley,5,Standard,2024-11-18,,True
2114,Mr. Ricky Craig III,1,Standard,2025-04-06,,True
2115,Shannon Walters,3,Gold,2024-07-10,2025-12-24,False
2116,Amanda Reese,5,Gold,2024-03-26,,True
2117,Patricia Burke,5,Silver,2022-08-28,,True
2118,Corey Frazier,5,Standard,2022-10-03,,True
2119,Jack Turner,4,Gold,2025-05-03,,True
2120,Jonathan Duarte,5,Standard,2023-01-27,2025-08-20,False
2121,Ronald Simmons,2,Silver,2023-06-13,,True
2122,Timothy Ellis,4,Silver,2025-05-27,,True
2123,Carla Graham,5,Gold,2023-04-22,,True
2124,Melanie Walters,4,Standard,2022-12-30,,True
2125,Susan Garcia,1,Standard,2024-06-14,,True
2126,Ann Smith,2,Silver,2022-04-22,,True
2127,Loretta Gardner,2,Silver,2025-04-04,2025-05-02,False
2128,Renee Contreras,4,Gold,2024-03-19,,True
2129,Ricardo Arnold,5,Standard,2024-12-22,,True
2130,Tiffany Bell,3,Standard,2022-05-27,,True
2131,Terry Newman,1,Standard,2024-10-09,,True
2132,Todd Casey,3,Standard,2024-09-28,,True
2133,Elizabeth Orr,2,Standard,2023-10-10,2024-07-14,False
2134,April Stout,3,Standard,2025-03-06,,True
2135,Richard Randall,5,Standard,2022-02-11,,True
2136,Emily Jackson,2,Standard,2023-10-25,,True
2137,Justin Myers,2,Standard,2024-01-01,,True
2138,Anthony Frederick,2,Gold,2024-02-26,,True
2139,Jeanette Chandler,2,Standard,2023-07-02,,True
2140,David Mckinney,2,Silver,2023-05-30,2024-08-20,False
2141,Kenneth Myers,3,Standard,2022-06-11,,True
2142,Sara Moore,1,Standard,2024-08-30,,True
2143,Alexander Smith,1,Silver,2023-02-16,,True
2144,Kimberly Compton,4,Silver,2024-09-09,2024-11-21,False
2145,Nicholas Lucero,5,Gold,2023-12-31,,True
2146,Chelsea Delgado,4,Standard,2024-03-20,,True
2147,Ryan Barber,3,Standard,2022-10-10,,True
2148,Anthony Miller,5,Gold,2024-10-26,2025-04-06,False
2149,William Camacho,4,Standard,2022-07-03,,True
2150,Barbara Thomas,5,Standard,2022-05-22,,True
2151,Billy Kirk,2,Silver,2022-12-01,,True
2152,Brian Pope,2,Standard,2025-03-10,,True
2153,Mr. Daniel Barnes,4,Standard,2023-06-12,,True
2154,Joanne Martin,5,Standard,2025-02-09,,True
2155,Mary Welch,3,Standard,2023-01-17,,True
2156,Grant Reed,2,Standard,2024-12-26,,True
2157,Abigail Boyd,1,Silver,2025-06-23,,True
2158,Larry Herrera,4,Standard,2022-11-21,,True
2159,Cindy Diaz,1,Standard,2023-10-23,,True
2160,Bradley Holt,2,Standard,2025-02-20,2025-03-01,False
2161,Brandon Erickson,1,Standard,2022-06-11,2024-07-18,False
2162,Jessica Potts,5,Gold,2024-04-11,2025-01-29,False
2163,Craig Mathis,2,Standard,2025-03-22,,True
2164,Ashley Mcguire,2,Standard,2024-07-04,,True
2165,Nathan Hamilton,5,Standard,2024-01-20,2024-05-16,False
2166,Denise Flores,2,Standard,2023-07-24,,True
2167,Curtis Gomez,2,Standard,2022-05-18,,True
2168,Joanna Preston,3,Standard,2025-02-19,,True
2169,Jason Munoz,4,Standard,2025-05-07,,True
2170,Kerry Sanders,2,Silver,2025-01-24,,True
2171,Cody Sanchez,5,Silver,2022-05-27,2025-08-13,False
2172,Charles Edwards,1,Silver,2022-10-02,,True
2173,Michelle Lewis,2,Silver,2022-01-13,,True
2174,David Jones,4,Standard,2023-12-26,,True
2175,Daniel Hoffman,2,Standard,2022-12-28,,True
2176,Rhonda Powers,1,Standard,2024-07-02,,True
2177,Jessica Li,4,Standard,2024-01-03,2025-04-17,False
2178,Anthony Hill Jr.,5,Standard,2022-09-10,2024-02-06,False
2179,Leslie Young,3,Silver,2023-08-01,,True
2180,Laura Smith,3,Standard,2022-01-28,2024-01-14,False
2181,Amanda Ferguson,5,Standard,2023-08-13,2024-04-05,False
2182,Alan Harrison,1,Silver,2023-11-05,,True
2183,Eric Stewart,1,Standard,2024-11-24,,True
2184,Raymond Snyder,3,Standard,2023-03-18,,True
2185,William Snyder,1,Standard,2022-03-02,,True
2186,Sarah Pace,3,Standard,2024-03-29,,True
2187,Roger Taylor,3,Silver,2022-05-12,,True
2188,Courtney Miller,3,Standard,2025-06-21,2025-12-04,False
2189,Rose Medina,4,Standard,2024-07-12,,True
2190,Amy Ware,5,Standard,2022-01-07,,True
2191,Eric Baker,5,Silver,2022-02-24,,True
2192,Jamie Hale,5,Standard,2024-05-27,,True
2193,Barbara Flores,3,Standard,2025-03-26,,True
2194,Sarah Woodard,5,Standard,2022-07-08,,True
2195,Kelly Allen,4,Gold,2024-03-23,,True
2196,Douglas Barton MD,4,Silver,2023-09-02,,True
2197,Heather Houston,4,Silver,2022-04-28,2025-07-13,False
2198,Savannah Neal,2,Gold,2022-11-06,,True
2199,Daniel Santiago MD,3,Standard,2022-04-06,,True
2200,Gilbert Cervantes DDS,5,Silver,2023-05-07,,True
2201,Tony Erickson,1,Standard,2023-10-18,,True
2202,Ashley Anderson,3,Standard,2024-04-16,,True
2203,Jesse Oliver,3,Silver,2025-03-15,,True
2204,Barry Henderson,3,Silver,2022-09-17,,True
2205,Laura Garcia,4,Standard,2024-05-25,,True
2206,Brian Smith,4,Silver,2023-08-12,,True
2207,John Schmidt,3,Silver,2023-08-12,,True
2208,Joshua Gomez,5,Gold,2023-03-26,,True
2209,Jeffrey Cook,4,Standard,2022-09-28,,True
2210,Anthony Reyes,1,Standard,2023-07-18,,True
2211,Collin Thompson,2,Silver,2025-03-30,,True
2212,Kelly Rodriguez,1,Standard,2022-12-19,,True
2213,Brian Wilson,4,Standard,2022-03-05,,True
2214,Cynthia Patel,1,Gold,2025-02-16,,True
2215,Melissa Sullivan,4,Standard,2022-12-18,,True
2216,Roger Holt,1,Silver,2023-05-17,,True
2217,Dalton Walsh,5,Silver,2023-09-24,,True
2218,Cody Velez,1,Standard,2024-06-19,2024-11-27,False
2219,Melissa Jackson,5,Standard,2024-03-04,2025-07-09,False
2220,Gary Gibson,4,Standard,2024-05-19,,True
2221,Jessica Smith,2,Silver,2025-05-12,,True
2222,Carolyn Wolf,4,Silver,2025-05-28,,True
2223,John Smith,2,Standard,2022-01-13,,True
2224,Alan Frazier,2,Standard,2025-01-19,2025-07-01,False
2225,Jonathan Fischer,3,Gold,2023-01-06,,True
2226,Robert Rogers,3,Gold,2024-09-16,,True
2227,Joshua Alvarado,4,Gold,2023-09-19,,True
2228,Elizabeth Cook,5,Gold,2022-11-20,2024-11-30,False
2229,Sharon Anthony,5,Standard,2023-10-23,,True
2230,Margaret Hernandez,5,Standard,2023-09-11,2024-07-16,False
2231,Zachary Howard,5,Standard,2023-06-08,,True
2232,Melissa Jordan,5,Standard,2022-02-09,,True
2233,Jamie Rodriguez,5,Standard,2022-09-21,2024-03-06,False
2234,Kimberly Gaines,3,Standard,2022-12-16,,True
2235,Carrie Lozano,2,Silver,2025-06-13,,True
2236,Kevin Landry,4,Standard,2023-03-22,,True
2237,Kevin Miles,4,Standard,2022-12-19,,True
2238,Lacey Sparks,3,Standard,2024-11-30,2025-01-17,False
2239,Adam Ho,5,Silver,2023-03-19,,True
2240,Kelly Roberts,2,Standard,2022-07-07,,True
2241,John Brown,4,Standard,2023-12-14,,True
2242,Daniel Petersen,4,Gold,2023-01-12,,True
2243,Aaron Bell PhD,4,Standard,2022-06-07,,True
2244,Shawn Glover,4,Silver,2022-03-05,,True
2245,Kristina Mckay,5,Standard,2023-10-03,,True
2246,Nicholas Reynolds,1,Standard,2024-06-29,,True
2247,Andrew Fitzpatrick,2,Standard,2025-03-17,,True
2248,Jasmine Ross,5,Standard,2022-11-14,,True
2249,Tami Harper,2,Standard,2025-02-27,,True
2250,Shawn Brock,4,Silver,2022-08-10,,True
2251,Danielle Butler,2,Standard,2022-06-27,,True
2252,Edward Ho,4,Silver,2022-09-12,,True
2253,Richard Bass,5,Silver,2023-08-12,,True
2254,Melissa Gordon,5,Silver,2022-05-03,,True
2255,John Ali,3,Standard,2024-05-24,2024-12-19,False
2256,Allison Wang,5,Silver,2023-08-12,,True
2257,Terry Buchanan,4,Standard,2022-04-23,,True
2258,Stephanie Rich,1,Standard,2024-01-11,2024-10-05,False
2259,Michael Ford,3,Standard,2022-03-10,2025-09-08,False
2260,Sara Miller,4,Silver,2024-08-31,,True
2261,Mrs. Linda Short,3,Silver,2022-12-11,,True
2262,Sharon Martinez,4,Standard,2023-12-23,,True
2263,Michelle Miles,1,Standard,2024-01-16,,True
2264,Tracy Taylor,5,Standard,2023-10-21,,True
2265,Brittney Fuller,1,Standard,2025-02-16,,True
2266,Renee Hanson,2,Silver,2024-07-06,,True
2267,Christian Hobbs,1,Standard,2022-09-14,,True
2268,Brian Johnson,2,Standard,2023-10-26,,True
2269,Timothy Evans,2,Standard,2023-10-08,,True
2270,David Abbott,3,Silver,2023-09-10,,True
2271,Jessica Barrett,4,Gold,2022-11-29,,True
2272,Alex Thomas,4,Silver,2022-06-07,,True
2273,Jorge Lyons,1,Standard,2024-08-08,,True
2274,Mr. Brett Chapman,2,Standard,2022-09-13,,True
2275,James Marsh,4,Standard,2023-04-14,,True
2276,Brittany Campbell,4,Standard,2023-08-16,,True
2277,Kevin Johnson,3,Silver,2022-06-03,,True
2278,Terry Kelly,1,Standard,2024-04-09,2025-05-28,False
2279,Judy Smith,2,Standard,2022-06-27,,True
2280,Christine Orr,4,Standard,2022-07-22,2024-12-31,False
2281,Carrie Hernandez,1,Standard,2023-11-01,,True
2282,Julia Trevino,1,Standard,2024-04-16,,True
2283,Tammy Jones,2,Standard,2022-06-28,2025-07-27,False
2284,Lisa White,3,Gold,2024-12-06,2025-06-12,False
2285,Deanna Wolfe,2,Silver,2024-06-23,2025-03-31,False
2286,Lauren Gallegos,1,Silver,2024-01-22,,True
2287,Nicholas Hall,5,Standard,2022-03-28,,True
2288,Mr. Franklin Hall DDS,3,Standard,2024-04-28,,True
2289,Ashley Gilmore,3,Standard,2025-03-16,,True
2290,William Nielsen,1,Gold,2024-07-18,,True
2291,Andrew Brady,2,Gold,2022-03-21,,True
2292,Mark Johnson,2,Silver,2023-07-18,,True
2293,Jerry Anderson,3,Standard,2022-08-11,,True
2294,Christina Henry,3,Silver,2024-03-24,,True
2295,Jessica Rice,4,Silver,2024-05-16,2024-09-26,False
2296,Alexander Moyer,1,Gold,2024-10-05,,True
2297,Charles Smith,5,Silver,2022-05-03,,True
2298,Sharon Peterson,4,Silver,2024-09-15,,True
2299,Monica Rice,2,Standard,2024-05-20,,True
2300,Kathryn Kelly,1,Standard,2022-08-31,2024-05-31,False
2301,Jessica Garrett,4,Standard,2025-02-22,2025-11-15,False
2302,Bethany Holmes,5,Standard,2025-01-20,,True
2303,Joshua Johnson,1,Standard,2022-05-09,2024-12-30,False
2304,Ronald Myers,2,Silver,2024-11-14,,True
2305,Brooke Roberts,1,Standard,2023-04-02,,True
2306,Lisa Collins,2,Standard,2023-11-13,2024-06-25,False
2307,Stephanie Aguilar,5,Silver,2024-02-29,,True
2308,Miss Amanda Fisher,3,Silver,2025-04-10,,True
2309,Amy Harris,4,Silver,2022-09-13,,True
2310,Peter Gaines,1,Silver,2024-11-08,,True
2311,Robert Elliott DDS,3,Silver,2022-03-21,,True
2312,Benjamin Butler,3,Gold,2024-12-01,2025-10-15,False
2313,Stacy Mendoza,4,Silver,2024-08-01,,True
2314,Ashley Crawford,5,Standard,2022-06-15,,True
2315,John Harrington,4,Standard,2022-10-15,,True
2316,Timothy Johnson,2,Standard,2025-01-23,,True
2317,Lee Gray,3,Silver,2024-09-24,,True
2318,John Hughes,3,Gold,2024-05-22,,True
2319,Michael Dunn,5,Gold,2023-04-27,,True
2320,Luis Berger,5,Standard,2022-05-28,,True
2321,Thomas Allen,5,Standard,2023-03-25,,True
2322,Jason Goodwin,3,Silver,2022-04-28,,True
2323,Amber Pham,5,Standard,2024-10-27,,True
2324,Anthony Brown,1,Silver,2025-01-19,,True
2325,Ernest Morrison,5,Standard,2023-07-14,,True
2326,Mrs. Jennifer Sandoval DDS,2,Gold,2025-02-10,,True
2327,Christine Thornton,5,Gold,2022-04-08,,True
2328,Shannon Wallace,5,Standard,2024-11-03,,True
2329,Juan Melton,1,Silver,2023-01-22,,True
2330,Emma Weaver,5,Silver,2022-11-08,,True
2331,Jason Sampson,2,Standard,2022-05-14,,True
2332,Thomas Skinner,4,Silver,2023-09-13,,True
2333,Barbara Hardy,2,Silver,2023-10-27,2024-08-10,False
2334,David Alexander,3,Standard,2024-10-02,,True
2335,Alison Huff,3,Standard,2024-09-02,,True
2336,Elizabeth Hanna,5,Silver,2022-12-11,,True
2337,Janet Smith,1,Silver,2022-03-18,,True
2338,Danny Gray,2,Standard,2023-05-04,,True
2339,Mary Johnson,1,Standard,2024-04-22,,True
2340,Nicole Rogers,4,Standard,2024-08-31,2025-11-30,False
2341,Paul Robinson,1,Silver,2024-11-22,,True
2342,Lisa Glenn,4,Silver,2022-02-04,,True
2343,Nicole Aguirre,5,Silver,2024-09-25,,True
2344,Tara Mitchell,5,Standard,2023-12-08,,True
2345,Jessica Ball,3,Standard,2025-06-18,,True
2346,Julie Riddle,1,Standard,2024-09-08,2025-01-10,False
2347,Diana Fleming,2,Silver,2022-10-31,,True
2348,Dr. Elizabeth Duncan MD,1,Standard,2022-12-17,,True
2349,David Delgado,1,Standard,2022-12-16,,True
2350,Eric Guerrero,4,Silver,2024-09-11,,True
2351,Jill Smith,1,Silver,2024-12-02,,True
2352,Ian Little,3,Standard,2022-01-12,,True
2353,Kevin Miller,1,Silver,2023-12-12,,True
2354,Tiffany Alexander,1,Gold,2025-02-18,,True
2355,Debbie Simpson,5,Standard,2022-11-26,,True
2356,Seth Douglas,2,Standard,2022-10-18,,True
2357,Cathy Hunter,2,Standard,2022-10-24,,True
2358,Juan Perez,2,Silver,2023-07-16,,True
2359,Vanessa Smith DVM,2,Silver,2025-04-29,,True
2360,Amanda Young,5,Standard,2024-12-19,,True
2361,Ashley Jones,1,Silver,2022-05-20,,True
2362,Sandra Becker,5,Standard,2022-09-18,,True
2363,Douglas Johnson,4,Silver,2022-04-02,,True
2364,William Merritt,4,Gold,2024-02-14,,True
2365,Elizabeth Johnson,2,Silver,2023-04-24,,True
2366,Chris Garza,5,Standard,2023-04-15,,True
2367,Erik Baldwin,3,Silver,2022-05-16,,True
2368,Michelle Case,5,Gold,2024-08-04,,True
2369,Mary Hernandez,4,Gold,2023-04-29,,True
2370,Tina Benjamin,3,Silver,2024-08-31,,True
2371,Yolanda Mccoy,3,Silver,2025-06-20,,True
2372,Barbara Johns,4,Silver,2024-07-25,,True
2373,Mary Meyer,4,Silver,2024-10-15,,True
2374,Kenneth Bartlett,3,Silver,2023-02-09,,True
2375,Vanessa Hall,5,Standard,2023-02-24,,True
2376,Jill Rosario,4,Silver,2023-02-06,2025-12-10,False
2377,Justin Jones,3,Standard,2023-06-08,,True
2378,Richard Hall,4,Standard,2023-04-08,2024-12-19,False
2379,Dr. Danielle Blankenship,4,Standard,2024-11-22,,True
2380,Lisa Flynn,1,Gold,2024-05-10,,True
2381,Jason Wagner,5,Standard,2023-03-12,,True
2382,Stanley Gonzalez Jr.,2,Gold,2022-07-09,,True
2383,Jason Cannon,3,Standard,2023-08-03,,True
2384,Brian Booth,2,Standard,2024-06-26,,True
2385,Christopher Jones,3,Standard,2024-11-30,,True
2386,Jasmine Henderson,3,Gold,2023-10-20,,True
2387,Edward Rogers,5,Silver,2022-06-12,2025-05-23,False
2388,Lee Rodriguez,5,Standard,2024-11-18,,True
2389,Thomas Dodson,1,Standard,2024-07-10,,True
2390,Natalie Graham,2,Standard,2025-03-08,,True
2391,Morgan Cummings,3,Gold,2024-08-24,,True
2392,Katrina Hernandez,2,Standard,2024-01-23,,True
2393,Megan Chavez,3,Standard,2022-01-10,,True
2394,Nathan Ramirez,4,Silver,2023-02-13,,True
2395,Anthony Holmes MD,2,Silver,2024-09-13,2025-01-01,False
2396,Dominique Cruz,3,Silver,2023-10-11,,True
2397,Tony Khan,2,Standard,2024-08-24,2025-12-08,False
2398,Donald Hobbs,5,Silver,2024-07-21,,True
2399,Christopher Roberts,1,Silver,2023-02-06,,True
2400,Christopher Crosby,3,Standard,2023-09-13,,True
2401,Ashley Hall,5,Standard,2022-11-28,,True
2402,Juan Romero,1,Gold,2022-12-22,,True
2403,Amanda Macdonald,3,Standard,2022-08-04,,True
2404,John Carson,4,Standard,2023-11-18,,True
2405,Travis Simmons,1,Gold,2023-04-17,,True
2406,Jesse Hardin,2,Silver,2023-07-22,,True
2407,Barbara Oneal,5,Gold,2024-07-02,,True
2408,Donald Barnett,4,Standard,2023-09-22,2024-03-04,False
2409,Natasha Walker,5,Standard,2025-05-20,,True
2410,Jesse Moss,5,Silver,2022-04-05,2024-04-24,False
2411,Michael Mcclain,3,Standard,2024-05-07,,True
2412,Michael Boyd,2,Standard,2022-02-18,,True
2413,Sara Garrett,4,Gold,2022-08-31,,True
2414,Danielle Willis,5,Silver,2025-04-26,,True
2415,Craig Harrison,1,Standard,2025-01-17,,True
2416,Jonathan Anderson,3,Silver,2023-09-11,,True
2417,Jose Cummings,2,Standard,2024-03-20,,True
2418,John Carr,1,Standard,2022-10-01,,True
2419,Lisa Welch,1,Standard,2024-06-24,2024-07-15,False
2420,Joseph Best,3,Standard,2022-10-27,,True
2421,Sheri Contreras,5,Standard,2025-01-25,,True
2422,Linda Daniels,2,Silver,2023-09-18,,True
2423,Victor Prince,4,Silver,2023-01-12,,True
2424,Jeremy Wright,4,Standard,2024-09-01,,True
2425,Mary Bailey,5,Standard,2023-06-27,2024-05-08,False
2426,Stephen Larsen,5,Gold,2023-05-23,,True
2427,Melissa Johnson,5,Standard,2025-01-07,,True
2428,Samuel Ortiz,1,Standard,2022-12-08,,True
2429,Michael Jenkins,4,Standard,2023-12-19,,True
2430,Dean Brown,5,Standard,2024-10-29,,True
2431,Amber West,4,Standard,2023-09-12,2024-06-08,False
2432,Kimberly Chan,3,Standard,2022-10-10,,True
2433,Lisa Anderson,3,Silver,2022-05-21,,True
2434,James Deleon,1,Silver,2023-11-20,2025-11-24,False
2435,Ralph Brown,2,Gold,2023-03-02,,True
2436,Joseph Galloway,5,Silver,2022-03-04,,True
2437,Mitchell Roberts,4,Silver,2024-12-05,,True
2438,Jason Tran,4,Standard,2022-07-25,,True
2439,Nicole Rose,2,Standard,2022-11-14,2024-01-10,False
2440,Amanda Campbell,3,Standard,2023-10-02,,True
2441,Amanda Brady,1,Standard,2022-01-31,2025-04-06,False
2442,James Cardenas,1,Standard,2024-11-03,,True
2443,Jonathan Warner,5,Gold,2025-01-23,2025-11-13,False
2444,Patrick Weaver,3,Standard,2024-07-23,,True
2445,Kevin Myers,1,Standard,2025-03-18,,True
2446,Rachel Coleman,4,Standard,2024-11-26,,True
2447,Jimmy Garcia,2,Silver,2024-08-06,,True
2448,Jamie Jordan,2,Standard,2025-05-21,,True
2449,Donald Mitchell,5,Silver,2022-10-11,,True
2450,Janet Kaiser,5,Standard,2024-06-15,,True
2451,Michelle Chavez,2,Silver,2024-07-17,2025-12-05,False
2452,Ray West,1,Standard,2024-01-08,,True
2453,Eric Thomas,5,Standard,2023-09-01,,True
2454,Justin Clark,2,Standard,2024-03-14,,True
2455,Angela Powell,2,Silver,2025-04-17,,True
2456,Sara Hodges,5,Standard,2024-12-05,,True
2457,Jason Yang PhD,4,Silver,2022-03-17,,True
2458,Shelby Adams,1,Standard,2022-02-16,2025-05-17,False
2459,Jonathan Chung II,3,Silver,2022-09-24,2025-02-14,False
2460,Mr. Patrick Quinn,3,Gold,2023-08-12,,True
2461,Billy Martinez,1,Standard,2025-03-21,,True
2462,Craig Kane,4,Standard,2022-01-18,2025-01-14,False
2463,Kathleen Sims,4,Standard,2022-05-26,,True
2464,Shane Barnes,1,Gold,2023-11-01,,True
2465,Zachary Cortez,4,Gold,2022-01-12,,True
2466,Frank Preston,5,Standard,2025-01-28,,True
2467,Michael Lang,2,Standard,2023-12-21,2024-05-01,False
2468,Larry Kennedy,4,Silver,2025-04-29,,True
2469,Paul Ferrell,1,Standard,2022-09-26,,True
2470,Mike Wells,5,Standard,2025-03-29,,True
2471,John Holder,4,Standard,2023-02-10,,True
2472,Christina Davis,2,Standard,2022-01-08,,True
2473,Mario Wheeler,3,Standard,2023-08-09,,True
2474,Sophia Cooper,3,Standard,2022-03-27,,True
2475,Duane Buck,5,Standard,2022-01-19,,True
2476,Holly Wang,1,Silver,2023-06-28,,True
2477,Margaret Harris,4,Gold,2025-04-07,,True
2478,Christopher Elliott,1,Gold,2024-01-27,2024-04-08,False
2479,Janet Johnston,3,Standard,2022-06-11,2025-01-16,False
2480,Tracy Mclaughlin,3,Gold,2024-12-24,,True
2481,Christine Smith,2,Standard,2024-02-25,,True
2482,Timothy Mendez,4,Standard,2022-10-23,,True
2483,Aaron Miller,5,Gold,2022-07-02,,True
2484,Robert Coleman,2,Standard,2025-05-22,,True
2485,Peter Allen,5,Standard,2023-08-25,,True
2486,Michelle Kelly,3,Gold,2023-05-17,,True
2487,Blake Jacobs,3,Standard,2024-12-06,,True
2488,Diamond Thomas,2,Standard,2022-09-30,2024-05-01,False
2489,Michael King,2,Silver,2023-07-12,,True
2490,Marissa Thompson,2,Gold,2022-06-03,,True
2491,Patricia Reed,3,Silver,2025-01-10,,True
2492,Sherri Knapp,5,Gold,2023-06-26,,True
2493,Timothy Cowan,4,Gold,2022-09-01,,True
2494,Cory Willis,2,Silver,2022-09-07,,True
2495,Sydney Shaw,5,Gold,2023-02-24,,True
2496,Matthew May,3,Standard,2022-01-17,,True
2497,Michele Hill MD,5,Gold,2023-05-24,,True
2498,Kaitlin Lawson,1,Standard,2024-01-01,2024-01-23,False
2499,Maria Gardner,2,Silver,2023-08-03,2024-05-06,False
2500,Louis Reeves,3,Gold,2022-05-13,,True
2501,Angela Flowers,4,Gold,2024-06-19,2024-09-26,False
2502,Michael Edwards,3,Standard,2022-06-02,,True
2503,Samuel Rios,3,Standard,2024-12-30,,True
2504,Michael Yoder,2,Standard,2024-07-29,,True
2505,Dr. Holly Smith,2,Standard,2025-02-19,2025-04-13,False
2506,Michael Brown,5,Silver,2024-04-27,,True
2507,Brittany Adams,5,Silver,2022-09-04,,True
2508,Melissa Ortiz,2,Silver,2022-08-09,2024-02-02,False
2509,Teresa Collins,2,Silver,2024-03-21,,True
2510,John Huff,3,Standard,2023-12-17,,True
2511,Anita Hardin,4,Standard,2022-04-20,,True
2512,Evan Sims,5,Standard,2022-08-21,,True
2513,Adam Little,3,Standard,2022-01-26,,True
2514,Elizabeth Becker,4,Standard,2023-08-11,2025-10-02,False
2515,Nancy Collins,2,Standard,2025-04-17,2025-11-26,False
2516,Douglas Cunningham,2,Standard,2023-04-30,,True
2517,Denise Gonzalez,1,Gold,2023-06-13,,True
2518,Brandon Kelly,4,Standard,2025-06-03,2025-07-27,False
2519,Kelly Gallegos,2,Silver,2023-04-09,,True
2520,Travis Richards,1,Standard,2024-05-26,,True
2521,Wendy Hamilton,4,Gold,2022-07-18,,True
2522,Donna Peterson,4,Silver,2024-04-04,,True
2523,Debra Palmer,4,Gold,2025-05-20,2025-09-21,False
2524,Dean Weeks,4,Standard,2022-09-26,,True
2525,Karen Mcdonald,1,Silver,2023-10-22,,True
2526,Mary Valenzuela,4,Silver,2023-02-17,,True
2527,Ian Santana,4,Silver,2023-02-16,,True
2528,Steven Lopez,5,Silver,2022-07-22,2024-12-13,False
2529,Joshua Walton,5,Silver,2023-04-02,,True
2530,Linda Neal,1,Standard,2023-07-15,,True
2531,David Cummings,4,Standard,2024-07-21,,True
2532,Mr. Andrew Hickman,1,Gold,2024-02-06,,True
2533,Tammy Rodriguez,2,Standard,2022-10-26,,True
2534,Kenneth Watkins,4,Gold,2023-06-28,,True
2535,Eric Carlson,1,Silver,2022-07-29,,True
2536,Tiffany Bradley,5,Silver,2024-06-09,,True
2537,Rachel Brown,1,Standard,2022-06-28,,True
2538,Brenda Reed,4,Standard,2022-04-26,,True
2539,Matthew Gonzalez,3,Silver,2023-05-21,,True
2540,Scott Kim,3,Standard,2022-08-08,2024-08-12,False
2541,Justin Rowe,4,Standard,2024-07-12,,True
2542,Brett Pierce,1,Silver,2022-01-07,,True
2543,John Bennett,2,Standard,2023-05-18,,True
2544,Thomas Hughes,4,Standard,2023-08-15,,True
2545,Jennifer Murphy,5,Standard,2023-02-11,,True
2546,Shelley Carlson,5,Gold,2022-12-28,,True
2547,Michael Cordova,5,Standard,2023-11-13,,True
2548,Cassandra Young,4,Standard,2022-02-04,,True
2549,April Greene,1,Standard,2023-04-08,,True
2550,David Porter,5,Gold,2023-05-24,,True
2551,Brandon Cruz,2,Gold,2022-02-26,,True
2552,Eric Leonard,1,Standard,2022-08-18,,True
2553,Troy White,2,Silver,2023-09-06,,True
2554,Ashley Drake,1,Standard,2023-05-24,,True
2555,Mary Sullivan,4,Silver,2023-03-18,,True
2556,Carl Hunter,1,Standard,2024-10-26,,True
2557,Matthew Santiago,4,Silver,2024-05-25,,True
2558,Patrick Wilson,5,Silver,2023-06-24,2024-02-09,False
2559,Kathryn Norman,2,Standard,2024-10-26,,True
2560,Valerie Rodriguez,4,Standard,2024-06-27,,True
2561,Peter Berg,2,Gold,2022-08-17,,True
2562,Michelle Scott,5,Gold,2022-04-13,2024-01-06,False
2563,Shelby Graham,2,Standard,2023-10-20,,True
2564,Sean Stevens,2,Standard,2023-08-17,,True
2565,Jeffery Leonard,1,Standard,2022-03-05,2025-03-13,False
2566,Derek Carter,3,Silver,2024-09-05,,True
2567,Edward Johnson,4,Standard,2023-06-17,,True
2568,Jennifer Thompson,2,Standard,2022-05-23,2025-06-18,False
2569,Charles Snyder,2,Gold,2023-11-14,,True
2570,Jimmy Williamson,1,Silver,2025-02-13,,True
2571,Tara Hoover,3,Standard,2025-03-18,,True
2572,Gabriel Johnson,4,Gold,2023-12-28,,True
2573,Ashley Hunt,5,Silver,2024-02-17,2025-06-25,False
2574,Mark Turner,5,Gold,2024-07-14,,True
2575,Mikayla Newton,2,Standard,2023-05-27,2024-05-14,False
2576,Rebecca Duncan,4,Standard,2022-04-12,2025-10-28,False
2577,Kimberly Leon,4,Standard,2025-06-23,,True
2578,Kenneth Lewis,5,Standard,2024-06-04,,True
2579,Michael Lopez,5,Standard,2025-04-08,,True
2580,James White,5,Silver,2023-10-02,,True
2581,Richard Sandoval,2,Standard,2022-12-30,2024-01-04,False
2582,Richard Reid,2,Standard,2022-12-17,,True
2583,Michael Walker,3,Standard,2022-05-04,,True
2584,Lisa Murray,1,Silver,2024-02-20,,True
2585,Kimberly Alvarez,5,Standard,2023-06-21,,True
2586,Francisco Carson,1,Standard,2023-12-13,,True
2587,Kathryn Patel,4,Gold,2022-07-13,,True
2588,Jamie Guerrero,2,Silver,2022-08-05,,True
2589,John Mercer,5,Silver,2023-12-30,,True
2590,Kendra Torres,5,Silver,2022-04-17,,True
2591,John Moore,5,Standard,2024-08-16,,True
2592,Krystal Perry,4,Silver,2024-01-17,,True
2593,Diane Manning,3,Gold,2024-09-03,,True
2594,Joshua Gray,1,Silver,2025-06-16,,True
2595,James Lewis,3,Standard,2025-04-25,,True
2596,Sean Wang,4,Silver,2022-05-22,,True
2597,Krista Bell,4,Silver,2025-06-10,,True
2598,Diana Townsend,1,Standard,2022-10-05,,True
2599,Madeline Fields,2,Standard,2024-03-15,2025-05-24,False
2600,Courtney Powell,3,Standard,2023-10-03,,True
2601,Tim Moore,4,Standard,2024-08-23,,True
2602,Aaron Gallegos,2,Silver,2025-01-19,,True
2603,Melinda Garcia,1,Silver,2024-08-31,,True
2604,Jason Lopez,5,Gold,2024-01-11,,True
2605,Leonard Gordon,4,Silver,2022-02-07,,True
2606,Jennifer Johnson,5,Gold,2022-04-13,,True
2607,Mario Cohen,3,Standard,2024-02-18,,True
2608,Kyle Clarke,3,Standard,2025-04-29,,True
2609,Cheryl Gentry,5,Gold,2023-05-12,,True
2610,Cynthia Kennedy,3,Gold,2023-08-08,,True
2611,Casey Brown,5,Silver,2024-06-28,,True
2612,Judy Sutton,5,Silver,2022-02-09,,True
2613,Joel Davidson,4,Standard,2023-07-21,2024-06-25,False
2614,Shelby Stout,2,Gold,2024-10-22,,True
2615,Paul Fleming,2,Silver,2022-11-09,2025-06-11,False
2616,James Logan,2,Standard,2023-06-03,2025-01-14,False
2617,Michelle Lawson,1,Standard,2025-05-06,2025-12-03,False
2618,Ronald Brown,1,Silver,2025-06-16,2025-11-04,False
2619,Molly Williams,2,Silver,2024-11-01,,True
2620,Lori Alexander,4,Standard,2023-05-25,,True
2621,Ryan Chang,3,Standard,2024-10-01,,True
2622,Holly Douglas,2,Standard,2024-01-10,2025-08-02,False
2623,Mr. Gary Benson,2,Silver,2022-07-01,2024-06-26,False
2624,Nicole Peterson,3,Silver,2023-08-08,2025-06-01,False
2625,David Hill,3,Standard,2024-05-29,2024-12-07,False
2626,Joseph Johnson,5,Standard,2022-02-15,,True
2627,Michelle Parker,1,Standard,2025-01-28,,True
2628,Elizabeth Marquez,3,Standard,2024-07-02,,True
2629,Betty Lawson,5,Silver,2024-05-09,2024-08-09,False
2630,Darren Rosales,1,Silver,2025-01-01,,True
2631,Adam Diaz,2,Standard,2024-01-15,,True
2632,Kellie Woods,3,Gold,2023-10-11,,True
2633,Maria Matthews,4,Gold,2025-02-22,,True
2634,Timothy Wong,1,Silver,2023-10-02,2025-01-17,False
2635,Mr. James Barnett,4,Standard,2025-01-16,,True
2636,Daniel Hernandez,4,Gold,2022-03-24,,True
2637,Barbara Gonzalez,5,Gold,2024-02-16,,True
2638,Margaret Smith,4,Silver,2023-09-29,,True
2639,Rachel Villanueva,4,Gold,2024-08-10,,True
2640,Andrew Sims,1,Silver,2024-08-03,,True
2641,Denise Nixon,3,Silver,2025-04-29,,True
2642,Angela Yates,3,Silver,2024-12-16,,True
2643,Dana Robles,1,Standard,2023-07-24,,True
2644,Shannon Perez,3,Silver,2022-08-22,,True
2645,William Baker,3,Standard,2024-07-04,,True
2646,Sylvia Escobar,2,Standard,2022-12-21,2025-06-26,False
2647,Daniel Sanchez,1,Standard,2022-06-19,,True
2648,Brett Keith,4,Silver,2024-08-29,,True
2649,Angel Mendoza,2,Silver,2022-03-07,,True
2650,Brett Lawrence,4,Standard,2023-07-18,,True
2651,Adam Jordan,1,Gold,2024-02-03,,True
2652,Marvin Chapman,3,Silver,2025-02-28,2025-10-06,False
2653,Wendy King,3,Silver,2024-03-21,,True
2654,Erin Webb,3,Standard,2023-06-04,2024-07-16,False
2655,Deborah Patel,4,Gold,2022-12-29,,True
2656,Lori Rodriguez,3,Standard,2023-03-12,2025-05-09,False
2657,Aaron Barry,3,Standard,2024-08-23,,True
2658,Philip Chambers,3,Standard,2023-10-13,2024-12-27,False
2659,Grace Mcdaniel,3,Silver,2022-05-01,,True
2660,Brian Hall,2,Gold,2024-11-15,,True
2661,Kaitlyn Cohen,4,Standard,2023-01-27,2024-08-10,False
2662,Michael Morris,4,Gold,2025-03-29,,True
2663,Christopher Moore,2,Standard,2022-09-02,,True
2664,Kara Larson,4,Silver,2024-04-25,2024-11-11,False
2665,Crystal Baker,5,Standard,2023-06-16,,True
2666,Eric Acosta,3,Standard,2025-04-07,2025-11-16,False
2667,Eric Elliott,1,Silver,2024-11-24,,True
2668,Todd Brown,5,Silver,2024-08-31,,True
2669,Brenda Bryant,2,Standard,2023-06-06,,True
2670,Christina Bates,1,Standard,2022-12-16,,True
2671,Allison Simmons,5,Standard,2022-11-23,,True
2672,Rebecca Williamson,3,Gold,2023-05-03,2025-02-11,False
2673,Benjamin Martin,5,Gold,2023-07-16,,True
2674,Leslie Crane,3,Standard,2024-07-11,,True
2675,Jeanette Moyer,1,Standard,2025-04-22,,True
2676,William Willis,3,Standard,2024-06-20,,True
2677,Grant Medina,3,Silver,2022-03-17,,True
2678,John Gilmore,2,Standard,2023-07-14,,True
2679,Morgan Holloway,2,Standard,2022-04-05,,True
2680,Laura Hoffman,5,Standard,2025-01-20,,True
2681,Joshua Guerrero,4,Silver,2023-07-14,,True
2682,Brenda Carrillo,3,Standard,2023-12-12,2025-08-19,False
2683,Nancy Krueger,3,Standard,2025-01-16,,True
2684,Nicole Lewis,5,Silver,2023-04-06,,True
2685,Jack Gonzalez,1,Standard,2023-02-14,,True
2686,Tasha Taylor,3,Standard,2025-05-24,2025-07-20,False
2687,Robert Yates,3,Standard,2024-03-30,,True
2688,William Brooks,3,Silver,2024-11-27,,True
2689,Toni Marks MD,2,Standard,2023-12-23,,True
2690,Gene Jones,5,Gold,2023-11-19,,True
2691,Ashley Moore,5,Standard,2022-04-07,2024-03-08,False
2692,Laura Mcdonald,2,Standard,2023-10-18,,True
2693,Benjamin Sutton,1,Standard,2024-04-09,,True
2694,Steve Gamble,1,Standard,2024-11-09,,True
2695,Christopher Johnston,4,Standard,2022-07-14,,True
2696,Tiffany Preston,5,Gold,2023-08-03,2025-07-24,False
2697,Marcus Price,4,Silver,2023-05-28,,True
2698,Scott Silva,3,Standard,2022-01-11,2024-08-23,False
2699,Martha Gonzalez,2,Silver,2024-09-06,,True
2700,Stephanie Espinoza,5,Standard,2024-11-14,,True
2701,Charles Parker,4,Silver,2024-01-07,,True
2702,Terry Williams,1,Silver,2022-05-09,,True
2703,Benjamin Harrell,4,Standard,2022-06-12,,True
2704,Christina Martin,3,Silver,2025-03-30,,True
2705,Thomas Barton,4,Standard,2025-06-18,,True
2706,Terry Martinez,2,Standard,2022-02-04,,True
2707,Sean Dickerson,5,Standard,2025-04-24,,True
2708,Craig Wise,3,Standard,2022-09-24,2024-02-05,False
2709,Wayne Hunter,3,Silver,2024-01-24,,True
2710,Carla Clark,3,Standard,2024-01-08,,True
2711,Heather Cowan,1,Standard,2025-04-15,,True
2712,Brandon Hunter,1,Standard,2023-06-14,,True
2713,Theresa Smith,4,Silver,2023-09-02,,True
2714,Ariel Ward,3,Silver,2023-04-30,2024-11-02,False
2715,Tracy Pearson,5,Silver,2023-01-31,,True
2716,Marie Patrick,5,Standard,2022-10-20,,True
2717,Victor Blair,1,Standard,2025-01-22,,True
2718,Cassandra Smith,1,Silver,2025-02-18,2025-03-04,False
2719,John Williams,5,Standard,2023-10-24,,True
2720,Patrick Carter,5,Standard,2024-01-31,,True
2721,Jennifer Thompson,5,Standard,2024-02-28,,True
2722,Mary Diaz,2,Gold,2023-10-24,2024-04-20,False
2723,Amanda Harris,4,Standard,2025-03-26,,True
2724,Ryan Howell,2,Silver,2023-05-31,,True
2725,Allen Ruiz,5,Standard,2022-02-06,,True
2726,Jason Ryan,4,Silver,2024-07-26,,True
2727,Carolyn Garcia,3,Standard,2024-08-30,,True
2728,Jason Jones,2,Standard,2023-03-21,,True
2729,Steven Alexander,1,Silver,2025-05-21,2025-09-02,False
2730,April Alvarez,5,Silver,2024-12-29,,True
2731,Frank Fernandez,1,Silver,2025-02-21,,True
2732,Anne Vasquez,4,Standard,2025-05-06,,True
2733,Beth Robertson,1,Silver,2024-11-26,,True
2734,Natalie Love,2,Standard,2024-10-24,2024-12-24,False
2735,Danielle King,4,Standard,2022-12-27,,True
2736,Michael Murray,1,Silver,2024-07-20,,True
2737,Victoria Adams,5,Silver,2024-01-24,,True
2738,James Thomas,4,Standard,2025-02-21,,True
2739,Nicole Marsh,1,Standard,2024-07-28,,True
2740,Veronica Smith,2,Gold,2024-03-17,,True
2741,Cynthia Sanders,1,Silver,2024-03-20,,True
2742,Dr. Cody Kane,2,Standard,2022-01-15,,True
2743,Willie Chavez,3,Standard,2025-05-23,,True
2744,Mary Robertson,5,Standard,2022-12-02,2024-11-17,False
2745,Charlotte Peterson DVM,2,Silver,2023-03-07,,True
2746,Brent Chase,3,Standard,2024-09-12,,True
2747,Richard Simmons,3,Gold,2024-08-31,,True
2748,Anna Hester,4,Silver,2022-02-02,,True
2749,Micheal Martinez,3,Gold,2024-11-25,,True
2750,Juan Ayers,5,Standard,2023-03-20,,True
2751,Catherine Wilkins,5,Standard,2025-05-17,,True
2752,Brenda Becker,2,Gold,2025-02-04,,True
2753,Patrick Fox,1,Standard,2024-09-17,,True
2754,Kerry Williams,5,Gold,2024-09-22,,True
2755,Melissa Osborn,1,Silver,2023-11-12,,True
2756,Madison Trevino,3,Standard,2022-08-01,2024-04-25,False
2757,Michelle Fernandez,3,Gold,2022-10-16,,True
2758,Dale Williams,2,Standard,2025-05-03,,True
2759,James Boyd,5,Standard,2025-05-21,,True
2760,Frank Griffith,3,Silver,2023-06-22,,True
2761,Michael Barnett,4,Standard,2023-01-18,,True
2762,Linda Jones,5,Standard,2022-09-24,,True
2763,John Martin,2,Standard,2024-08-21,,True
2764,Veronica Myers,2,Silver,2025-05-25,,True
2765,Kevin Wright,3,Silver,2022-07-23,,True
2766,Travis Taylor,2,Standard,2023-03-24,,True
2767,Laurie Chambers,2,Standard,2023-05-28,,True
2768,Donald Murphy,1,Silver,2022-09-20,,True
2769,Patricia George,2,Silver,2024-03-23,2025-02-23,False
2770,Rodney Weaver,4,Silver,2022-10-24,,True
2771,Nicole Cortez,2,Standard,2024-02-18,2024-06-01,False
2772,Amanda Massey,4,Gold,2025-01-21,,True
2773,Jessica Jackson,5,Gold,2022-11-22,,True
2774,Katherine Carter,5,Standard,2024-06-24,,True
2775,Nicholas Moyer,5,Standard,2023-10-30,,True
2776,Samuel Simpson,4,Standard,2025-01-08,,True
2777,Anthony Garcia,2,Standard,2024-06-14,,True
2778,Summer Bowman,5,Standard,2024-09-09,2025-10-16,False
2779,Howard Smith,4,Silver,2023-02-24,2025-05-01,False
2780,Mr. Daniel Hamilton,2,Silver,2024-06-28,,True
2781,Samantha Freeman DDS,3,Standard,2022-12-06,,True
2782,Sheila Contreras,5,Silver,2023-12-23,,True
2783,Maria Garcia,1,Gold,2022-02-23,2024-03-19,False
2784,Cynthia Carpenter,5,Standard,2022-05-02,,True
2785,Michelle Williams,3,Standard,2024-06-24,2025-05-25,False
2786,Joe Boyer,4,Gold,2024-04-05,,True
2787,Robert Garner,1,Standard,2022-02-17,,True
2788,Cindy White,5,Gold,2023-07-05,,True
2789,Jason Johnson,3,Standard,2024-03-15,2024-10-16,False
2790,Heather Vega,1,Standard,2023-08-06,,True
2791,Destiny Bowers,5,Standard,2023-03-26,,True
2792,Madison Mack,4,Silver,2023-02-19,,True
2793,Sharon Wong,1,Silver,2022-07-24,,True
2794,Priscilla Jackson,5,Silver,2024-08-03,,True
2795,Guy Medina,3,Silver,2023-09-30,,True
2796,Emily Torres,3,Standard,2024-10-24,,True
2797,Jared Howell,1,Standard,2025-03-12,,True
2798,Christina Chase,5,Gold,2024-03-26,,True
2799,Jeffrey Ward,5,Silver,2023-09-12,,True
2800,Alan Lopez,4,Standard,2022-07-23,,True
2801,Elizabeth Castro,3,Standard,2023-02-01,2025-01-04,False
2802,Brandon Dawson,1,Silver,2022-08-16,2025-03-27,False
2803,Sarah Thomas,5,Silver,2025-03-13,,True
2804,Casey Cruz,5,Standard,2023-03-11,,True
2805,Sherri Lindsey,4,Silver,2024-12-14,,True
2806,Erica Walker,5,Standard,2024-02-22,,True
2807,Christopher Haney,3,Silver,2024-11-20,,True
2808,Michael Robinson,5,Standard,2022-02-03,,True
2809,Robert Thomas,4,Standard,2025-01-21,,True
2810,Karen Gonzales,5,Standard,2023-01-14,2025-12-05,False
2811,Mrs. Charlotte Stone MD,3,Standard,2023-12-11,,True
2812,Dean Robles,5,Standard,2024-01-05,2025-10-21,False
2813,Jacob Schaefer,3,Standard,2023-04-10,2025-08-08,False
2814,Angela Steele,1,Silver,2022-10-27,,True
2815,Michaela Pope,5,Silver,2023-02-15,,True
2816,Thomas Duke,4,Standard,2024-01-09,,True
2817,Ashley Mckenzie,2,Standard,2024-06-22,,True
2818,Michael Bray,2,Standard,2022-10-18,,True
2819,Derrick Copeland,5,Gold,2024-11-13,,True
2820,Amy Forbes,3,Gold,2023-08-11,2024-11-15,False
2821,Matthew Huang,2,Silver,2022-01-29,,True
2822,Amy Gomez,2,Silver,2023-09-01,,True
2823,David Mosley,4,Silver,2025-05-03,,True
2824,Phillip Anderson,2,Silver,2022-02-05,2025-03-12,False
2825,Emily Terry,2,Standard,2023-05-21,,True
2826,Robert Romero,3,Standard,2023-01-24,,True
2827,Veronica Matthews,3,Silver,2023-06-04,,True
2828,Amy Webster,1,Standard,2025-01-05,,True
2829,Andrea Brown,4,Standard,2024-01-20,,True
2830,Cory Petty,3,Standard,2023-06-12,,True
2831,Sara Johnson DVM,5,Standard,2024-09-14,,True
2832,Brandon Powell,4,Standard,2024-07-18,,True
2833,Renee James,2,Standard,2024-06-13,,True
2834,Catherine Collins,4,Standard,2023-08-29,,True
2835,David Davis,4,Standard,2022-08-15,,True
2836,Gregory Holland,3,Gold,2022-11-29,,True
2837,Brandon Scott,1,Standard,2022-04-15,,True
2838,Justin Fleming,5,Silver,2025-01-26,,True
2839,William Smith,4,Silver,2022-05-02,,True
2840,Robert Carroll,3,Standard,2023-02-22,,True
2841,Christopher Fields,3,Silver,2023-04-24,,True
2842,Vanessa Davis,3,Silver,2023-09-28,,True
2843,James Thompson,4,Standard,2024-05-21,,True
2844,Patricia Romero,2,Silver,2023-07-17,,True
2845,Marco Mcconnell,5,Silver,2024-11-05,,True
2846,Barbara Villa,5,Standard,2025-02-07,,True
2847,Michael Lawrence,2,Standard,2025-04-08,,True
2848,Corey Moore,1,Silver,2022-08-02,,True
2849,Jesse Barrett,1,Standard,2024-02-22,,True
2850,Mary Jones,1,Standard,2024-11-27,2025-10-05,False
2851,Tyler Henry,4,Standard,2022-11-11,,True
2852,Anthony Haas,3,Standard,2024-10-10,,True
2853,Mary Webster,1,Standard,2023-09-06,,True
2854,Ann Pena,1,Standard,2024-01-25,,True
2855,Michaela Boyd,5,Silver,2025-03-09,,True
2856,Chad Gallagher,2,Gold,2024-08-23,2025-07-07,False
2857,Jennifer Bennett,1,Silver,2023-01-09,,True
2858,Frank Webb MD,1,Standard,2023-09-18,,True
2859,Donna Sutton,5,Standard,2023-09-27,,True
2860,Chelsea Davis,5,Silver,2022-03-12,,True
2861,Laura Thompson,2,Gold,2025-02-12,,True
2862,Walter Cruz,2,Standard,2023-02-05,2024-02-05,False
2863,Samantha Sutton,4,Silver,2023-03-25,,True
2864,Sarah Hicks,1,Silver,2023-07-08,,True
2865,Daniel Bryant,3,Silver,2024-05-19,,True
2866,Frank Klein,3,Standard,2022-08-25,,True
2867,Lisa Williams,1,Standard,2023-09-24,,True
2868,Audrey Roberts,1,Standard,2023-05-02,,True
2869,Suzanne Rivera,3,Gold,2025-02-28,,True
2870,Darryl Lowery,3,Gold,2022-08-14,,True
2871,Lisa Scott,3,Standard,2023-05-28,2024-04-23,False
2872,Michelle Barrera,1,Standard,2025-03-22,,True
2873,Martha Mcintyre,2,Silver,2023-01-31,,True
2874,Rodney Bennett,2,Silver,2023-06-07,,True
2875,Richard King,1,Standard,2024-12-11,,True
2876,Amanda Wang,4,Standard,2022-01-14,,True
2877,Andrea Wilson,1,Gold,2022-06-14,,True
2878,Andrea Herrera,3,Standard,2022-07-22,,True
2879,Tina Espinoza,1,Standard,2022-08-02,,True
2880,Dustin Foley,3,Silver,2024-06-05,,True
2881,Stephen Harris,1,Gold,2022-11-30,2025-07-09,False
2882,Christina Holmes,2,Silver,2022-04-21,,True
2883,Brian Johnson,1,Gold,2022-02-15,,True
2884,Michael Jones,4,Standard,2023-05-11,,True
2885,Oscar Ramos,3,Gold,2023-07-11,,True
2886,Kathy Villegas,5,Standard,2024-09-08,,True
2887,Amanda Smith,4,Standard,2024-09-07,,True
2888,Christopher Murray,4,Silver,2022-07-14,2025-09-19,False
2889,Travis Wagner,1,Standard,2025-02-24,2025-03-13,False
2890,Gabriella Griffith,1,Standard,2022-10-15,,True
2891,Lindsay Roberts,4,Standard,2022-02-02,2024-11-17,False
2892,Emily Rodriguez,5,Gold,2022-07-25,,True
2893,Alicia Le,3,Standard,2022-03-25,,True
2894,Andrew Valenzuela,3,Standard,2024-07-12,,True
2895,Aaron Brown,1,Standard,2024-05-23,,True
2896,Shannon Gill,3,Standard,2023-05-10,,True
2897,Alicia Holloway,4,Silver,2022-02-14,,True
2898,Jasmin Jennings,3,Silver,2023-08-31,,True
2899,John Wright,2,Silver,2023-05-09,2025-10-26,False
2900,Karen Roach,4,Silver,2025-06-04,,True
2901,Courtney Mitchell,3,Silver,2023-08-03,,True
2902,Jasmine Scott,1,Silver,2024-07-21,,True
2903,Jessica Evans,3,Standard,2022-07-24,,True
2904,Sarah Archer,4,Silver,2022-02-24,2024-10-26,False
2905,Christine Sullivan,2,Standard,2022-06-09,,True
2906,Jesse Farley,1,Silver,2025-02-01,,True
2907,Maurice Anderson,5,Standard,2023-08-15,,True
2908,Micheal Carroll,4,Standard,2023-11-08,,True
2909,Rachel Cox,5,Silver,2025-04-24,,True
2910,Jade Parker,4,Standard,2023-08-15,2025-09-21,False
2911,Joshua Chavez,4,Gold,2023-05-17,,True
2912,Jennifer Gonzalez,1,Standard,2025-02-28,2025-12-17,False
2913,Mary Giles,1,Standard,2023-03-07,,True
2914,Allison Clark,1,Standard,2023-07-05,,True
2915,William Becker,2,Silver,2023-12-25,,True
2916,Laura Owen,5,Standard,2024-09-08,,True
2917,Oscar Farmer,5,Standard,2022-07-12,2024-08-19,False
2918,Pamela Schmidt,5,Standard,2023-09-14,,True
2919,Austin Smith,1,Standard,2024-03-12,2024-04-04,False
2920,Brandon Huynh,2,Standard,2025-03-20,2025-11-23,False
2921,Tina Parker,1,Standard,2023-04-01,,True
2922,Emily Conway,5,Standard,2022-03-26,,True
2923,Eric Lang,2,Standard,2023-07-24,2024-09-04,False
2924,Bryan Kent,1,Gold,2022-07-23,2025-10-04,False
2925,Melissa Campbell,1,Standard,2023-06-07,2025-02-14,False
2926,Tony Blankenship,2,Silver,2024-12-18,2025-03-22,False
2927,Spencer Kennedy,1,Silver,2022-05-04,,True
2928,Laurie Huerta,1,Standard,2023-09-01,,True
2929,Kenneth West,5,Silver,2023-04-08,,True
2930,Michael Cooper MD,2,Standard,2022-01-26,,True
2931,Marcus Byrd,2,Standard,2022-04-19,2024-09-27,False
2932,Timothy Horne,4,Standard,2025-03-15,,True
2933,Ebony Mcguire,5,Standard,2022-09-09,,True
2934,William Simpson,3,Silver,2024-09-30,,True
2935,Wendy Diaz,2,Silver,2024-03-04,,True
2936,Dr. Allison Flores,5,Standard,2022-11-19,2025-01-09,False
2937,Melody Baker,1,Standard,2022-08-01,,True
2938,Don Carney,2,Silver,2025-06-25,,True
2939,Faith Johnson,2,Silver,2024-04-17,,True
2940,Kenneth Turner,5,Standard,2025-01-17,2025-12-05,False
2941,Michael Nelson,2,Gold,2022-09-12,2024-12-09,False
2942,Jose Chaney,1,Standard,2023-04-24,,True
2943,Gregory Green,5,Standard,2023-06-26,2025-05-31,False
2944,Bradley Cole,2,Standard,2022-09-04,,True
2945,Susan Hensley,4,Standard,2024-05-07,,True
2946,Philip Sanchez,1,Standard,2025-02-17,2025-02-24,False
2947,Cynthia Miller,1,Silver,2022-08-14,2024-02-17,False
2948,Nancy Peterson,5,Gold,2022-04-07,,True
2949,Kevin Sheppard,4,Silver,2025-03-05,,True
2950,Erin Ortega,4,Silver,2025-05-21,,True
2951,Charles Hardin,2,Standard,2024-02-21,,True
2952,Anna Hamilton,3,Standard,2025-03-28,2025-05-18,False
2953,Mitchell Hughes,4,Standard,2024-05-24,,True
2954,Robert Erickson,2,Silver,2024-03-09,,True
2955,Nicholas Vargas,1,Silver,2023-09-25,2025-05-30,False
2956,Jordan Miller,4,Silver,2025-01-03,,True
2957,Shawn Johnston,1,Silver,2025-05-28,,True
2958,Philip Lopez,3,Standard,2022-08-30,,True
2959,James Huff,1,Silver,2024-12-18,2025-09-29,False
2960,Martin Robinson,2,Standard,2023-01-14,,True
2961,David Smith,5,Gold,2022-11-17,,True
2962,Diana Martin,5,Standard,2025-02-10,,True
2963,Amy Campos,5,Standard,2022-03-20,2024-12-26,False
2964,Stephanie Griffin,4,Silver,2023-07-03,,True
2965,Emily Wise,2,Standard,2025-05-31,,True
2966,Lisa Chung,2,Standard,2025-03-12,,True
2967,Emma Howard,2,Silver,2023-12-28,,True
2968,Eric Burns,4,Standard,2024-10-31,,True
2969,Crystal Jackson,2,Silver,2023-11-28,,True
2970,Spencer Nguyen,1,Standard,2024-05-31,,True
2971,Jennifer Melton,3,Standard,2024-10-13,,True
2972,Oscar Cruz,4,Standard,2023-08-16,,True
2973,Rachel James,5,Silver,2025-04-26,,True
2974,Jacob Hamilton,4,Standard,2025-01-15,,True
2975,Brittany Shah,1,Gold,2024-11-09,,True
2976,John Nelson,2,Standard,2022-10-04,,True
2977,Ronald Nash,1,Standard,2022-09-10,2024-12-29,False
2978,Lawrence Porter,1,Standard,2022-12-21,,True
2979,Katherine Wade,2,Silver,2023-07-10,,True
2980,Troy Mccarthy,5,Silver,2023-03-27,,True
2981,Joseph Snyder,4,Standard,2024-02-15,,True
2982,Tyler Welch MD,3,Standard,2022-10-04,,True
2983,Lisa George,1,Standard,2023-02-01,,True
2984,James Barker,1,Standard,2023-11-07,,True
2985,Kara Smith,4,Gold,2022-06-13,,True
2986,Tony Barker,4,Gold,2023-04-18,,True
2987,Madison Winters,1,Standard,2025-03-07,,True
2988,Glen Leon,4,Standard,2023-08-31,,True
2989,Rachael Armstrong,4,Standard,2024-06-10,2025-11-05,False
2990,Robin Wright,5,Standard,2025-03-08,2025-10-05,False
2991,Emily Gilmore,4,Standard,2023-12-20,,True
2992,Frank Moreno,4,Silver,2023-05-06,,True
2993,Theresa Luna,3,Gold,2023-08-14,,True
2994,Corey Carrillo,2,Standard,2022-03-27,,True
2995,Richard Wells,1,Silver,2024-06-27,,True
2996,Henry Oliver,1,Standard,2022-10-12,,True
2997,Tina Washington,1,Gold,2023-12-18,,True
2998,Christina Cochran,4,Standard,2023-02-05,,True
2999,Lisa Phillips,3,Standard,2022-08-29,,True
3000,Kelly Gordon,3,Silver,2022-03-19,,True
3001,Sarah Evans,5,Gold,2022-11-13,2024-10-01,False
3002,Allen Schneider,5,Gold,2022-09-18,,True
3003,Wendy Griffin,2,Standard,2023-06-22,2024-09-26,False
3004,Jeremy Edwards,5,Standard,2023-05-03,,True
3005,Lawrence Mitchell,2,Silver,2025-04-10,2025-08-08,False
3006,Anthony Nguyen,4,Standard,2024-01-19,2024-09-04,False
3007,Ronnie Brooks,4,Silver,2023-09-01,,True
3008,Fred Thompson,2,Standard,2022-02-02,,True
3009,Maria Nguyen,4,Silver,2024-02-22,,True
3010,Jorge Sharp,5,Gold,2024-08-23,,True
3011,Timothy Taylor Jr.,5,Gold,2024-06-29,,True
3012,Isaac Kelly,4,Gold,2022-07-28,2025-06-05,False
3013,Benjamin Morales,1,Gold,2022-04-14,,True
3014,Richard Neal,5,Standard,2022-03-21,,True
3015,Daniel Moore,5,Standard,2023-12-01,,True
3016,Anthony Vega,1,Standard,2024-08-31,2025-10-28,False
3017,Melissa Mendoza,2,Standard,2022-01-31,,True
3018,Tiffany Best,1,Silver,2022-02-23,,True
3019,James Walters,4,Gold,2022-06-25,,True
3020,Alexander Espinoza,2,Standard,2023-05-21,2025-01-07,False
3021,Curtis Johnson,2,Silver,2023-06-14,,True
3022,Gregory Miller PhD,1,Standard,2022-10-20,,True
3023,Jennifer Hernandez,3,Standard,2023-10-12,,True
3024,Lisa Baker,4,Gold,2022-01-10,,True
3025,Ruben Webster,5,Standard,2023-04-23,,True
3026,Steven Long,4,Standard,2022-11-24,,True
3027,Walter Powers,2,Gold,2024-04-09,2025-01-18,False
3028,Brian Hughes,4,Standard,2024-09-09,,True
3029,Christine Wolf,3,Silver,2022-05-17,,True
3030,Michael Lewis,1,Gold,2024-07-27,,True
3031,John Holland,1,Standard,2024-01-27,,True
3032,Claire Johnson,3,Standard,2022-10-21,2025-10-11,False
3033,Shannon Clark,3,Standard,2022-01-16,,True
3034,Garrett Joyce,3,Silver,2025-04-23,,True
3035,Justin Mitchell DVM,5,Standard,2024-02-07,2024-05-31,False
3036,Luis Wilkerson,2,Silver,2024-12-29,,True
3037,Shannon Arroyo,1,Silver,2024-12-24,,True
3038,Keith Moore,3,Silver,2025-04-01,2025-06-23,False
3039,Connor Henderson,1,Standard,2022-03-10,,True
3040,Jason Johnson,3,Gold,2025-01-23,,True
3041,Elizabeth Baker,1,Standard,2024-09-10,,True
3042,Rebecca Harris,4,Silver,2025-04-01,,True
3043,Melanie Johnson,3,Standard,2025-03-19,,True
3044,Adrian Miller,5,Silver,2025-04-03,,True
3045,Lauren Grant,5,Silver,2022-10-27,,True
3046,Nicholas Hernandez,2,Standard,2022-12-11,2025-05-28,False
3047,Amanda Jimenez,3,Standard,2022-03-25,,True
3048,William Ray,1,Silver,2024-11-25,,True
3049,Randy Campbell,5,Gold,2022-02-26,,True
3050,Robert Johnson,2,Silver,2022-12-26,,True
3051,Cynthia West,2,Standard,2022-12-14,,True
3052,Shelley Conley,3,Standard,2022-01-03,,True
3053,Katherine Hall,4,Standard,2023-07-10,,True
3054,Kyle Bryant,1,Standard,2024-12-18,2025-01-04,False
3055,Jacqueline Arnold,4,Standard,2023-08-26,2024-04-29,False
3056,Hannah Thompson,5,Silver,2022-07-05,,True
3057,Gregory Carter,4,Silver,2023-05-28,,True
3058,Kathleen Daniels,5,Gold,2024-11-04,,True
3059,Lance Dyer,4,Silver,2023-04-05,,True
3060,John Molina,1,Standard,2023-03-01,,True
3061,Andrew Hunter,4,Standard,2025-01-04,,True
3062,Linda Fernandez,4,Gold,2025-01-01,,True
3063,Brenda Velasquez,3,Gold,2024-11-27,2025-01-29,False
3064,Jason Rodriguez,1,Standard,2022-09-20,2025-05-21,False
3065,Brian Smith,3,Standard,2023-10-02,,True
3066,Carmen Perez,2,Standard,2025-04-07,,True
3067,Bruce Dennis,2,Standard,2024-06-24,,True
3068,Matthew Long,1,Standard,2024-10-13,2025-06-13,False
3069,Victoria Perez,5,Gold,2024-01-07,2025-07-02,False
3070,Michael Mullins,4,Standard,2024-04-01,,True
3071,Tracy Marsh,4,Silver,2024-07-02,,True
3072,Elizabeth Campos,1,Standard,2023-09-24,2025-10-30,False
3073,Mark Lynn,1,Standard,2023-01-22,,True
3074,Daniel Carey,2,Silver,2022-09-01,2024-01-12,False
3075,Jesse Wilson,5,Silver,2024-05-18,,True
3076,Alexandra Harper,4,Silver,2025-04-20,,True
3077,Manuel Gillespie,3,Standard,2023-03-14,2024-09-30,False
3078,Meghan Rowland,5,Silver,2024-03-21,,True
3079,David Wells,4,Standard,2023-09-30,,True
3080,Patricia Henderson,5,Standard,2024-10-15,,True
3081,Tiffany Cohen,3,Standard,2024-01-20,,True
3082,Olivia Miller,3,Standard,2025-06-23,2025-09-03,False
3083,David Rivas,3,Gold,2022-11-18,,True
3084,James Rogers,1,Standard,2024-03-16,,True
3085,Frank Tran,3,Standard,2024-02-10,,True
3086,Louis Davis,2,Silver,2024-06-17,,True
3087,Megan Johnson,2,Silver,2024-05-22,,True
3088,Christopher Hill,3,Standard,2023-10-09,,True
3089,Misty King,2,Silver,2023-12-23,2025-08-07,False
3090,Jesse Nash,2,Standard,2022-05-31,2025-01-12,False
3091,Jessica Mcdaniel,1,Standard,2022-02-20,,True
3092,John Wright,3,Silver,2025-05-20,,True
3093,Martha Thompson,4,Standard,2023-05-10,,True
3094,Sean Silva,2,Standard,2023-04-26,2024-08-08,False
3095,Rhonda Gould,1,Silver,2023-09-22,,True
3096,William Jacobs,3,Standard,2022-05-29,2024-04-30,False
3097,Robert Jordan DDS,4,Standard,2022-01-31,,True
3098,Joshua Barnes,2,Standard,2025-02-19,,True
3099,Michael Jones,1,Gold,2022-02-12,,True
3100,Mary Wells,4,Gold,2022-04-22,,True
3101,Timothy Taylor,2,Gold,2023-10-10,,True
3102,Cody Gonzalez,3,Standard,2022-01-31,,True
3103,Kristin Woods,5,Gold,2024-04-21,,True
3104,Lauren Wilson,3,Silver,2025-05-23,,True
3105,Eric Francis,3,Standard,2022-02-20,,True
3106,Jordan Smith,3,Gold,2023-05-14,,True
3107,Joseph Turner,5,Silver,2023-11-01,,True
3108,David Castillo,5,Silver,2024-11-01,,True
3109,Karen Lewis,4,Standard,2022-09-30,,True
3110,Lori Trevino,1,Silver,2022-08-09,,True
3111,Brianna Hodges,1,Standard,2022-04-01,2025-05-01,False
3112,Angel Martin DDS,5,Standard,2023-09-02,,True
3113,Teresa Clayton,1,Standard,2023-06-12,,True
3114,Amanda Flores,2,Standard,2023-06-03,,True
3115,Nicholas Brooks,1,Standard,2023-05-19,,True
3116,Courtney Solomon,5,Silver,2023-07-28,,True
3117,Katrina Russell,5,Standard,2023-09-04,,True
3118,Joseph Crawford,3,Standard,2025-01-17,2025-08-26,False
3119,Jennifer Hoffman,1,Standard,2022-04-06,,True
3120,Patricia Williams,4,Silver,2024-06-17,,True
3121,Matthew Hatfield,1,Gold,2022-12-20,,True
3122,Lisa Calhoun,4,Standard,2023-03-12,,True
3123,John Todd,3,Silver,2024-12-27,,True
3124,Kristin Fleming,5,Gold,2024-12-07,,True
3125,Breanna Rogers,3,Standard,2024-02-04,,True
3126,Kim Jensen,4,Standard,2024-06-01,,True
3127,Shelly Wheeler,3,Standard,2022-03-22,2025-04-04,False
3128,David Lee,3,Standard,2022-10-18,2025-11-07,False
3129,George Lowe,4,Gold,2025-05-25,,True
3130,Mckenzie Lopez,1,Standard,2022-12-22,,True
3131,Melissa Lee,4,Silver,2024-02-22,2025-08-08,False
3132,Kristen Harris,4,Silver,2024-05-25,,True
3133,Autumn Sharp,3,Standard,2023-08-14,,True
3134,Kyle Schultz,4,Silver,2023-01-07,,True
3135,Rhonda Brooks,4,Standard,2023-03-07,,True
3136,Tara Stevens,5,Silver,2023-05-15,,True
3137,Benjamin Martinez,2,Standard,2023-03-12,,True
3138,Jenna Jones,4,Gold,2023-04-26,,True
3139,Jon Donovan,5,Gold,2024-11-02,,True
3140,Kayla Fisher,1,Gold,2023-12-04,,True
3141,Miss Katherine Rodriguez,5,Silver,2022-12-06,,True
3142,Charles Martinez,1,Standard,2023-07-12,,True
3143,Amanda Jones MD,3,Standard,2024-08-27,,True
3144,Patrick Henderson,5,Standard,2023-11-14,2024-04-03,False
3145,Brian Davila,5,Silver,2022-02-20,2025-04-27,False
3146,Daniel Munoz,2,Standard,2024-07-07,2024-12-08,False
3147,Heather Young,4,Standard,2024-08-17,,True
3148,Pamela Jackson,4,Standard,2022-01-30,,True
3149,Joshua Smith,3,Silver,2025-05-18,,True
3150,Lisa Dickson,3,Standard,2022-07-24,,True
3151,David Russell,4,Standard,2024-10-29,,True
3152,Stephanie Lowery,1,Standard,2022-11-05,,True
3153,Michael Graham,3,Gold,2022-12-23,,True
3154,Jill Hall,4,Standard,2025-01-03,,True
3155,Jeremy Hernandez,3,Standard,2024-12-17,,True
3156,Nicole Johnson,4,Gold,2025-02-07,,True
3157,Jessica Golden,2,Standard,2024-09-03,2024-12-11,False
3158,Jordan Hughes,3,Standard,2023-03-13,,True
3159,Charles Jones,1,Silver,2023-07-19,,True
3160,Caroline Powell,3,Silver,2024-12-03,,True
3161,Miguel Roach,5,Standard,2022-10-06,2024-09-14,False
3162,Toni Parks,3,Silver,2023-04-30,,True
3163,Amy Marquez,4,Gold,2023-12-20,,True
3164,Heather Smith,1,Standard,2022-01-28,,True
3165,Jeff Kim,5,Standard,2023-07-11,,True
3166,Thomas Green,3,Standard,2023-03-21,,True
3167,Kevin Holmes,1,Standard,2022-07-21,,True
3168,Andrew James,4,Gold,2023-11-09,,True
3169,Caitlin Gilbert,2,Standard,2022-03-03,2024-06-15,False
3170,Dawn Hernandez,1,Standard,2023-12-07,2024-07-01,False
3171,Seth Lopez,4,Silver,2022-06-30,,True
3172,Austin Wiggins,3,Standard,2023-06-07,,True
3173,Rachel Wiggins,3,Standard,2024-03-03,,True
3174,Donna Harrison,1,Standard,2025-01-11,,True
3175,Alan Ali,2,Silver,2023-06-25,,True
3176,Raymond Adams,5,Silver,2024-02-08,,True
3177,Peggy Tran,5,Standard,2024-09-26,,True
3178,Joseph Lopez,3,Silver,2023-04-16,,True
3179,Christopher Nelson,3,Standard,2024-10-01,,True
3180,Stephanie Long,3,Standard,2024-11-03,,True
3181,Ryan Allen,5,Standard,2022-08-02,,True
3182,Richard Ford,2,Standard,2024-02-17,,True
3183,Carla Obrien,5,Standard,2023-08-04,2025-06-02,False
3184,Mrs. Donna Rice,4,Standard,2022-02-23,,True
3185,Krista Barber,2,Standard,2023-09-18,,True
3186,Kelly Hartman,2,Standard,2025-02-08,2025-07-10,False
3187,Jennifer King,2,Silver,2024-01-07,,True
3188,Scott Martinez,5,Silver,2025-04-10,,True
3189,Sarah Wilson DVM,5,Silver,2022-02-16,2024-02-23,False
3190,Alexander Freeman,5,Silver,2023-05-04,,True
3191,Reginald Christensen,1,Standard,2024-08-15,,True
3192,Brenda Leon,1,Standard,2023-07-29,2025-03-07,False
3193,Steven Mckee,2,Gold,2023-05-21,,True
3194,Micheal Watson,4,Standard,2022-11-19,,True
3195,Danielle Thomas,3,Standard,2022-09-19,2024-04-05,False
3196,James Bell,4,Gold,2024-03-27,,True
3197,Shelby Miller,5,Standard,2025-03-06,,True
3198,Amanda Jarvis,3,Standard,2023-01-11,2025-08-22,False
3199,Eric Hunter,3,Standard,2024-12-16,2025-01-10,False
3200,Patrick Hoffman,1,Standard,2022-01-15,,True
3201,Lydia Watson,2,Silver,2022-03-18,,True
3202,Louis Reed,3,Standard,2023-07-27,,True
3203,Robert Richards,2,Gold,2023-02-21,,True
3204,Jessica Palmer,4,Silver,2025-02-01,,True
3205,Nicole Hunter,1,Standard,2024-04-30,,True
3206,Roger Rivera,4,Silver,2025-06-28,,True
3207,Madison Thomas,1,Standard,2024-06-30,,True
3208,Luis Hill,1,Silver,2024-08-30,,True
3209,Casey Barnes,5,Silver,2022-10-09,2024-02-02,False
3210,Jessica Carroll,4,Standard,2022-09-05,2025-08-06,False
3211,William Martin,3,Standard,2025-06-17,,True
3212,Rachel Robinson,3,Silver,2022-02-17,,True
3213,Michael Wilson,1,Silver,2025-03-13,,True
3214,Grace Luna,5,Standard,2024-05-04,,True
3215,Laura Kelley,2,Standard,2023-04-20,2024-12-08,False
3216,Lynn Nguyen,3,Standard,2025-02-24,,True
3217,Michelle Meyer,2,Silver,2022-07-18,,True
3218,Stephanie Perez,3,Gold,2022-12-22,,True
3219,Mr. Jordan Porter,3,Standard,2022-01-29,,True
3220,Tristan Evans,5,Silver,2024-07-13,,True
3221,Charles Walker,5,Standard,2025-01-06,,True
3222,Danielle Stein,5,Standard,2024-09-26,,True
3223,Katie Gutierrez,5,Silver,2025-03-27,,True
3224,Elizabeth Sanchez,5,Standard,2023-05-26,,True
3225,Patricia Howe,2,Gold,2024-03-06,2025-11-26,False
3226,Jason Good,2,Gold,2022-03-14,2024-10-23,False
3227,Eric Tucker,5,Standard,2023-03-02,,True
3228,Jennifer Lewis,1,Gold,2025-06-27,,True
3229,David Ballard,5,Gold,2023-07-03,,True
3230,Linda Castaneda,4,Standard,2023-03-05,,True
3231,Omar Hernandez,5,Standard,2022-05-09,,True
3232,Taylor Leon,1,Standard,2023-07-01,,True
3233,Anthony Ruiz,3,Gold,2024-06-08,,True
3234,Ryan Shelton,4,Standard,2022-02-11,,True
3235,Mary Miller,2,Standard,2025-03-17,,True
3236,Brett Davies,3,Standard,2022-07-30,,True
3237,Aaron Nielsen,1,Standard,2022-04-16,,True
3238,Katherine Adams,4,Silver,2024-10-04,2025-11-14,False
3239,Andrea Salazar,3,Silver,2023-01-07,,True
3240,Samuel Moore,1,Standard,2022-06-26,,True
3241,Kathleen Walker,4,Standard,2024-09-17,,True
3242,Christopher Kennedy,3,Standard,2022-12-28,2024-10-14,False
3243,Elizabeth Valdez,3,Silver,2023-08-01,,True
3244,Timothy Bauer,4,Standard,2024-11-05,,True
3245,Joel Warner,4,Standard,2024-12-16,2025-08-26,False
3246,Shaun Hernandez,4,Standard,2022-02-16,,True
3247,Nathan Campbell,1,Gold,2025-06-27,,True
3248,David Olson,4,Gold,2023-03-01,,True
3249,Mary Powers,3,Standard,2023-06-08,,True
3250,Stephanie Douglas,4,Silver,2024-07-19,2024-12-26,False
3251,Gregory Williams,4,Standard,2023-04-10,,True
3252,Robert Ford,1,Standard,2024-12-09,2025-10-16,False
3253,Shari Cole,4,Standard,2025-05-18,,True
3254,Michelle Barrett,5,Gold,2024-11-06,,True
3255,Shawna White,2,Standard,2025-05-07,,True
3256,Brandon Hutchinson,2,Standard,2025-01-14,2025-03-12,False
3257,Charles Hunt,5,Silver,2023-03-03,,True
3258,Dale White,4,Standard,2023-09-25,,True
3259,Isaac Cooper,4,Silver,2022-02-19,,True
3260,Brian Ingram,3,Silver,2024-02-24,,True
3261,Charles Becker,5,Silver,2025-05-21,,True
3262,Denise Myers,4,Standard,2024-12-30,,True
3263,Tammy Gonzalez,5,Gold,2023-11-06,,True
3264,Amanda Maynard,4,Standard,2024-09-09,,True
3265,Joyce Mitchell MD,2,Silver,2024-01-25,2024-08-16,False
3266,Amy Gallegos,1,Standard,2024-01-22,,True
3267,Stephen Armstrong,4,Standard,2023-06-17,,True
3268,Courtney Baker,2,Standard,2025-03-23,,True
3269,Ruth Barnett,1,Silver,2025-02-11,,True
3270,Daryl Walker,4,Silver,2024-01-10,2024-10-20,False
3271,Aaron Williams,2,Standard,2024-11-14,,True
3272,Stephanie Case,3,Standard,2022-04-08,2025-08-09,False
3273,Pamela French,5,Silver,2022-01-21,2025-09-26,False
3274,Kathleen Carpenter,1,Silver,2024-09-08,,True
3275,Sarah Frost,5,Silver,2023-11-13,2025-02-07,False
3276,Cassandra Douglas,4,Standard,2023-05-12,,True
3277,David Castillo,4,Standard,2022-01-19,2024-11-09,False
3278,Monique Jackson,3,Standard,2022-05-07,,True
3279,Christopher Simmons,5,Standard,2023-01-08,,True
3280,Phillip Roberts,1,Gold,2024-07-19,,True
3281,Margaret Jones,1,Standard,2025-06-27,,True
3282,Timothy Mckay,3,Gold,2022-07-18,,True
3283,Olivia Nelson,4,Standard,2022-03-26,,True
3284,Gail Mason,1,Standard,2022-08-17,,True
3285,Kayla Olson,3,Gold,2024-12-01,,True
3286,Heather Davis,2,Standard,2024-02-23,,True
3287,Kimberly Wright,2,Standard,2022-08-14,,True
3288,Regina Mcguire,4,Standard,2022-01-24,,True
3289,Charles Martin,1,Silver,2022-04-21,,True
3290,Karen Middleton,4,Silver,2024-11-06,,True
3291,Scott Sparks,5,Silver,2024-03-16,,True
3292,Patty Powell,4,Silver,2023-07-06,,True
3293,Karen Willis,2,Standard,2022-08-02,,True
3294,Natasha Davenport,4,Standard,2024-06-08,,True
3295,Kristin Ellis,5,Gold,2025-04-06,,True
3296,Steven Johnson,5,Silver,2023-02-16,,True
3297,Matthew Watson,3,Standard,2022-08-28,2025-02-20,False
3298,Adrienne Edwards,1,Silver,2023-03-09,,True
3299,Brendan Meyer,2,Silver,2023-08-15,,True
3300,Kara Spencer,3,Silver,2024-09-04,,True
3301,Barbara Cochran,5,Standard,2023-12-05,,True
3302,Danielle Herrera,3,Standard,2024-09-30,,True
3303,Brian Crosby,4,Standard,2023-06-28,,True
3304,Miss Robyn Kidd MD,3,Standard,2024-04-28,,True
3305,Dr. Helen Jimenez,1,Silver,2024-12-20,,True
3306,Alexander Mitchell,2,Standard,2024-07-31,,True
3307,Chad Warren,3,Silver,2022-08-24,,True
3308,Brian Villegas,1,Gold,2024-02-05,,True
3309,Caleb Ray,1,Standard,2024-09-06,,True
3310,Anthony Collins,1,Standard,2024-01-13,,True
3311,Angela Marquez,1,Standard,2024-08-28,2025-09-01,False
3312,Kimberly Escobar,4,Silver,2025-04-08,,True
3313,Timothy Collins,4,Standard,2024-04-19,2024-06-20,False
3314,Gary Figueroa,4,Silver,2025-01-25,,True
3315,Tony Smith,3,Standard,2022-06-24,,True
3316,Robert Sullivan,4,Standard,2025-02-11,,True
3317,Todd Jacobson,1,Silver,2022-05-17,,True
3318,Cody Hull,1,Silver,2022-11-12,,True
3319,Robert Ruiz,2,Standard,2024-06-13,,True
3320,Oscar Short,5,Silver,2024-07-18,,True
3321,Jason Maldonado,3,Standard,2024-05-20,,True
3322,Monica Wilkinson,3,Standard,2025-01-21,,True
3323,Jeffrey Austin,4,Standard,2023-09-21,,True
3324,Eileen Taylor,1,Silver,2023-05-11,,True
3325,Kenneth Adams,5,Standard,2025-05-27,,True
3326,Dawn Jacobs,3,Standard,2024-02-26,2025-10-17,False
3327,Kevin Francis,5,Standard,2022-01-02,,True
3328,Robin Carpenter,2,Silver,2024-06-01,,True
3329,Michael Hall,1,Silver,2025-05-19,,True
3330,James Sanford,5,Standard,2022-11-15,2024-02-03,False
3331,Aaron Clark,3,Standard,2022-12-19,,True
3332,Jennifer Peterson,5,Silver,2022-05-22,,True
3333,Matthew Martinez,4,Standard,2023-07-25,,True
3334,Jamie Stone,3,Silver,2023-04-16,,True
3335,Shannon Thomas,3,Standard,2022-12-17,,True
3336,Maxwell Arroyo,3,Standard,2023-05-12,,True
3337,Donald Williams Jr.,5,Standard,2022-11-06,,True
3338,Amy Ellis,4,Standard,2023-08-15,2024-02-14,False
3339,Brenda Ramirez,5,Standard,2023-01-04,2024-10-28,False
3340,Richard Moreno,5,Standard,2023-06-28,,True
3341,Mathew Cole,1,Silver,2024-01-19,,True
3342,John Myers,5,Gold,2024-05-28,,True
3343,Alicia Young,5,Standard,2022-07-24,2024-06-10,False
3344,Travis Hicks,4,Standard,2023-09-13,,True
3345,Kelly Vaughn,5,Silver,2025-04-06,2025-05-05,False
3346,Nicole Smith,4,Gold,2022-12-13,2025-04-25,False
3347,Daisy Campbell,1,Standard,2023-12-25,,True
3348,Mary Hawkins,3,Standard,2024-10-30,,True
3349,Catherine Crawford,2,Standard,2024-02-22,2025-08-16,False
3350,Alejandro Mack,3,Silver,2023-11-06,,True
3351,John Lopez,4,Standard,2024-09-09,2025-03-28,False
3352,Jessica Horton,1,Silver,2024-07-23,,True
3353,James Wilkinson,4,Standard,2022-12-13,,True
3354,John Gonzalez,3,Silver,2024-02-07,2025-03-03,False
3355,George Ruiz,3,Silver,2022-11-09,,True
3356,Darren Bernard,2,Standard,2022-11-04,,True
3357,Keith Taylor,1,Standard,2022-01-21,,True
3358,John Nichols,1,Standard,2023-06-09,,True
3359,Kimberly Higgins MD,3,Standard,2024-07-31,2024-09-22,False
3360,Adam Matthews,5,Gold,2022-10-01,2024-09-27,False
3361,Kevin Cole,4,Silver,2022-06-03,,True
3362,David Wilson,1,Standard,2022-09-24,,True
3363,Lori Hodges,3,Standard,2024-10-24,2025-10-01,False
3364,Kimberly Sandoval,3,Silver,2022-02-26,,True
3365,Ruth Robinson,3,Silver,2024-06-06,2024-06-09,False
3366,Brandon Aguilar,2,Silver,2023-06-10,,True
3367,Jeffery Bailey,1,Gold,2025-03-26,,True
3368,Alyssa Davis,4,Silver,2023-04-01,2024-11-26,False
3369,Donald Jackson,1,Gold,2024-03-11,,True
3370,Morgan Gonzalez,1,Standard,2022-07-20,,True
3371,Joel Stanley,3,Gold,2022-09-24,,True
3372,Bruce Barr,4,Gold,2022-10-15,,True
3373,Shirley Evans,1,Standard,2022-09-18,,True
3374,Arthur Santana,2,Standard,2024-05-26,,True
3375,James Patel,5,Silver,2023-08-28,,True
3376,Ashley Duran,1,Standard,2024-05-23,,True
3377,Brian Perez,5,Gold,2022-09-28,,True
3378,Joseph Peters,5,Standard,2024-11-02,,True
3379,Stephanie Stark,1,Standard,2024-05-14,2025-12-01,False
3380,Brooke Osborn,1,Silver,2025-06-10,,True
3381,Tiffany Coleman,3,Standard,2023-11-11,,True
3382,Diana Green,5,Silver,2024-02-19,,True
3383,Alicia Sullivan,2,Gold,2022-10-01,2025-06-19,False
3384,Shelly Wilson,2,Standard,2023-04-25,2025-01-25,False
3385,Crystal Graves,2,Standard,2024-06-05,,True
3386,John Blankenship,3,Standard,2025-04-26,,True
3387,Joseph Ryan,3,Gold,2024-01-11,2025-06-25,False
3388,Terry Romero,1,Standard,2022-10-23,,True
3389,Dana Tran,3,Silver,2024-02-14,,True
3390,Debbie Rivera,1,Standard,2023-03-09,,True
3391,Samuel Harris,4,Standard,2022-06-23,2024-05-10,False
3392,Kelly Weber,2,Gold,2024-10-21,2025-01-25,False
3393,Kimberly Rojas,2,Standard,2022-04-02,,True
3394,Ryan Johnson,3,Silver,2023-02-15,2024-04-30,False
3395,Patricia Vazquez,1,Silver,2024-09-03,,True
3396,Angela Martin,5,Standard,2025-01-06,,True
3397,Angela Watts,1,Silver,2024-08-05,,True
3398,Jessica Shannon,2,Standard,2023-09-06,,True
3399,Mark Schmitt,4,Standard,2024-04-06,,True
3400,Harry Gray,3,Gold,2022-02-02,,True
3401,Maria Goodwin,1,Standard,2022-05-27,,True
3402,Robert Burke,2,Gold,2022-11-29,,True
3403,John Kent,4,Standard,2024-01-06,,True
3404,Kathryn Kramer,4,Gold,2022-04-08,2024-05-08,False
3405,Julie Williams,3,Standard,2023-02-05,2024-12-08,False
3406,Jamie Fields,2,Standard,2022-03-04,2025-04-28,False
3407,Denise Hernandez,2,Gold,2022-04-24,,True
3408,Jason Salinas,3,Gold,2023-04-27,,True
3409,Jaclyn Williams MD,4,Silver,2023-10-15,,True
3410,Kristen Williams,3,Gold,2022-08-06,2025-02-25,False
3411,Lance Mendez,4,Standard,2023-08-23,2024-10-23,False
3412,Zachary Barton,4,Gold,2023-08-10,,True
3413,Savannah Fox,3,Silver,2024-09-20,,True
3414,Robert Hebert,1,Silver,2022-06-10,,True
3415,Joseph Zamora,3,Standard,2025-01-09,,True
3416,Deborah Quinn,3,Standard,2025-03-13,,True
3417,Kimberly Wells,5,Silver,2025-05-12,,True
3418,Cory Robbins,4,Silver,2025-01-28,,True
3419,Jennifer Allen,1,Silver,2022-08-28,,True
3420,Michael Barber,2,Silver,2024-05-08,2024-08-01,False
3421,Mary Parker,2,Standard,2023-10-28,,True
3422,Shawn Avila,2,Silver,2023-01-15,,True
3423,Sarah Jordan,3,Silver,2022-06-16,,True
3424,Darlene Murray,1,Standard,2022-05-13,,True
3425,Tony Welch,5,Silver,2022-02-22,,True
3426,Jacqueline Roberts,2,Silver,2022-07-19,,True
3427,Richard Griffith,4,Silver,2025-01-19,,True
3428,Corey Grimes,3,Standard,2023-04-16,2025-01-31,False
3429,Julie Parker,2,Standard,2024-07-19,,True
3430,Kayla Choi,5,Silver,2024-10-07,,True
3431,Alison Perez,3,Standard,2023-11-08,,True
3432,Michael Stone,4,Standard,2022-05-20,,True
3433,Brandy Bishop,4,Gold,2024-11-25,2025-03-15,False
3434,Gina Roberts,5,Standard,2024-06-08,,True
3435,Daniel Robinson,1,Gold,2024-03-26,2025-12-26,False
3436,Cheyenne Fox,5,Silver,2025-05-22,,True
3437,Barbara Chandler,1,Gold,2024-01-20,,True
3438,Ann Dawson,2,Standard,2024-10-26,,True
3439,Shawn Martinez,2,Standard,2023-08-04,,True
3440,Daisy Davis,5,Standard,2022-03-03,,True
3441,Chad Schneider DVM,3,Standard,2024-05-16,,True
3442,Andrew Jones,3,Standard,2022-02-20,,True
3443,Pam Crawford,5,Standard,2022-04-18,,True
3444,Anna Yu DVM,5,Standard,2025-05-12,,True
3445,Kelly Smith,4,Silver,2024-09-20,,True
3446,Alexander Cochran,4,Standard,2025-03-09,,True
3447,Jason Dunn,2,Standard,2024-01-18,,True
3448,Alexis Barker,3,Standard,2024-12-04,,True
3449,Kathleen Daniel,4,Standard,2023-03-02,,True
3450,Toni Velez,4,Gold,2024-11-16,,True
3451,Melanie Myers,5,Standard,2025-03-15,,True
3452,Stephen Jones,3,Silver,2024-02-18,,True
3453,Shelby Fowler,2,Standard,2024-02-10,,True
3454,Eduardo Hall,4,Silver,2024-01-04,,True
3455,Alexander Taylor,1,Standard,2023-11-08,,True
3456,Brooke Lewis,3,Standard,2025-06-26,2025-08-01,False
3457,David Hill,4,Gold,2024-02-08,,True
3458,Andrew Reese,3,Silver,2023-03-07,2024-02-26,False
3459,Joshua Shepard,4,Standard,2024-07-21,,True
3460,Alex Conner,4,Standard,2022-02-24,,True
3461,Jessica Burch,3,Gold,2022-10-31,,True
3462,Anne Francis,4,Silver,2024-08-07,,True
3463,Teresa Acevedo,4,Silver,2023-06-29,,True
3464,Stephen Ward,5,Standard,2025-01-21,,True
3465,Sabrina Farmer,1,Silver,2023-05-23,,True
3466,Todd Lewis,1,Standard,2023-05-08,2025-05-14,False
3467,Gilbert Williams,2,Standard,2025-04-30,2025-11-04,False
3468,Jessica Rodriguez,3,Gold,2023-07-03,,True
3469,Dr. Mathew Thomas,5,Silver,2024-03-10,,True
3470,Deborah Brady,1,Standard,2022-09-27,,True
3471,Steven Smith,5,Silver,2022-02-21,,True
3472,Cory Evans,3,Gold,2023-11-05,,True
3473,Krista English,3,Standard,2023-09-01,,True
3474,David Brooks,5,Standard,2022-06-24,,True
3475,Michael Hayes,2,Standard,2024-07-12,,True
3476,Amber Richardson,5,Standard,2024-06-04,,True
3477,Regina Mitchell,3,Gold,2023-12-22,,True
3478,Wendy Aguilar MD,2,Standard,2022-08-20,2024-01-12,False
3479,Loretta Garrett,5,Standard,2024-08-22,,True
3480,Jamie Deleon,3,Standard,2024-09-05,,True
3481,Lindsey Burke,1,Gold,2023-01-14,,True
3482,Vicki Bryant,4,Gold,2024-07-20,,True
3483,Joseph Diaz,3,Silver,2025-02-08,,True
3484,Danielle Rivera,4,Standard,2023-05-06,,True
3485,Jonathan Collins,3,Silver,2022-05-12,,True
3486,Christopher Lee,3,Standard,2024-02-29,2025-12-14,False
3487,Elizabeth Thomas,4,Gold,2022-08-25,2025-07-23,False
3488,Justin Pineda,3,Silver,2025-05-21,,True
3489,Wanda Kennedy,4,Silver,2023-06-05,,True
3490,Valerie Johnson,2,Silver,2023-05-23,2024-03-26,False
3491,Emily Hahn,4,Standard,2023-07-18,,True
3492,Connie Santiago,2,Standard,2024-07-13,,True
3493,David Dodson,2,Standard,2024-02-08,,True
3494,Nicole Huff,3,Standard,2022-06-26,,True
3495,Stephanie Choi,4,Standard,2025-06-05,,True
3496,Charles Neal,4,Standard,2025-02-06,,True
3497,Sarah Thomas,3,Gold,2024-02-18,2024-10-07,False
3498,Jessica Adams,5,Standard,2024-01-24,2024-10-03,False
3499,James Russell,4,Standard,2024-09-26,,True
3500,John Simmons,2,Standard,2022-04-03,2025-08-28,False
3501,Brianna Lee,1,Standard,2024-05-07,,True
3502,Veronica Christensen,3,Standard,2023-11-06,,True
3503,Derek Weaver,2,Silver,2022-11-18,,True
3504,Emily Hicks,3,Silver,2022-11-04,,True
3505,Allen Chung,5,Standard,2024-03-09,,True
3506,Aaron Phelps,1,Standard,2023-09-03,,True
3507,Stephen Brown,5,Standard,2023-07-09,,True
3508,Kathy Jones,1,Standard,2022-03-12,2025-08-31,False
3509,Frances Montes,4,Silver,2024-05-02,,True
3510,Austin Rose,3,Standard,2024-12-26,,True
3511,Edward Obrien,1,Standard,2024-02-20,,True
3512,Jesse Ayala,5,Gold,2024-12-30,,True
3513,Tiffany May,1,Silver,2025-01-06,2025-07-12,False
3514,Mark Nelson,2,Standard,2024-03-11,2024-04-13,False
3515,Kyle Myers,4,Silver,2025-02-16,,True
3516,Stacey Barber,4,Standard,2022-03-16,,True
3517,Carlos Taylor,3,Silver,2024-08-31,,True
3518,Nichole Vasquez,1,Standard,2022-01-25,,True
3519,Anthony Martin,1,Silver,2024-03-08,2025-01-16,False
3520,Patricia Baker,4,Standard,2024-06-11,,True
3521,Kim Jones,5,Standard,2023-05-22,,True
3522,David Pineda,1,Silver,2022-09-07,,True
3523,Miguel Jackson,3,Standard,2025-05-02,,True
3524,Ashley Stephens,1,Silver,2023-03-16,,True
3525,Samuel Nolan,5,Gold,2022-04-11,,True
3526,Larry Smith,4,Standard,2022-07-29,,True
3527,Cynthia Palmer,3,Standard,2022-05-24,,True
3528,Jon Berry,4,Standard,2024-05-04,,True
3529,Daniel Jones,2,Standard,2023-03-17,,True
3530,Anthony Ali,4,Standard,2024-05-02,2024-10-29,False
3531,James Dixon,2,Standard,2025-01-08,2025-05-03,False
3532,Donald Cooley,4,Silver,2025-05-26,,True
3533,David Garcia,3,Gold,2022-10-29,,True
3534,Charles Ford,5,Standard,2023-08-24,,True
3535,Carolyn Lopez,1,Silver,2024-10-06,,True
3536,John Hoover,5,Standard,2022-01-18,2024-04-27,False
3537,Mark Green,4,Gold,2023-11-16,,True
3538,Kenneth Peterson,4,Standard,2025-04-02,,True
3539,Melissa Kim,5,Standard,2024-11-24,,True
3540,Crystal Carson,4,Silver,2024-08-25,,True
3541,Jose Stephens,5,Standard,2022-11-07,,True
3542,Kenneth Cole,4,Standard,2025-06-24,2025-09-09,False
3543,Kimberly Fields,5,Standard,2024-07-31,2025-04-12,False
3544,Barbara Mendoza,4,Silver,2023-05-29,,True
3545,Kathleen Mccullough,2,Gold,2022-03-19,,True
3546,Shannon Smith,5,Silver,2023-10-24,,True
3547,Matthew Jackson,5,Standard,2024-09-02,2025-03-03,False
3548,Michael Miller,4,Standard,2022-10-13,,True
3549,Holly Waters,4,Standard,2023-05-17,,True
3550,Brian Baker,2,Silver,2023-11-19,,True
3551,Patricia Thompson,3,Silver,2023-12-28,2025-06-18,False
3552,Tracy Fischer,5,Standard,2025-06-06,2025-07-04,False
3553,Kimberly Maldonado,5,Standard,2025-05-03,,True
3554,Kimberly Logan,1,Gold,2022-10-28,,True
3555,Beth Sellers,5,Standard,2025-01-12,,True
3556,Melissa Hall,4,Standard,2024-12-21,2025-10-16,False
3557,Nathan Moran,4,Silver,2024-12-10,,True
3558,Mariah Evans,5,Silver,2022-11-16,,True
3559,Lisa Spencer,3,Standard,2024-02-12,,True
3560,Gregory Garrett,1,Silver,2022-03-26,,True
3561,Nicole Johnson,1,Standard,2023-10-10,,True
3562,Cynthia Stephens,4,Standard,2024-04-15,2024-06-11,False
3563,Joshua Stanton,2,Silver,2023-07-26,,True
3564,Jodi James,1,Standard,2022-08-27,,True
3565,Michelle Alvarado,3,Standard,2022-04-10,,True
3566,Katherine Weaver,4,Silver,2023-08-12,,True
3567,Jessica Crawford,4,Silver,2024-12-29,,True
3568,Jose Gonzalez,3,Standard,2024-12-14,2025-10-29,False
3569,Mason Flores,2,Standard,2025-06-22,,True
3570,Mario Young,1,Silver,2023-11-01,2024-10-17,False
3571,Steven Ward,5,Standard,2022-03-08,2024-07-15,False
3572,Manuel Jennings,1,Standard,2025-06-22,,True
3573,Calvin Ramirez,1,Standard,2023-12-28,,True
3574,Grace Brooks,1,Standard,2023-11-23,,True
3575,Jennifer Watkins,4,Standard,2022-11-17,,True
3576,Robert Phillips,4,Gold,2022-09-08,,True
3577,Brandi Patel,5,Silver,2024-03-25,,True
3578,James Delacruz,3,Silver,2024-01-06,,True
3579,Tyler Bradshaw,5,Standard,2025-01-10,,True
3580,Christopher Miller,4,Silver,2025-04-07,,True
3581,Joseph Morgan,1,Standard,2024-05-18,,True
3582,Dr. Greg Jackson,1,Standard,2025-06-16,,True
3583,Kevin Oneill,1,Silver,2024-01-05,,True
3584,Rachael Wood,2,Gold,2022-10-11,,True
3585,Kristin Myers,2,Standard,2022-10-13,2025-12-24,False
3586,Katherine Baker,2,Silver,2023-04-12,,True
3587,Leonard Avila,4,Silver,2023-05-08,2025-09-12,False
3588,Dennis Smith,5,Standard,2024-09-13,,True
3589,Sherry English,3,Silver,2023-01-27,,True
3590,Ronnie Sloan,2,Standard,2024-11-17,,True
3591,Curtis Whitaker,1,Standard,2024-02-04,,True
3592,Ricky Miller,2,Silver,2023-03-02,,True
3593,Brandon Carter,4,Gold,2023-04-10,,True
3594,Christina Robinson,4,Standard,2022-05-18,,True
3595,Cindy Barnes,4,Silver,2022-08-10,,True
3596,Robert West,2,Standard,2024-07-17,2025-12-04,False
3597,Tiffany Hernandez,4,Standard,2023-02-09,2024-01-12,False
3598,Diane Carrillo,1,Standard,2025-01-07,,True
3599,Cassandra Reyes,4,Gold,2022-04-22,,True
3600,Miss Kelly Hoffman DDS,4,Silver,2023-11-07,,True
3601,Adriana Ward,5,Silver,2024-12-01,,True
3602,Pamela Morales,3,Standard,2022-10-27,2025-01-10,False
3603,Susan Parsons,4,Standard,2025-02-09,2025-12-09,False
3604,Sharon Silva,5,Silver,2023-06-15,,True
3605,Diana Huffman,4,Standard,2023-06-15,2025-07-04,False
3606,Katrina Bird,1,Standard,2022-06-26,,True
3607,Mark Quinn,4,Silver,2025-02-13,,True
3608,Sean Cobb,5,Standard,2023-06-23,,True
3609,Elizabeth Mendez,4,Gold,2024-12-09,2025-03-30,False
3610,Victoria Johnson,1,Standard,2022-06-01,2024-03-01,False
3611,Christopher Parker,3,Standard,2025-04-04,2025-04-05,False
3612,Sherry Jones,4,Standard,2024-03-26,,True
3613,Samantha Esparza,3,Silver,2022-10-29,,True
3614,Evan Clark,4,Standard,2022-05-28,,True
3615,Mr. Mark Simmons,2,Standard,2023-02-18,,True
3616,Diane Mitchell,5,Gold,2024-07-30,,True
3617,Manuel Moran,3,Gold,2023-10-26,2025-03-26,False
3618,Melissa Zuniga,4,Standard,2022-07-03,,True
3619,Rachel Ball,3,Silver,2023-06-24,,True
3620,Paul Anderson,4,Gold,2023-01-09,,True
3621,Dr. Tamara Roberts,3,Silver,2024-12-15,,True
3622,Daniel Cervantes,2,Silver,2025-04-26,,True
3623,Ashley Anderson,3,Silver,2024-06-21,,True
3624,Lawrence Johns,1,Silver,2024-12-03,,True
3625,Lori Brown,2,Standard,2024-04-03,,True
3626,Kelly Perry,2,Silver,2024-07-31,,True
3627,Juan Cooper,1,Silver,2023-09-17,,True
3628,Jennifer Mccarthy,4,Standard,2023-11-11,,True
3629,Christopher Bell,2,Silver,2024-04-28,,True
3630,Kristina Baker,1,Standard,2023-08-16,2024-07-09,False
3631,Kenneth Johnson,3,Standard,2022-06-23,,True
3632,Robert Bond,2,Standard,2022-07-01,,True
3633,Matthew Allen,5,Standard,2024-08-04,,True
3634,Sean Higgins,1,Standard,2022-05-11,,True
3635,Jim Lewis,1,Silver,2025-05-10,2025-10-08,False
3636,Claudia Cunningham,1,Silver,2023-07-20,,True
3637,Alyssa White,4,Standard,2024-01-14,2024-05-26,False
3638,Susan Lewis,3,Silver,2022-07-18,,True
3639,Brian Simmons,1,Silver,2023-06-10,,True
3640,Angela Turner,5,Standard,2023-02-22,,True
3641,Steven Nguyen,2,Gold,2023-12-07,,True
3642,Rachel Foley,5,Silver,2023-04-10,,True
3643,Todd Adams,1,Silver,2023-11-21,,True
3644,Julie Manning,4,Silver,2022-06-05,,True
3645,James Wright,1,Gold,2023-09-22,,True
3646,Sean Lane,5,Silver,2022-01-25,,True
3647,Dr. Bruce Barry DDS,1,Silver,2025-05-01,,True
3648,Kenneth Alexander,1,Standard,2024-12-17,2025-07-25,False
3649,Melvin Carlson,2,Silver,2022-07-26,,True
3650,Michelle Lewis,2,Gold,2024-08-27,,True
3651,Brenda Bean,2,Silver,2024-06-22,,True
3652,Alfred Leonard,4,Silver,2025-04-21,2025-08-30,False
3653,Jackson Daniel,4,Silver,2025-05-25,,True
3654,Colin Johnson,1,Standard,2024-07-15,,True
3655,Robert Parks MD,3,Standard,2022-02-26,2025-07-09,False
3656,Jessica Sutton,2,Standard,2023-10-05,,True
3657,Sherry Contreras,2,Standard,2024-06-03,,True
3658,Joseph Glass,4,Silver,2023-04-01,,True
3659,Rachel Cervantes,1,Standard,2024-10-16,,True
3660,William Young,4,Standard,2022-02-21,,True
3661,Rebecca Flores,5,Standard,2023-05-10,2024-02-29,False
3662,Shane Finley,3,Standard,2023-08-11,,True
3663,Tanya Davis,4,Standard,2025-01-17,,True
3664,Carol Mcintosh,2,Standard,2024-09-20,,True
3665,Mary Davis,5,Standard,2025-04-16,,True
3666,Sean Dixon,2,Standard,2022-09-11,,True
3667,Susan Ray,4,Standard,2022-03-14,,True
3668,Kathryn Franklin,4,Gold,2025-06-20,2025-07-06,False
3669,Mark Dennis,5,Silver,2022-05-27,,True
3670,Sean Bradshaw,3,Gold,2022-05-28,,True
3671,Paul Taylor,4,Standard,2025-05-10,,True
3672,Megan Wilson,1,Silver,2022-05-27,,True
3673,Amanda Williamson,5,Gold,2023-05-04,2024-03-17,False
3674,Grant Newton,1,Standard,2022-02-10,,True
3675,David Schaefer,4,Gold,2023-11-07,,True
3676,Edward Lee,2,Standard,2024-08-10,,True
3677,Adam White,4,Silver,2023-05-01,,True
3678,Elizabeth Meyer,2,Gold,2024-04-10,,True
3679,Brandon Johnson,1,Gold,2022-07-10,2025-07-27,False
3680,Joseph Weeks,5,Gold,2023-12-14,,True
3681,Chad Carlson,4,Standard,2025-01-02,2025-07-30,False
3682,Rodney Lee,5,Gold,2023-04-25,,True
3683,Hannah James PhD,3,Gold,2024-12-16,,True
3684,Timothy Baldwin,1,Silver,2024-10-31,2025-09-09,False
3685,Richard Silva,5,Silver,2023-12-27,,True
3686,Crystal Chavez,2,Silver,2024-11-16,,True
3687,Timothy Dunn,4,Silver,2022-07-01,,True
3688,Phillip Anderson,5,Silver,2023-11-20,,True
3689,Benjamin Newton,5,Silver,2024-12-15,,True
3690,John Brown,3,Gold,2022-07-19,,True
3691,Karen Grant,4,Silver,2022-06-07,,True
3692,Jessica Griffith,3,Standard,2022-12-21,2024-05-01,False
3693,Kevin Gutierrez,5,Standard,2022-04-19,,True
3694,Kiara Landry,2,Standard,2022-06-15,,True
3695,Troy Moore,5,Standard,2022-05-17,,True
3696,Adrienne Haynes,1,Standard,2025-01-26,,True
3697,Alan Cox,3,Standard,2025-01-10,2025-01-21,False
3698,Patricia Hayes,2,Standard,2025-02-28,2025-12-17,False
3699,Lisa Wood,5,Silver,2023-06-24,,True
3700,Hannah Mitchell,2,Silver,2024-01-23,,True
3701,Ryan Taylor,3,Silver,2024-12-12,2025-12-10,False
3702,Aaron Williams,5,Standard,2024-10-30,,True
3703,Richard Martinez,1,Silver,2022-03-17,,True
3704,Nancy Gutierrez,3,Silver,2022-09-22,,True
3705,Donald Harding,3,Standard,2022-10-21,,True
3706,Adam Davis,1,Standard,2023-09-16,2024-11-05,False
3707,Brian Watkins,5,Silver,2024-07-16,,True
3708,Grant Brown,4,Standard,2025-01-13,,True
3709,Jennifer Garcia,2,Silver,2022-04-18,,True
3710,Evelyn Novak,5,Silver,2022-03-10,,True
3711,Wayne Finley,5,Silver,2024-11-03,,True
3712,James Wilson,2,Standard,2023-09-20,,True
3713,Gregory Villarreal,3,Silver,2022-09-08,2024-01-13,False
3714,Michael Carlson,5,Silver,2024-05-13,,True
3715,Justin Cook,4,Standard,2023-09-26,,True
3716,Lisa Moore,2,Standard,2025-06-29,2025-11-24,False
3717,Tammy Massey,5,Silver,2024-10-30,,True
3718,Harry Brown,3,Standard,2025-02-09,2025-06-30,False
3719,Scott Smith,2,Silver,2022-11-03,,True
3720,Jason Garcia,4,Standard,2022-03-15,,True
3721,Allison Jones,1,Standard,2025-05-16,,True
3722,John Mcdonald,2,Standard,2022-05-29,,True
3723,Paul Baker,4,Standard,2025-03-12,,True
3724,Kristen Hoover,5,Standard,2022-10-29,,True
3725,Michelle Horton,5,Standard,2023-12-20,,True
3726,Michael Zimmerman,4,Gold,2024-01-03,,True
3727,Lee Johnson,5,Standard,2023-02-09,2024-05-05,False
3728,Linda Crawford,4,Gold,2024-01-23,,True
3729,Katherine Walker,4,Silver,2025-03-10,2025-10-27,False
3730,Jeffrey Martinez,4,Silver,2022-03-25,,True
3731,Nicole Garcia,2,Standard,2023-06-13,,True
3732,John Cisneros,4,Silver,2025-03-04,2025-12-17,False
3733,Danielle Rivas,2,Gold,2023-09-11,,True
3734,Daniel Barker,5,Gold,2024-08-30,,True
3735,Donna Carroll,1,Silver,2023-10-20,,True
3736,Andrea Carson,4,Standard,2022-05-26,2025-03-21,False
3737,Sarah Sosa,2,Gold,2022-12-04,,True
3738,Anthony Murray,3,Gold,2022-06-28,,True
3739,Ashley Jenkins,1,Silver,2025-02-27,,True
3740,Mary Mccoy,4,Standard,2024-12-09,,True
3741,Samuel Winters,3,Silver,2024-04-22,,True
3742,Jacob Miles,1,Standard,2023-11-28,2025-12-11,False
3743,Kathy Kaiser,1,Standard,2024-02-25,,True
3744,Stephanie Miller,3,Standard,2024-01-17,,True
3745,Russell Gordon,4,Standard,2023-07-22,,True
3746,Matthew Johnson,2,Standard,2024-01-20,,True
3747,Joshua Ross,5,Standard,2024-11-12,,True
3748,Caitlyn Martinez,3,Gold,2022-11-28,,True
3749,Kelly Mclaughlin,2,Standard,2025-04-23,,True
3750,Dr. Jacqueline Randolph,4,Standard,2022-10-25,,True
3751,Alexander Fernandez,5,Standard,2023-11-19,,True
3752,Melvin Poole,1,Standard,2023-06-19,,True
3753,Justin Evans,5,Standard,2022-08-18,,True
3754,Mary Villa,4,Gold,2023-05-30,,True
3755,Dr. Devin Martin DDS,4,Standard,2023-10-14,,True
3756,Julie Goodwin,5,Standard,2023-12-16,,True
3757,Karen Reid,2,Standard,2024-01-09,2025-12-30,False
3758,Crystal Wilson,4,Silver,2022-12-07,,True
3759,Kevin Rodriguez,4,Standard,2025-02-28,,True
3760,Danielle Freeman,3,Standard,2023-06-30,2024-12-26,False
3761,Courtney Sharp,5,Silver,2024-05-10,2025-09-07,False
3762,Julia Yates,4,Standard,2023-03-28,,True
3763,Jennifer Carter,4,Standard,2024-10-23,,True
3764,Jennifer Bowman,1,Gold,2022-02-27,,True
3765,Joshua Le,4,Silver,2024-12-01,,True
3766,Derek Hunt,1,Gold,2025-04-08,,True
3767,George Cruz,1,Silver,2022-07-13,2024-11-20,False
3768,Lauren Sanchez,3,Silver,2022-07-23,,True
3769,Joshua Smith,1,Silver,2024-03-15,,True
3770,Deborah Ross,1,Standard,2025-05-19,2025-12-21,False
3771,Jeffrey Mercer,5,Standard,2024-06-07,2024-10-15,False
3772,William Rose,1,Gold,2023-05-20,,True
3773,Roy Davis,5,Standard,2024-02-08,2024-03-26,False
3774,Mrs. Stephanie Gamble MD,4,Standard,2022-04-05,,True
3775,Miss Carla Hoover,1,Standard,2024-04-23,,True
3776,David Alvarez,5,Standard,2022-09-19,,True
3777,Cody Wright,1,Standard,2023-06-05,,True
3778,Jorge Morales,2,Standard,2025-03-17,,True
3779,Heather Blanchard,5,Standard,2024-09-21,2025-08-13,False
3780,Dennis Jensen MD,5,Silver,2024-08-15,,True
3781,Denise French,4,Silver,2024-04-09,2025-10-11,False
3782,Patrick Mosley,4,Gold,2023-06-16,2025-09-08,False
3783,Jose Graves,1,Standard,2025-04-03,,True
3784,Kimberly Williams,2,Standard,2024-01-29,,True
3785,April Morales,5,Standard,2023-11-22,,True
3786,Devon Ramos,3,Standard,2024-11-29,,True
3787,Ashley Perez,1,Standard,2023-06-12,,True
3788,James Baker,3,Standard,2023-02-21,2024-05-14,False
3789,Suzanne Hale,3,Silver,2023-06-23,2025-04-29,False
3790,Emily Hunter,2,Standard,2024-01-13,2025-05-27,False
3791,Sharon Murphy,4,Silver,2023-12-25,,True
3792,Regina Williams,1,Silver,2024-01-21,,True
3793,Kyle White,3,Standard,2022-06-08,,True
3794,Danielle Mcfarland DVM,1,Standard,2024-12-13,2025-10-08,False
3795,John Henderson,1,Standard,2022-02-26,,True
3796,Kyle Mullins,4,Gold,2024-07-18,,True
3797,Jason Wright,3,Standard,2023-12-10,,True
3798,Kerry Murphy,1,Standard,2025-05-30,2025-10-16,False
3799,Alexander Douglas,2,Silver,2024-02-04,2024-10-24,False
3800,Wesley Wright,5,Standard,2024-01-01,2025-08-12,False
3801,Miss Denise Leach DVM,5,Silver,2022-03-01,2025-11-02,False
3802,Jason Murphy,4,Gold,2024-02-22,,True
3803,Robert Velazquez,3,Standard,2023-07-11,,True
3804,Katherine Ramos,4,Silver,2023-02-06,,True
3805,Jerry Benton,1,Standard,2023-11-17,,True
3806,Cheryl Hunter,4,Silver,2024-09-06,,True
3807,David Casey,1,Standard,2024-02-16,,True
3808,Carlos Schultz,5,Silver,2022-11-26,2024-10-22,False
3809,Dylan Rodriguez,2,Silver,2024-09-10,,True
3810,Hannah Schaefer,2,Standard,2024-03-18,,True
3811,Scott Wilson,4,Standard,2022-01-12,2025-11-11,False
3812,Jodi Brandt,5,Standard,2022-07-14,2024-05-12,False
3813,Emily Taylor,2,Standard,2023-09-03,,True
3814,Alexis Miller,2,Silver,2023-02-08,,True
3815,Mrs. Susan Christian,5,Gold,2022-12-25,,True
3816,Robert Fowler,5,Standard,2024-11-06,,True
3817,Tanner Herrera,1,Silver,2025-06-21,,True
3818,Mrs. Kathleen Hansen,5,Standard,2022-05-19,2025-03-05,False
3819,Kenneth Khan,2,Standard,2022-09-07,,True
3820,Tara Nelson,4,Standard,2023-04-03,2025-11-10,False
3821,Sarah Little,3,Silver,2022-06-22,2025-06-08,False
3822,Brian Martin,4,Gold,2023-06-27,,True
3823,Nicolas Wilkerson,2,Silver,2022-09-18,,True
3824,Michael Blair,5,Standard,2023-03-13,,True
3825,Julia Bell,2,Silver,2025-01-10,,True
3826,William Gould,5,Standard,2024-11-11,,True
3827,Michael Neal,1,Standard,2022-08-12,,True
3828,Robert Whitney,1,Silver,2022-10-24,2024-08-24,False
3829,Tony Scott,5,Gold,2022-12-09,,True
3830,John Singh,4,Standard,2024-04-12,,True
3831,Angela Taylor,5,Gold,2025-01-14,,True
3832,Victoria Mitchell,3,Gold,2022-09-04,,True
3833,Monica Henry,3,Silver,2023-11-17,,True
3834,Victoria Hayes,4,Standard,2025-04-14,,True
3835,Matthew Newman,3,Standard,2025-02-23,2025-06-26,False
3836,Christopher Lee,4,Gold,2024-05-15,,True
3837,Melinda Weiss,3,Standard,2024-11-28,,True
3838,Adam Daniels,2,Silver,2025-02-19,,True
3839,Richard Rivers,1,Silver,2024-10-19,,True
3840,Miguel Lee,1,Gold,2024-11-20,,True
3841,Veronica Nguyen DDS,2,Standard,2023-05-09,,True
3842,Steven Rivera,4,Silver,2024-11-24,,True
3843,Andrew Mccall,5,Standard,2022-10-20,,True
3844,Ashley Jones,1,Standard,2024-06-12,,True
3845,Jonathan Palmer,4,Silver,2025-01-18,,True
3846,William Ramirez,3,Gold,2022-03-27,,True
3847,Heather Green,4,Silver,2022-11-21,,True
3848,Sabrina Koch,3,Standard,2022-03-10,,True
3849,Manuel Cole,1,Standard,2024-05-28,,True
3850,Martin Curtis,3,Gold,2024-09-27,,True
3851,Erica Schneider,4,Standard,2025-03-07,,True
3852,Toni Hunt,1,Silver,2022-06-07,,True
3853,Jasmin Howell,3,Standard,2022-11-22,,True
3854,Kelsey Frank DVM,5,Silver,2024-01-10,,True
3855,Elizabeth Galloway,2,Standard,2024-09-02,,True
3856,Ashley Franco,4,Gold,2023-09-07,2025-05-28,False
3857,David Patrick,1,Standard,2024-05-18,,True
3858,Tracey Page,5,Standard,2025-01-04,2025-12-26,False
3859,Dalton Hawkins,2,Gold,2022-08-12,,True
3860,Joseph Allen,4,Standard,2022-10-16,,True
3861,Brian Lucas,3,Silver,2024-10-08,,True
3862,Thomas Moore,4,Standard,2023-12-03,,True
3863,Christopher Camacho,2,Silver,2025-01-29,,True
3864,Christy Thomas,5,Silver,2025-03-25,2025-10-10,False
3865,Cody Thompson,5,Silver,2022-02-27,,True
3866,Joseph Murray,1,Silver,2022-01-03,,True
3867,Ryan Carlson,1,Standard,2023-04-30,2024-02-03,False
3868,Michelle Martinez,5,Gold,2025-01-12,2025-12-02,False
3869,Chelsey Reyes,5,Silver,2023-11-30,,True
3870,Nathaniel Hurst,3,Standard,2022-04-29,,True
3871,David Harding,1,Gold,2023-01-05,,True
3872,Rachel Hill,5,Silver,2024-01-23,,True
3873,Krista Taylor,5,Gold,2024-09-26,,True
3874,William Stewart,1,Gold,2023-02-06,,True
3875,Aaron Quinn,1,Gold,2024-05-12,,True
3876,Paul Moon,3,Standard,2025-06-23,,True
3877,Diana Rivera,4,Standard,2022-01-05,,True
3878,Roy Rivera,5,Standard,2024-08-05,,True
3879,Jeffrey Prince,3,Standard,2025-02-26,,True
3880,Benjamin Stein,1,Gold,2023-05-13,,True
3881,Michelle Padilla,2,Standard,2023-05-17,2024-09-27,False
3882,Victoria Smith,4,Standard,2025-02-11,,True
3883,James Meyers,3,Standard,2023-07-25,,True
3884,Luke Williams,2,Standard,2025-03-15,,True
3885,Justin Lee,5,Silver,2024-02-24,,True
3886,Julian Gray,2,Gold,2023-06-20,,True
3887,James Stevens,4,Gold,2024-07-14,2025-05-12,False
3888,Jeffrey Peters,2,Standard,2022-01-20,,True
3889,Kaitlyn Cooley,3,Standard,2025-02-19,,True
3890,Mr. Jackson Watson,1,Standard,2024-04-22,,True
3891,Jesse Jones,4,Silver,2024-01-25,,True
3892,Michael Young,5,Silver,2023-08-03,,True
3893,Jeffrey Miles,3,Silver,2022-01-29,,True
3894,Victor Boyd,2,Standard,2025-06-15,,True
3895,Jamie Turner,2,Gold,2023-12-15,,True
3896,Paige Baird,1,Silver,2022-04-11,,True
3897,Teresa Bowers,5,Silver,2023-12-31,,True
3898,Autumn Tucker,1,Silver,2023-04-06,2025-01-07,False
3899,Paul Freeman,5,Standard,2023-01-07,,True
3900,Benjamin Weaver,1,Silver,2023-05-07,,True
3901,Brianna Davis,5,Standard,2024-10-14,,True
3902,Chad Adams,1,Gold,2024-06-28,,True
3903,Karen Hunt,4,Standard,2022-07-27,,True
3904,Whitney Henson,1,Silver,2022-04-05,2024-02-08,False
3905,Thomas Garcia,1,Gold,2024-07-09,,True
3906,Jacqueline Bass,4,Standard,2023-12-08,,True
3907,Jonathan Smith,5,Silver,2022-02-27,,True
3908,Kathleen Smith,1,Standard,2024-01-08,2024-04-08,False
3909,Amber Chen,1,Silver,2024-01-04,,True
3910,Gloria Hill,3,Silver,2022-10-08,,True
3911,Diana Lin,4,Standard,2022-03-09,2024-05-05,False
3912,Tamara Carr,4,Standard,2025-06-19,,True
3913,Anthony Washington,5,Silver,2025-02-06,2025-11-23,False
3914,Kellie Martin,5,Standard,2024-04-11,,True
3915,Brandon Chaney,4,Standard,2022-12-01,,True
3916,Kimberly Velazquez,4,Gold,2022-04-03,,True
3917,Austin Hartman,5,Standard,2024-09-12,,True
3918,Nicole Brown,1,Standard,2025-04-18,,True
3919,Aaron Thompson,3,Silver,2022-05-29,,True
3920,Miss Emily Simmons,1,Standard,2023-08-15,2025-08-12,False
3921,Jack Arroyo,5,Silver,2024-08-11,,True
3922,Robert Taylor,5,Silver,2025-01-05,,True
3923,Robert Wheeler,2,Gold,2022-02-25,,True
3924,John Escobar,2,Silver,2024-05-18,,True
3925,Sherry Berry,3,Standard,2024-11-25,,True
3926,Melissa Perez,4,Silver,2023-02-03,,True
3927,Kelly Gutierrez,4,Standard,2024-04-04,,True
3928,Scott Cooper,2,Silver,2023-12-10,,True
3929,John Wilson,1,Standard,2024-01-30,,True
3930,Michelle Frost,5,Standard,2024-12-03,2025-01-06,False
3931,Eric Ryan,3,Standard,2025-06-01,,True
3932,Patricia Johnson,5,Silver,2022-09-30,,True
3933,Mary Powell,2,Standard,2023-03-01,2024-04-22,False
3934,Steven Lewis,5,Standard,2024-05-23,,True
3935,Heather Scott,3,Gold,2025-01-29,,True
3936,Gail Hull,5,Silver,2024-09-01,,True
3937,Scott Werner,2,Standard,2023-06-21,,True
3938,Jo Chapman,5,Silver,2023-07-10,,True
3939,Elijah Weaver,5,Gold,2022-10-07,2025-06-07,False
3940,Robert Reyes,4,Standard,2022-09-07,2024-08-09,False
3941,Elizabeth Herman,2,Silver,2025-06-06,2025-12-11,False
3942,Anthony Velasquez,2,Silver,2023-11-21,,True
3943,Jennifer Cole,3,Standard,2025-03-28,,True
3944,Tyler Moore,4,Silver,2023-03-05,,True
3945,Alexandra Johnson,4,Silver,2023-12-22,,True
3946,Erika Williams,3,Gold,2025-04-10,,True
3947,William Garcia,5,Gold,2024-03-13,2024-10-02,False
3948,Yesenia Ford,5,Standard,2022-10-26,,True
3949,Kyle Parks,3,Standard,2023-10-10,,True
3950,Michele Wallace,4,Gold,2022-07-01,,True
3951,Cassandra Schultz,1,Standard,2023-05-12,,True
3952,Emily Gillespie,1,Silver,2023-06-03,2025-03-29,False
3953,Yvette Orozco,2,Standard,2022-12-09,2025-11-17,False
3954,Steven Glover,2,Standard,2024-04-30,,True
3955,Victor Smith,3,Silver,2025-02-22,,True
3956,Melissa Williams,4,Standard,2025-01-02,,True
3957,Scott Arias,2,Silver,2023-02-12,,True
3958,Robert Parks,1,Standard,2025-03-02,,True
3959,Steven Morgan,1,Standard,2024-01-21,,True
3960,Ruben Garcia,5,Standard,2023-07-13,,True
3961,Carl Larson,3,Standard,2023-07-20,,True
3962,Patrick Craig,5,Gold,2022-03-05,,True
3963,Mary Calderon,3,Standard,2024-04-01,,True
3964,Michael Robinson,1,Standard,2022-03-03,2025-12-18,False
3965,Christina Merritt,3,Standard,2023-01-23,,True
3966,Cameron Johnson,3,Silver,2022-06-01,,True
3967,Logan Compton,3,Silver,2022-10-01,,True
3968,Louis Davis,2,Standard,2022-12-29,2024-02-22,False
3969,Lisa Thompson,1,Standard,2022-10-10,2025-04-22,False
3970,Paul Blankenship,3,Gold,2023-11-27,,True
3971,Angel Hughes,1,Silver,2024-05-25,,True
3972,John Shepard,2,Standard,2022-02-12,,True
3973,Kenneth Hahn,1,Standard,2022-01-17,,True
3974,Angela Hughes,2,Standard,2025-03-05,,True
3975,Richard Woodard,2,Standard,2023-07-15,,True
3976,Melissa Martinez,3,Silver,2025-06-25,,True
3977,Cory Charles,5,Gold,2025-02-09,,True
3978,Victoria Atkins,5,Gold,2023-01-27,,True
3979,Jimmy Blake,1,Standard,2022-01-27,,True
3980,Adam Martin,2,Silver,2024-12-16,,True
3981,Johnny Galloway,2,Standard,2023-03-20,,True
3982,James Mitchell,3,Standard,2023-02-04,,True
3983,Kevin Burton,4,Gold,2023-08-10,,True
3984,Peggy Robinson,2,Gold,2024-04-24,,True
3985,Brandon Smith,5,Silver,2022-10-10,,True
3986,Maria Stafford,5,Standard,2024-10-01,,True
3987,David Walsh,2,Standard,2024-12-06,,True
3988,David Smith,1,Silver,2025-05-08,2025-09-16,False
3989,James Wallace,3,Gold,2025-02-05,,True
3990,Abigail Kemp,5,Gold,2024-10-10,,True
3991,Susan Cook,4,Standard,2023-03-03,,True
3992,Rachel Daniels,1,Silver,2025-01-23,,True
3993,Charlotte Jackson,5,Standard,2023-02-17,,True
3994,Emily Foster,5,Standard,2024-07-29,,True
3995,Jennifer Brock,5,Standard,2022-10-22,,True
3996,Michael Ellis,5,Standard,2022-08-17,,True
3997,David Lucero,3,Silver,2023-03-28,,True
3998,Beth Solomon,5,Silver,2025-02-09,,True
3999,Sarah Perez,4,Standard,2022-05-27,,True
4000,Colin Graves,5,Standard,2024-08-17,,True
4001,Lisa Keller,5,Silver,2022-08-03,,True
4002,Kelly Martinez,2,Standard,2022-03-28,,True
4003,Aaron Diaz Jr.,2,Standard,2024-01-01,,True
4004,Jeffrey Nichols,2,Standard,2022-05-16,,True
4005,Monica Gilmore,3,Standard,2023-03-01,,True
4006,William Jackson,4,Silver,2023-12-28,,True
4007,Jose Fletcher,3,Standard,2024-05-31,,True
4008,Karen Cannon,1,Standard,2024-08-15,2025-09-07,False
4009,Andrea Werner,1,Standard,2024-06-11,,True
4010,Terry Mendoza,5,Standard,2024-02-16,,True
4011,Erin Macias,5,Standard,2022-08-08,,True
4012,Brenda Bowen DDS,5,Silver,2025-01-10,2025-08-31,False
4013,Daniel Phillips,4,Standard,2022-01-02,,True
4014,Brandy Dougherty,4,Standard,2022-06-12,2025-11-07,False
4015,Donald Archer,4,Standard,2022-03-17,,True
4016,Tammy Dalton,4,Standard,2024-04-15,,True
4017,William Frye,4,Standard,2024-08-12,,True
4018,Meredith Nunez,1,Standard,2024-01-07,,True
4019,Bethany Walters,1,Standard,2024-07-27,,True
4020,Miguel Hernandez,5,Standard,2025-06-02,,True
4021,Jeffrey Howard,1,Silver,2024-12-23,,True
4022,Ashley Watson,2,Standard,2025-04-02,,True
4023,Kathy Butler,1,Standard,2022-09-05,2025-10-17,False
4024,James Smith,5,Standard,2025-02-04,,True
4025,Mike Larson,2,Silver,2025-06-10,,True
4026,Joe Sanders,3,Standard,2025-04-07,,True
4027,Courtney Tate,3,Standard,2024-01-16,,True
4028,Wanda Davis,5,Gold,2024-05-22,,True
4029,Veronica Jones,5,Gold,2024-05-21,,True
4030,Amanda Duffy,1,Silver,2023-01-16,,True
4031,Tony Johnson,3,Silver,2024-01-13,2025-11-29,False
4032,Kimberly Hill,4,Gold,2022-11-13,,True
4033,Chris Miller,5,Silver,2024-03-02,,True
4034,Jennifer Smith,1,Standard,2025-01-13,,True
4035,Tracy Butler,5,Gold,2022-03-13,2024-10-23,False
4036,Troy Wiley,2,Gold,2025-05-22,,True
4037,James Hernandez,2,Standard,2022-02-21,,True
4038,Heidi Brown,2,Standard,2023-12-29,,True
4039,Rachel Turner,5,Silver,2024-01-12,,True
4040,Jenna Gonzalez,5,Silver,2022-02-16,,True
4041,Michelle Bradley,4,Standard,2023-01-26,,True
4042,Larry Jackson,1,Standard,2023-03-15,,True
4043,Janice Hamilton,2,Standard,2022-08-31,,True
4044,Dawn Floyd,4,Standard,2024-11-30,2025-01-04,False
4045,Nancy Everett,4,Gold,2024-04-29,,True
4046,Michael Garcia,1,Standard,2023-12-09,,True
4047,Stacey Williams,5,Gold,2023-10-19,,True
4048,Linda Mcdaniel,3,Gold,2024-07-26,,True
4049,Jennifer Fowler,1,Standard,2022-05-06,,True
4050,Mary Duncan,3,Standard,2024-07-13,2025-11-11,False
4051,Renee Clay,4,Standard,2023-05-01,2024-06-10,False
4052,Diane Murray,4,Silver,2024-07-07,,True
4053,Mary Diaz,5,Standard,2025-05-07,,True
4054,Travis Avery,5,Standard,2022-10-28,,True
4055,Angela Mccarthy,1,Gold,2022-02-14,,True
4056,Mr. William Adams PhD,2,Gold,2023-04-12,2025-05-02,False
4057,Michael Leonard,3,Silver,2024-09-20,,True
4058,Jennifer Joseph,5,Gold,2023-09-30,,True
4059,Mindy Bender DVM,5,Gold,2024-07-08,,True
4060,Walter Kim,4,Standard,2023-03-05,,True
4061,Denise Hughes PhD,4,Standard,2023-12-22,,True
4062,Robert Jordan,4,Standard,2024-09-18,,True
4063,Christopher Mitchell,1,Standard,2025-03-01,,True
4064,Aimee Rivera,4,Silver,2022-01-29,,True
4065,Teresa Romero,3,Standard,2024-12-06,,True
4066,James Thomas,1,Silver,2024-11-05,,True
4067,Eric Griffin,2,Standard,2024-09-30,2025-03-18,False
4068,Alexis Berg,5,Standard,2022-05-24,,True
4069,Ricardo Chapman,2,Standard,2022-12-19,,True
4070,Bryan Cervantes,4,Standard,2022-06-01,,True
4071,Deborah Stephens,2,Standard,2022-03-09,,True
4072,Brooke Perry,5,Standard,2022-09-07,,True
4073,Stacey Lewis,1,Standard,2022-05-29,,True
4074,Matthew Ellis,1,Standard,2024-10-30,2025-05-11,False
4075,Stephanie Johnson,4,Standard,2022-05-14,,True
4076,Kathleen Schmidt,1,Standard,2024-04-03,,True
4077,Angela Blair,4,Standard,2023-03-31,2024-05-01,False
4078,Kristin Flores,1,Standard,2023-07-24,,True
4079,Mary Stevenson,2,Standard,2022-09-24,,True
4080,Kathy Murray,2,Standard,2022-08-13,,True
4081,Stefanie Jimenez,4,Standard,2022-12-07,,True
4082,Vincent Kane,5,Gold,2022-05-24,,True
4083,Melissa Jenkins,5,Standard,2025-04-06,,True
4084,Brittany Stein,4,Standard,2023-03-12,,True
4085,Jeffrey Fleming,1,Gold,2023-08-14,,True
4086,Aaron Ramirez,4,Standard,2023-06-03,,True
4087,Lori Howard,4,Silver,2022-03-21,2025-08-27,False
4088,Allison Boyle,2,Standard,2022-07-14,2024-11-16,False
4089,Victoria Johnson,5,Gold,2023-02-20,,True
4090,Mr. Nicholas Jones,4,Standard,2025-03-20,,True
4091,Ryan Lee,1,Silver,2022-08-26,,True
4092,Cristina Berry,3,Silver,2023-06-27,,True
4093,Claudia Sanders,4,Standard,2024-10-07,,True
4094,Kathleen Martin,3,Standard,2024-10-25,,True
4095,James Reed,2,Standard,2022-02-14,,True
4096,Jeanette Knox,2,Gold,2024-06-23,,True
4097,Laura Welch,4,Standard,2022-02-04,,True
4098,Carl Brooks,2,Silver,2023-09-11,,True
4099,Melanie Browning,1,Standard,2024-02-25,2025-09-05,False
4100,Michael Briggs,1,Standard,2022-07-09,,True
4101,Lindsey Thompson,2,Standard,2022-10-17,2025-03-25,False
4102,Sandra Harrington,5,Standard,2023-01-02,2025-09-14,False
4103,Carl Henderson,1,Silver,2022-10-11,,True
4104,Andrew Sanders,2,Gold,2022-04-22,,True
4105,Judy Dixon,4,Gold,2025-03-03,,True
4106,Dr. Phillip Roman PhD,5,Standard,2023-05-12,,True
4107,Adrian Martinez,3,Standard,2022-09-13,,True
4108,Samantha Spencer,1,Standard,2023-05-21,2024-09-15,False
4109,Kristina Hayden,3,Standard,2025-02-13,,True
4110,Katherine Leon,2,Standard,2024-06-19,,True
4111,Pamela Ferguson,5,Standard,2024-03-15,,True
4112,Curtis Ramos,1,Standard,2022-11-26,,True
4113,William Brandt,4,Standard,2022-12-02,,True
4114,Mrs. Candice Joseph,4,Gold,2025-06-07,,True
4115,Lawrence King,4,Standard,2022-01-22,,True
4116,Meagan Yang,3,Standard,2022-07-16,,True
4117,Wanda Welch,2,Standard,2022-07-16,,True
4118,Heather Brown,4,Standard,2022-08-23,,True
4119,Wendy Morgan,1,Standard,2022-08-22,,True
4120,James Whitaker,2,Silver,2023-04-20,,True
4121,Sharon Sanchez,4,Standard,2024-03-21,,True
4122,James Mcguire,3,Silver,2024-12-27,2025-02-07,False
4123,Michael Perez,2,Silver,2022-12-18,2025-08-27,False
4124,Bryan Hoffman,5,Standard,2023-12-15,,True
4125,Andrea Hampton,3,Standard,2022-07-09,,True
4126,Donna Ross,4,Standard,2022-08-11,2025-04-27,False
4127,Mary Hughes,1,Silver,2023-12-30,,True
4128,John Ward,2,Standard,2023-02-05,,True
4129,Christopher Sims,2,Standard,2022-11-17,,True
4130,William Adams,1,Gold,2022-03-27,,True
4131,Erin Nelson,5,Standard,2022-04-09,2025-07-13,False
4132,Jamie Mercer,1,Silver,2023-12-28,2025-05-04,False
4133,Jonathan Ballard,5,Silver,2024-01-25,,True
4134,Roberta Smith,1,Standard,2022-03-18,,True
4135,Mary Jones,3,Standard,2022-08-04,,True
4136,Matthew Hernandez,5,Standard,2025-01-11,2025-07-05,False
4137,David Moran,4,Silver,2022-04-04,,True
4138,Julie Knight,2,Standard,2025-03-01,,True
4139,Troy Wells,2,Standard,2023-08-03,,True
4140,Steven Hall,1,Standard,2022-04-05,,True
4141,Mrs. Jessica Price,1,Standard,2024-10-15,,True
4142,Kenneth Moreno,2,Silver,2024-09-02,2025-04-13,False
4143,David Walsh,1,Standard,2024-03-04,2025-05-10,False
4144,Laura Moon,1,Silver,2022-09-23,,True
4145,Lance Soto,2,Silver,2024-06-03,,True
4146,Jose Hardy,1,Standard,2023-05-03,2024-08-13,False
4147,David Thomas,1,Silver,2024-01-08,,True
4148,Alexander Bailey,3,Silver,2022-07-22,2025-03-03,False
4149,Douglas Bowman,2,Silver,2024-10-27,,True
4150,Adam Williams,5,Standard,2024-10-17,,True
4151,Julie Torres,4,Standard,2022-06-28,,True
4152,Kathleen Evans,2,Standard,2023-11-27,,True
4153,Eric Everett,3,Standard,2023-07-26,,True
4154,Steve Simmons,4,Silver,2023-06-20,,True
4155,Gary Johnson,1,Standard,2025-06-18,,True
4156,Daniel Gonzalez,4,Standard,2022-11-08,,True
4157,Jeffery Lopez,3,Silver,2024-01-22,2024-10-21,False
4158,Stephen Cunningham,3,Standard,2023-08-16,,True
4159,Jamie Morris,2,Standard,2023-04-02,,True
4160,John Smith,5,Standard,2022-03-05,,True
4161,Joseph Ford,1,Silver,2023-04-15,,True
4162,David Miller,5,Standard,2024-05-10,,True
4163,Joseph Horn,1,Silver,2023-02-05,,True
4164,Lisa Bailey,4,Silver,2024-12-08,,True
4165,Danielle Compton,2,Standard,2022-12-26,,True
4166,Terri Carter,3,Gold,2024-08-19,,True
4167,Rachel Conner,4,Standard,2022-10-10,,True
4168,Lindsey Sanchez,1,Silver,2023-01-25,2024-03-29,False
4169,Theresa Green,5,Standard,2024-02-15,,True
4170,Kenneth Nelson,5,Silver,2024-01-08,,True
4171,Sara Lyons,2,Standard,2023-06-08,2024-01-13,False
4172,Kevin Mason,1,Standard,2022-08-07,,True
4173,Misty Robinson,5,Silver,2022-06-13,,True
4174,Maria Khan,1,Standard,2024-01-05,,True
4175,Ariel Moore,4,Silver,2024-01-14,,True
4176,Dr. Jill Brown MD,5,Standard,2025-05-19,,True
4177,Eric York,2,Standard,2025-01-02,2025-10-05,False
4178,Michael Gutierrez,3,Standard,2023-03-20,,True
4179,Bonnie Strickland,4,Standard,2023-03-06,,True
4180,Eric Knight,1,Standard,2022-02-17,,True
4181,Nathaniel Walker,5,Gold,2024-12-18,2025-05-11,False
4182,Steven Baxter,4,Silver,2022-03-11,,True
4183,Christina Shields,3,Standard,2022-05-17,,True
4184,Henry Mann,3,Silver,2023-03-02,,True
4185,George Byrd,1,Standard,2023-05-15,,True
4186,Todd Arellano,4,Silver,2023-08-25,,True
4187,Colleen Jones,3,Silver,2022-04-11,,True
4188,Chelsea Dominguez,2,Silver,2024-06-19,,True
4189,Benjamin Michael,3,Standard,2023-05-21,,True
4190,Daniel Zamora,2,Standard,2023-12-04,,True
4191,Natalie Johnson,2,Silver,2022-09-01,2024-10-24,False
4192,Edward Baker,2,Silver,2022-11-14,,True
4193,Matthew Klein,4,Standard,2022-09-23,2024-03-19,False
4194,Megan Barrett,2,Standard,2023-06-15,,True
4195,Alyssa Arnold,1,Standard,2024-09-24,,True
4196,Emily Zimmerman,4,Standard,2025-02-24,,True
4197,Kevin Williams,2,Standard,2022-06-29,2025-09-20,False
4198,Maria Compton,2,Gold,2025-02-04,,True
4199,Cole Johnson,2,Standard,2023-07-14,2024-07-27,False
4200,Christopher Herrera,5,Standard,2022-09-23,,True
4201,Christopher Hansen,2,Standard,2024-10-06,2025-03-20,False
4202,Jerry Rogers,1,Standard,2025-04-19,2025-08-05,False
4203,Caitlin Harris,4,Standard,2025-01-17,,True
4204,Alexandra Smith,2,Standard,2023-10-26,2024-04-21,False
4205,Ashley Harris,2,Silver,2023-02-26,,True
4206,Craig Ortiz,3,Standard,2022-01-13,,True
4207,Steven Logan,4,Gold,2023-07-17,2025-06-19,False
4208,Jessica Simmons,2,Standard,2023-04-11,,True
4209,Hannah Cervantes,4,Standard,2024-09-17,,True
4210,Carrie May,3,Standard,2022-11-14,,True
4211,Susan Navarro,2,Standard,2022-09-26,2024-02-27,False
4212,John Young,4,Standard,2023-12-11,,True
4213,Bonnie Martinez,4,Silver,2022-10-04,2025-06-07,False
4214,William Perkins,4,Standard,2023-01-13,,True
4215,Dr. Ann Robbins DVM,4,Standard,2024-08-04,,True
4216,Anthony Brooks,1,Silver,2024-04-24,,True
4217,Jennifer Guerra,3,Silver,2023-07-15,,True
4218,Monica Mullen,2,Silver,2024-04-22,,True
4219,Mark Simpson,2,Standard,2024-11-27,,True
4220,Sandra Walls,4,Standard,2024-11-18,2025-05-05,False
4221,James Bowman,3,Standard,2022-08-22,,True
4222,Jessica Kramer,5,Standard,2022-10-18,,True
4223,Jonathan Velazquez,3,Standard,2023-08-22,,True
4224,Andrew Sosa,4,Standard,2022-08-18,,True
4225,James Ferguson,2,Standard,2024-09-24,,True
4226,Brittany Wright,5,Silver,2024-06-28,2025-11-14,False
4227,Kenneth Shepard,3,Standard,2022-11-14,,True
4228,Bradley Krause,4,Gold,2024-10-10,,True
4229,Jose Young,3,Standard,2022-06-02,,True
4230,Jennifer Hull,3,Silver,2023-03-19,,True
4231,Stephanie Roach,5,Standard,2024-02-23,,True
4232,Roger Carter,1,Gold,2023-08-03,,True
4233,Courtney Hernandez,1,Standard,2022-02-16,,True
4234,Melissa Thompson,5,Standard,2022-05-13,2025-12-10,False
4235,Pamela Snyder,4,Gold,2023-02-11,,True
4236,James Scott II,3,Standard,2022-08-09,2024-04-13,False
4237,Isaac Roberts,4,Silver,2023-08-03,,True
4238,James Flores,3,Silver,2022-07-04,,True
4239,Sarah Lee,4,Gold,2024-10-31,2025-07-09,False
4240,Rose Harris,2,Standard,2022-09-07,2025-06-21,False
4241,Shawn Bass,1,Gold,2023-01-05,,True
4242,Kathryn Greene,3,Silver,2023-01-24,,True
4243,John Brock,1,Silver,2025-03-23,,True
4244,Pamela Cohen,2,Standard,2022-01-14,2024-09-30,False
4245,Emily French,4,Gold,2022-04-02,,True
4246,Michael White,2,Standard,2023-07-26,,True
4247,Caitlin Rich,5,Silver,2023-06-30,,True
4248,Jesse Jimenez,2,Standard,2024-08-03,2025-03-04,False
4249,Thomas Bradley,1,Silver,2023-02-11,,True
4250,Joshua Thomas,4,Standard,2022-01-23,2024-02-28,False
4251,Jacob Hardy,5,Gold,2024-02-11,,True
4252,Autumn Morris,1,Standard,2022-07-21,,True
4253,Jennifer Williams,2,Gold,2025-01-08,,True
4254,Maurice Perkins,2,Silver,2024-01-25,,True
4255,Michael Burnett,3,Silver,2022-10-24,,True
4256,Marcus Phillips,5,Gold,2024-04-03,,True
4257,Billy Alvarado,4,Silver,2024-09-01,2024-11-27,False
4258,Michael Morgan,4,Silver,2024-03-06,,True
4259,Courtney Medina,1,Standard,2022-09-06,,True
4260,Kenneth York,5,Silver,2024-12-22,,True
4261,Amy Day,3,Silver,2022-10-14,,True
4262,Travis Thompson,3,Silver,2022-08-14,,True
4263,Susan Rodriguez,4,Silver,2022-04-08,2025-06-30,False
4264,Jeffrey Butler,1,Gold,2023-04-21,,True
4265,Steven Garcia,4,Standard,2023-09-30,,True
4266,Deborah Medina,1,Silver,2024-01-14,,True
4267,Nicole Hood DDS,4,Standard,2023-05-12,,True
4268,Kathryn Randolph,3,Silver,2022-02-24,2024-10-10,False
4269,Dana Edwards,2,Standard,2023-07-19,,True
4270,Jasmine Morales,2,Silver,2023-02-22,,True
4271,Eric Mcgee,2,Standard,2025-04-21,,True
4272,Matthew Rodriguez,5,Gold,2024-01-31,2025-06-20,False
4273,Rhonda White,4,Silver,2022-06-29,,True
4274,Amber Martin,2,Standard,2022-09-04,2024-01-13,False
4275,William Campbell,1,Silver,2022-11-19,,True
4276,Sheryl Barton,2,Standard,2023-09-12,,True
4277,John Gilbert,4,Standard,2024-06-12,,True
4278,Leah Wheeler,5,Standard,2022-07-15,,True
4279,Kelsey Pearson,2,Standard,2024-02-22,,True
4280,Nicolas Smith,1,Standard,2023-10-18,,True
4281,Omar Mcgee,3,Standard,2022-10-07,2024-11-11,False
4282,Gregory Gonzalez,1,Silver,2024-06-20,,True
4283,Joshua Lopez,4,Standard,2022-07-25,,True
4284,Robert Nelson,1,Standard,2022-05-03,2024-08-22,False
4285,April Kelly,3,Silver,2025-02-04,2025-11-27,False
4286,Sarah Gilbert,1,Silver,2024-05-29,,True
4287,Lisa Brown,1,Standard,2024-04-22,,True
4288,Carly Ellis,5,Silver,2023-05-23,,True
4289,Ryan Haney,4,Silver,2023-07-11,2024-06-27,False
4290,Lisa Cruz,3,Gold,2022-09-21,,True
4291,Cindy Webb,4,Silver,2024-10-04,,True
4292,Brian Welch,5,Standard,2025-02-22,2025-03-19,False
4293,Samantha Powell,3,Silver,2023-11-24,,True
4294,Jeffrey Torres,3,Gold,2023-05-23,,True
4295,Benjamin Moore,2,Gold,2024-09-18,,True
4296,Michelle Hernandez,4,Standard,2023-10-08,2024-04-24,False
4297,Courtney Hurst,1,Gold,2024-05-08,2025-10-01,False
4298,Savannah Rice,3,Silver,2023-08-12,,True
4299,Melody Sullivan,1,Standard,2023-02-20,2025-11-15,False
4300,Brandon Williams DDS,4,Silver,2025-02-16,,True
4301,Mark Michael,2,Standard,2024-07-11,2025-09-28,False
4302,Robin Wright,1,Gold,2023-10-29,,True
4303,Tina Wilson,3,Gold,2022-04-06,2024-04-03,False
4304,Heather Watkins,2,Standard,2025-03-17,,True
4305,Danielle Schwartz,5,Silver,2024-01-10,,True
4306,Alice Moran,4,Standard,2023-03-23,2024-12-29,False
4307,Jamie Dominguez,2,Standard,2024-07-22,,True
4308,Lisa Gomez,3,Standard,2024-11-14,2025-06-21,False
4309,Jerome Parker,3,Gold,2024-11-24,,True
4310,Tiffany Cooper,3,Silver,2023-10-10,,True
4311,Jeffrey Fields,2,Silver,2022-10-13,,True
4312,Stacie Riley,4,Silver,2024-09-01,,True
4313,Mark Thomas,1,Standard,2024-02-15,,True
4314,William Torres,4,Gold,2024-02-27,,True
4315,Jennifer Smith,1,Silver,2024-09-02,,True
4316,Joyce Parks,3,Silver,2022-01-05,,True
4317,Melissa Jefferson,2,Gold,2023-09-28,,True
4318,Troy Lee,5,Silver,2022-12-29,,True
4319,Elizabeth Jenkins,5,Standard,2024-02-16,,True
4320,Kelly Soto,4,Silver,2022-11-06,,True
4321,Kimberly Ferguson,3,Silver,2022-09-21,,True
4322,Kevin Johnson,5,Gold,2025-06-26,,True
4323,Larry Bates,4,Standard,2023-01-06,,True
4324,Adam Hanna,4,Gold,2023-10-19,,True
4325,James Woodward,4,Silver,2022-05-31,2025-10-09,False
4326,Stephanie Smith,2,Standard,2022-02-19,2024-10-19,False
4327,Roy Howard,2,Silver,2023-11-26,,True
4328,Justin Ryan,1,Standard,2022-05-14,,True
4329,Regina Rivera,1,Standard,2023-12-10,,True
4330,Kristen Montgomery,3,Gold,2023-01-25,,True
4331,Scott Cooley,3,Standard,2024-07-29,,True
4332,Sean Smith,3,Silver,2023-12-08,,True
4333,Jacob Smith,1,Silver,2025-03-26,,True
4334,Gregory Myers,5,Silver,2022-01-01,,True
4335,Stephen Osborne,4,Standard,2024-05-16,,True
4336,Thomas Clements,3,Gold,2023-03-31,,True
4337,Dean Cunningham,5,Silver,2023-05-10,,True
4338,Mary Merritt,5,Standard,2024-11-19,,True
4339,Anthony Juarez,3,Standard,2023-01-11,,True
4340,Martha Schmidt,4,Silver,2025-03-12,,True
4341,Regina Johnson,5,Gold,2022-07-26,,True
4342,Jaime Watts,4,Silver,2024-03-16,,True
4343,Edward Herring,2,Standard,2022-03-02,,True
4344,Teresa Long,3,Standard,2022-11-18,,True
4345,Javier Barrera,1,Standard,2022-12-16,,True
4346,Carmen Case,5,Gold,2023-05-27,,True
4347,Beth Morris,1,Silver,2023-04-28,,True
4348,Shelby Taylor,2,Gold,2023-03-16,,True
4349,Cathy Wyatt,4,Silver,2025-04-04,,True
4350,David Frederick,1,Standard,2022-06-09,,True
4351,Ricky Green,5,Standard,2024-04-06,,True
4352,Dylan Floyd,4,Gold,2023-01-28,2025-10-19,False
4353,Jeffrey Jackson,3,Silver,2023-04-21,,True
4354,Kimberly Edwards,2,Standard,2024-12-18,,True
4355,Chad Cook,5,Silver,2023-09-17,,True
4356,Michael Atkins,1,Standard,2023-03-20,,True
4357,David Anderson,5,Gold,2024-01-31,,True
4358,Sean Noble,3,Standard,2022-08-24,,True
4359,Richard Thomas,3,Silver,2024-09-21,,True
4360,Jeffery Nelson DDS,4,Silver,2025-05-22,,True
4361,Kristi Joseph,2,Silver,2024-07-22,,True
4362,Michael Jackson,2,Silver,2023-02-14,2024-08-25,False
4363,Scott Garcia,1,Silver,2024-12-10,,True
4364,Katherine Mendez,3,Standard,2022-05-28,,True
4365,Thomas Rice,1,Standard,2023-07-27,,True
4366,Kyle Green,5,Standard,2024-03-23,,True
4367,David Diaz,2,Standard,2023-08-03,,True
4368,Elizabeth Russo,4,Standard,2022-10-02,,True
4369,Elizabeth Whitaker,3,Standard,2024-07-22,,True
4370,Kevin Park,2,Silver,2024-12-13,,True
4371,David Boone,2,Silver,2025-06-04,,True
4372,David Dixon,1,Gold,2024-02-09,,True
4373,Joseph Fisher,2,Gold,2022-02-08,,True
4374,Curtis Petersen,4,Standard,2025-01-20,,True
4375,Catherine Mayer,2,Gold,2023-10-28,,True
4376,Stacy Burnett,5,Standard,2023-10-17,,True
4377,Joshua Gonzalez,4,Silver,2023-12-12,2024-09-14,False
4378,Catherine Sutton,3,Silver,2022-12-30,,True
4379,Jennifer Decker,4,Standard,2023-02-04,2024-03-30,False
4380,Robert Mueller,3,Standard,2022-09-29,2024-08-27,False
4381,Sharon Kelly,2,Silver,2022-03-05,,True
4382,Douglas James,5,Standard,2024-05-24,,True
4383,Patrick Mahoney,2,Standard,2022-04-22,,True
4384,Timothy Benitez,5,Gold,2024-01-27,,True
4385,Breanna Jacobs,1,Silver,2022-10-14,,True
4386,Deborah Escobar,3,Standard,2022-11-24,2024-10-01,False
4387,Laurie Johnson,2,Silver,2022-03-09,,True
4388,Kyle Peterson,4,Silver,2022-02-17,,True
4389,Taylor Wall,3,Gold,2022-10-18,,True
4390,Brandon Miller,2,Standard,2024-05-22,,True
4391,Donna Roberts,2,Silver,2024-01-29,,True
4392,Noah Robertson,1,Standard,2024-04-10,,True
4393,Teresa Franco,5,Standard,2023-10-22,,True
4394,Jacob Jackson,2,Standard,2024-02-24,,True
4395,Katherine Reid,4,Silver,2025-03-08,2025-06-26,False
4396,Beth Holmes,2,Gold,2023-12-30,,True
4397,Benjamin Mcgee,1,Standard,2022-05-22,2025-03-08,False
4398,Mary Bates,4,Standard,2023-08-14,,True
4399,Chad Rice,1,Standard,2024-03-16,,True
4400,Shannon Roach,5,Silver,2022-08-28,,True
4401,Nicole Rice,5,Standard,2023-08-13,,True
4402,Gary Garcia,2,Silver,2025-03-14,,True
4403,Jessica Hodges,4,Standard,2022-12-06,,True
4404,Vicki Garcia MD,1,Standard,2022-07-24,,True
4405,Joseph Peterson,4,Standard,2022-10-05,,True
4406,Laura Lynch,5,Gold,2023-07-09,2025-01-26,False
4407,Angela Landry,4,Silver,2025-06-11,,True
4408,Roberto Rojas,1,Silver,2023-03-06,,True
4409,Michelle Mccoy,4,Standard,2024-02-27,2025-11-05,False
4410,John Williams,4,Standard,2022-08-01,,True
4411,Jay Clark,1,Standard,2023-02-07,2025-02-13,False
4412,Mark Sandoval,1,Standard,2024-11-16,,True
4413,Alicia Bowen,5,Standard,2024-08-07,,True
4414,Russell Flores,5,Silver,2025-05-11,,True
4415,Barbara Johnston,5,Standard,2022-06-11,2024-10-15,False
4416,David Mathews,1,Silver,2024-10-01,,True
4417,Chad Cline,2,Standard,2022-06-10,2025-02-22,False
4418,Jeffery Berry,4,Standard,2023-03-23,,True
4419,Joseph Garcia,2,Standard,2024-05-30,,True
4420,Drew Brown,1,Silver,2023-10-03,,True
4421,Joel Morales,5,Standard,2022-06-23,,True
4422,Rebecca Schmidt,1,Standard,2025-03-01,,True
4423,Brenda Gonzales,5,Silver,2022-09-20,,True
4424,Nathan Morales,5,Standard,2022-10-04,,True
4425,Robert Brown,5,Silver,2022-11-10,,True
4426,Frank Russo,5,Silver,2022-01-10,,True
4427,Ann Chen,1,Silver,2024-08-16,,True
4428,George Cruz,2,Gold,2023-01-08,2025-04-30,False
4429,Laura Kelly,1,Standard,2023-04-25,,True
4430,David Huber,5,Silver,2024-10-04,2024-11-25,False
4431,Sara Bartlett,1,Silver,2024-02-22,,True
4432,Alfred Moore,3,Standard,2023-08-25,,True
4433,Marie Ortiz MD,2,Silver,2024-01-29,,True
4434,Bradley Aguirre,2,Standard,2022-11-15,,True
4435,Melanie Jones,3,Gold,2022-11-24,,True
4436,Melissa Haley,1,Standard,2025-02-13,,True
4437,Frances Brennan,1,Standard,2023-02-17,,True
4438,Ronald Williams,3,Gold,2024-03-21,,True
4439,Colin Castro,2,Standard,2023-04-22,,True
4440,Daniel Baker MD,1,Standard,2022-01-02,,True
4441,Scott Brennan,1,Gold,2022-09-24,,True
4442,Devin Wilson,5,Gold,2022-12-02,,True
4443,Evan Lewis,3,Silver,2024-08-21,,True
4444,Robert Barnes,4,Standard,2022-01-28,,True
4445,Shannon Hopkins,4,Silver,2023-05-29,,True
4446,Tamara Hudson,5,Gold,2024-02-14,,True
4447,Shannon Mays,3,Silver,2022-08-09,,True
4448,Shelby Webster,5,Standard,2023-10-12,,True
4449,Cynthia Decker,1,Silver,2023-03-24,,True
4450,Jody Singleton,1,Standard,2023-02-24,,True
4451,Martin Coleman,2,Standard,2022-06-07,2024-07-13,False
4452,Barbara Garcia,2,Gold,2023-12-07,,True
4453,Denise Le,5,Silver,2023-05-05,,True
4454,Leslie Wolf,5,Standard,2024-11-23,2025-02-12,False
4455,Christine Harrison,2,Silver,2025-02-23,,True
4456,Jose Oconnor,4,Standard,2024-04-11,,True
4457,John Smith,3,Standard,2022-10-01,,True
4458,Adam Gentry,2,Standard,2022-11-17,2024-06-18,False
4459,Jose Walsh,1,Gold,2025-04-17,,True
4460,Joshua Foster,4,Gold,2023-06-19,,True
4461,Tracy Bradshaw,2,Standard,2023-03-21,,True
4462,Shannon Hall,1,Silver,2022-03-28,,True
4463,Matthew Cole,3,Gold,2022-04-19,,True
4464,Douglas Smith,2,Silver,2022-06-20,,True
4465,Kevin Padilla Jr.,5,Silver,2024-06-21,,True
4466,Mrs. Krista Jones DDS,5,Silver,2022-10-02,2024-07-16,False
4467,Troy Mclean,4,Silver,2024-06-30,,True
4468,Tristan Johnson,3,Gold,2022-07-03,,True
4469,Brittany Price,4,Standard,2024-07-20,,True
4470,Clifford Brooks,5,Standard,2022-11-23,2025-11-12,False
4471,Rebecca Lopez,3,Standard,2025-06-19,,True
4472,Melissa Nunez,1,Silver,2022-01-18,,True
4473,Joseph Howell,4,Standard,2022-08-08,,True
4474,Annette James,1,Standard,2022-02-15,2024-08-10,False
4475,Joshua West,3,Silver,2022-03-06,,True
4476,Timothy Maxwell,2,Gold,2024-04-12,,True
4477,Ricky Myers,2,Standard,2022-02-10,,True
4478,Andrea Ward,1,Standard,2024-10-21,,True
4479,Amanda Morgan,2,Standard,2023-06-07,,True
4480,Anthony Simpson,1,Silver,2023-08-31,,True
4481,Alexandria Lindsey,1,Standard,2022-06-24,2025-11-28,False
4482,Richard Pena,3,Silver,2022-10-03,2024-12-02,False
4483,Dan Hess,4,Standard,2022-08-08,,True
4484,Kaitlyn Jones,3,Silver,2023-12-24,,True
4485,Bryan Brock,3,Silver,2023-05-13,,True
4486,Michelle Ramirez,5,Standard,2022-11-20,,True
4487,Jon Hudson,1,Standard,2023-06-04,,True
4488,Roy Gibson,4,Standard,2023-11-30,2025-12-25,False
4489,William Thomas,5,Silver,2023-01-26,,True
4490,Tara Anderson,4,Standard,2022-10-15,2024-08-08,False
4491,Charles White,2,Standard,2023-04-06,2024-03-08,False
4492,Troy Sloan,5,Silver,2025-03-08,2025-05-27,False
4493,Devon Harmon,2,Standard,2024-04-27,,True
4494,Jamie Johnson,5,Silver,2023-07-24,2025-09-07,False
4495,Emily Walker,1,Gold,2024-05-10,2025-01-17,False
4496,Matthew Morrison,3,Silver,2022-06-16,,True
4497,Tracy Byrd,2,Silver,2023-01-18,,True
4498,Michael Silva,4,Silver,2022-12-11,,True
4499,Carlos Rodriguez,2,Standard,2023-03-24,,True
4500,Lauren Skinner,3,Silver,2024-05-01,2024-11-11,False
4501,Stanley Holder,5,Standard,2022-08-06,,True
4502,Rebekah Dyer,4,Standard,2024-06-16,,True
4503,Raven Odonnell,2,Standard,2022-11-22,,True
4504,Daniel Gray,1,Gold,2023-10-18,,True
4505,Joseph Collins,4,Silver,2022-03-17,,True
4506,Robert Grant,1,Silver,2022-11-27,2025-01-08,False
4507,Laura Henry,1,Silver,2022-04-24,,True
4508,Eric Williams,1,Standard,2024-03-01,2025-03-16,False
4509,Kendra Colon,1,Standard,2023-12-30,,True
4510,Jenna Hayden,3,Silver,2025-02-14,,True
4511,Rachel Petty,4,Silver,2024-03-08,,True
4512,Jeffrey Cole,1,Gold,2022-12-22,,True
4513,Autumn Andrews,4,Silver,2025-04-27,,True
4514,Jeffrey Hernandez,2,Standard,2023-11-05,,True
4515,Zachary Gonzalez,5,Silver,2024-12-27,,True
4516,Natalie Cline,5,Silver,2024-07-16,,True
4517,Shawn Juarez,4,Standard,2023-04-04,,True
4518,Joshua Bennett,2,Gold,2022-01-03,,True
4519,Wendy Chavez,1,Silver,2024-10-09,,True
4520,April Meyer,5,Silver,2024-01-28,,True
4521,Ann King,2,Gold,2024-09-07,,True
4522,Kevin Chase,5,Silver,2023-06-03,,True
4523,Brittany Young,1,Silver,2022-04-28,2025-02-18,False
4524,Jesus Decker,2,Silver,2024-05-24,,True
4525,Laura Stevens,5,Gold,2024-05-09,,True
4526,Adam Pope,2,Standard,2024-07-03,,True
4527,Sarah Miller,2,Standard,2023-03-06,,True
4528,Jessica Cooke,1,Standard,2024-12-26,,True
4529,Alexander Carlson,4,Standard,2023-05-11,,True
4530,Destiny Robinson,1,Standard,2024-12-09,,True
4531,Miranda Sanchez,2,Silver,2023-07-09,,True
4532,Kelly Miller,1,Standard,2023-07-23,,True
4533,Melissa Rivera,4,Standard,2022-04-28,2025-03-17,False
4534,Brittany Smith,2,Standard,2022-06-30,2025-02-22,False
4535,Mary Jones,5,Standard,2024-03-22,,True
4536,Diamond Jenkins,3,Gold,2022-09-17,,True
4537,Kenneth Harper,5,Silver,2023-07-24,,True
4538,Jared Alexander,1,Gold,2022-12-28,2025-10-12,False
4539,Joshua Adams,5,Silver,2024-07-02,,True
4540,Charles Carrillo,1,Standard,2024-04-01,,True
4541,Brittany Taylor,5,Standard,2025-03-07,,True
4542,Donna Smith,3,Standard,2022-10-11,2024-11-22,False
4543,Andrew Reed,1,Standard,2025-05-11,,True
4544,Michael Conway MD,2,Standard,2025-02-06,,True
4545,Wesley Jenkins,1,Standard,2024-10-04,,True
4546,Haley Gibson,4,Standard,2022-07-23,,True
4547,Manuel Riddle,5,Standard,2022-01-11,,True
4548,Michael Rodriguez,2,Standard,2023-12-16,,True
4549,Benjamin Thompson,4,Standard,2022-05-29,,True
4550,Donna Cline,3,Standard,2024-03-16,2024-10-16,False
4551,Amy Guzman,4,Standard,2023-05-23,,True
4552,Anthony Anderson,3,Standard,2022-10-07,2024-07-12,False
4553,Brandon Davis,2,Standard,2022-11-06,,True
4554,Christina Strong,3,Standard,2025-01-26,,True
4555,Lori Jones MD,4,Silver,2023-12-26,,True
4556,Theresa Espinoza,4,Standard,2022-02-07,,True
4557,Jessica Nguyen,3,Silver,2022-01-15,,True
4558,Monica Beltran,1,Standard,2025-05-04,,True
4559,Angel Hutchinson,2,Standard,2022-11-26,,True
4560,Veronica Barnes,3,Standard,2024-04-15,,True
4561,Janet Burch,4,Standard,2022-10-07,,True
4562,Jacob Ball,3,Gold,2022-05-17,2024-03-05,False
4563,Dr. Ellen Bruce,2,Silver,2024-10-15,,True
4564,Tyrone Miller,4,Gold,2022-11-28,,True
4565,Evan Garcia,3,Standard,2025-06-28,2025-10-05,False
4566,Mary White,4,Silver,2024-05-16,,True
4567,Jason Lamb,2,Standard,2023-08-02,2024-01-03,False
4568,Tiffany Chase,4,Standard,2025-04-07,2025-12-12,False
4569,Sherry Henson,4,Standard,2022-12-19,2024-02-25,False
4570,Kayla Richard,1,Silver,2023-06-06,,True
4571,John Miller,2,Standard,2024-10-05,,True
4572,Daniel Smith,5,Standard,2022-07-23,,True
4573,Elizabeth Cunningham,2,Standard,2023-06-11,2025-11-11,False
4574,Erik Nelson,3,Standard,2025-06-21,2025-12-25,False
4575,Nicholas Koch,5,Silver,2022-09-25,,True
4576,Theresa Hernandez,4,Standard,2024-08-19,,True
4577,Sarah Jacobs,3,Standard,2023-03-06,,True
4578,Richard Smith,4,Standard,2024-08-16,2024-11-06,False
4579,Rebecca Day,2,Silver,2023-05-25,,True
4580,Michael Salazar,2,Standard,2022-04-23,,True
4581,Angela Thomas,1,Gold,2024-09-14,,True
4582,Jessica Parker,2,Silver,2022-11-14,,True
4583,Shannon Shaw,4,Standard,2023-03-07,2025-03-04,False
4584,Jose Willis,1,Silver,2022-08-17,,True
4585,Jared Green,5,Silver,2023-06-20,,True
4586,Brett Garcia,2,Gold,2024-09-14,,True
4587,Robert Watson,5,Silver,2022-02-25,,True
4588,Angela Barber,2,Standard,2022-09-08,,True
4589,Michael Williams,2,Standard,2022-11-12,,True
4590,Jessica Colon,3,Gold,2024-02-20,,True
4591,Micheal May,2,Standard,2022-11-02,,True
4592,Anthony Martin,5,Standard,2023-10-07,,True
4593,Kristopher Pierce,1,Standard,2025-06-29,,True
4594,Tina Miller,5,Standard,2024-01-26,,True
4595,Edward Zuniga,2,Standard,2024-10-27,2024-11-09,False
4596,Paul Crawford,4,Standard,2024-11-03,,True
4597,Pamela Peters,5,Standard,2022-05-07,,True
4598,Nina Henson,1,Standard,2022-02-28,2025-06-30,False
4599,Heather Espinoza DVM,3,Standard,2022-07-18,,True
4600,Deanna Perkins,3,Silver,2025-06-18,,True
4601,Julie Warren,2,Standard,2022-12-30,,True
4602,Lori Jones,1,Standard,2025-01-11,,True
4603,George Martin,1,Standard,2025-05-07,,True
4604,Christopher Rice,3,Standard,2022-06-02,,True
4605,Patrick Ruiz,4,Standard,2025-01-11,,True
4606,Amy Perez,5,Standard,2024-09-21,,True
4607,Jeffery Tran,2,Standard,2022-05-23,,True
4608,Julie Davenport,4,Standard,2023-10-16,,True
4609,Kyle Chang,3,Standard,2022-06-15,,True
4610,John Hampton,1,Silver,2024-03-19,,True
4611,Dr. Andrew Johns,2,Standard,2023-11-15,,True
4612,Steven White,3,Silver,2023-12-16,,True
4613,Nathan Dunn,5,Standard,2023-01-01,,True
4614,Wesley Johnson,3,Standard,2024-09-27,,True
4615,Sean Lee,3,Standard,2022-08-05,,True
4616,James Lopez,4,Standard,2024-09-07,,True
4617,Kevin Clarke,1,Standard,2025-05-23,,True
4618,Janet Gomez,5,Standard,2023-05-06,,True
4619,John Price,5,Gold,2023-08-05,,True
4620,Manuel Wilson,2,Standard,2023-07-19,2025-05-13,False
4621,Dr. Melissa Ayers,4,Gold,2024-01-08,,True
4622,Anthony Wilson,1,Gold,2025-04-18,,True
4623,Benjamin Castillo,5,Standard,2023-06-03,2024-08-05,False
4624,Anthony Everett,4,Gold,2022-01-13,,True
4625,Deanna Casey,2,Standard,2024-11-03,,True
4626,Ashley Medina,2,Standard,2022-12-26,2024-06-03,False
4627,Joshua Carter,2,Standard,2022-10-11,,True
4628,Eric Rodriguez,3,Gold,2022-03-26,,True
4629,Alan Hodge,5,Gold,2023-06-27,2025-08-13,False
4630,Thomas Bennett,3,Standard,2022-03-01,,True
4631,Michelle Hays,1,Gold,2024-07-07,,True
4632,Robert Hall,1,Standard,2024-06-10,,True
4633,Erin Collins,5,Gold,2025-01-12,,True
4634,Alan Wilson,5,Silver,2022-04-26,,True
4635,Jennifer Mack,2,Silver,2024-08-29,,True
4636,Rachel Foley,2,Standard,2022-07-18,2025-01-04,False
4637,Juan Flores,5,Standard,2022-06-06,,True
4638,Breanna Townsend,2,Silver,2024-09-03,,True
4639,Brett Young,4,Standard,2025-03-01,2025-12-02,False
4640,Katie Peterson,5,Gold,2023-04-20,,True
4641,Todd Williams,1,Standard,2022-11-28,,True
4642,Caitlyn Navarro,5,Standard,2024-05-06,,True
4643,Edward Chang,4,Standard,2022-01-25,,True
4644,Douglas Mejia,3,Standard,2024-12-11,,True
4645,Austin Garcia,1,Standard,2023-08-21,,True
4646,Jonathan Martinez,2,Silver,2023-08-11,,True
4647,Matthew Schmidt,1,Gold,2023-05-06,,True
4648,Matthew Brown,5,Standard,2024-03-29,,True
4649,William Moreno,5,Standard,2022-05-05,,True
4650,Elizabeth Jones,2,Standard,2024-09-17,,True
4651,Michele Powers,3,Silver,2023-01-20,,True
4652,Christopher Green,2,Standard,2023-05-05,,True
4653,Jennifer Hernandez,5,Standard,2024-08-17,,True
4654,Yolanda West,1,Silver,2023-07-30,2025-02-09,False
4655,Jeremy Stafford,3,Gold,2023-07-01,,True
4656,Tracy Heath,3,Gold,2024-05-21,,True
4657,Joshua Mccall,1,Silver,2024-06-20,2025-11-29,False
4658,Heather Martinez,2,Gold,2023-08-31,,True
4659,Jonathan Alvarez,2,Standard,2025-02-13,,True
4660,Melissa Salinas,1,Silver,2022-03-08,,True
4661,Wendy Garza,5,Gold,2023-10-22,,True
4662,George Wood,3,Standard,2022-10-26,,True
4663,Richard Mcdaniel,5,Standard,2022-10-28,,True
4664,Curtis Barnes,2,Standard,2025-04-19,2025-09-20,False
4665,Linda Cole,5,Standard,2022-04-17,,True
4666,Emily Maldonado,1,Silver,2025-04-29,,True
4667,Anthony Wells,1,Silver,2024-07-30,,True
4668,Michael Cooper,2,Silver,2024-01-30,,True
4669,Laurie Huffman,3,Standard,2022-07-22,,True
4670,Debbie Bruce,1,Standard,2022-11-04,,True
4671,Bianca Chandler,5,Standard,2023-09-01,2025-09-20,False
4672,Mason Olson,4,Gold,2022-08-19,2025-05-30,False
4673,John Watson,3,Gold,2022-05-16,,True
4674,Bryan Vasquez,5,Silver,2025-02-05,,True
4675,Edward Jensen,4,Standard,2023-06-24,,True
4676,Derrick Tran,3,Standard,2023-11-25,,True
4677,Todd Houston,4,Standard,2024-01-07,2024-06-23,False
4678,Kevin Drake,2,Silver,2025-05-04,,True
4679,Nicole Cooley,4,Standard,2022-08-27,,True
4680,Alexis Shea,4,Standard,2025-06-09,,True
4681,James Simpson,2,Standard,2025-02-10,,True
4682,Alexander Jones,2,Standard,2022-04-09,,True
4683,Alicia Robinson,4,Gold,2023-08-16,,True
4684,Cory Eaton,2,Silver,2025-06-27,,True
4685,Adam Johnson,1,Standard,2022-02-20,,True
4686,Jason Ellis,2,Silver,2024-01-15,,True
4687,Kenneth Farrell,5,Standard,2022-11-20,,True
4688,Rachel Hamilton,2,Standard,2025-01-06,2025-06-13,False
4689,Tina Johnson,2,Standard,2022-11-05,2025-02-09,False
4690,Debbie Moore,4,Standard,2023-05-23,,True
4691,Sabrina Pierce,5,Standard,2023-03-23,,True
4692,Nancy Walker,1,Silver,2022-05-19,,True
4693,Catherine Callahan,4,Standard,2023-08-13,2024-04-25,False
4694,Courtney Pearson,1,Silver,2022-07-24,2025-02-21,False
4695,Ruth Brown,1,Standard,2023-01-16,,True
4696,Matthew Holloway,1,Standard,2024-11-25,2025-09-09,False
4697,Matthew Kelly,5,Standard,2023-08-02,,True
4698,Marcus Sims MD,1,Gold,2022-09-20,,True
4699,Scott Graham,1,Standard,2023-08-01,,True
4700,Jack Gutierrez PhD,3,Gold,2024-11-07,2025-05-01,False
4701,Mary Nielsen,1,Standard,2022-08-05,,True
4702,Anthony Lopez,4,Silver,2023-12-22,2025-09-06,False
4703,Roger Evans,4,Silver,2022-04-10,,True
4704,Diana Daniels,3,Standard,2024-11-04,,True
4705,Carrie Moore,2,Standard,2025-03-12,,True
4706,Christopher Bernard,5,Silver,2025-05-06,,True
4707,Christian Brooks,5,Standard,2022-11-09,,True
4708,Scott Brown,1,Standard,2024-04-11,,True
4709,Virginia Campbell,3,Standard,2024-02-28,,True
4710,Amanda Wyatt,4,Standard,2024-10-12,,True
4711,Rhonda Mitchell,2,Standard,2024-01-12,,True
4712,Nicole Sanchez,4,Standard,2024-09-26,,True
4713,David Ellison,3,Silver,2025-01-21,,True
4714,Robert Johnson,2,Gold,2024-01-26,,True
4715,Zoe Hall,4,Silver,2023-12-22,,True
4716,Debra Nelson,1,Standard,2022-06-11,,True
4717,Jill Cook,1,Standard,2022-07-26,,True
4718,Shannon Burke,3,Standard,2024-02-03,,True
4719,Walter Morales,5,Standard,2022-06-20,2024-02-11,False
4720,Kevin Ramirez,3,Gold,2022-04-07,,True
4721,Clarence Hampton,1,Gold,2022-03-25,,True
4722,Dale West,5,Standard,2022-12-09,,True
4723,Laurie White,4,Standard,2024-03-04,,True
4724,Ariel Watson,5,Standard,2023-07-24,,True
4725,Trevor Wells,4,Standard,2024-07-10,2024-09-17,False
4726,Lori Ross,3,Silver,2022-07-12,,True
4727,Alexander Oliver,3,Standard,2023-05-04,2025-10-17,False
4728,Aaron Watkins,1,Standard,2022-06-03,2025-08-13,False
4729,Stephanie Stewart,4,Silver,2024-04-21,,True
4730,Christopher Rodriguez,3,Silver,2022-06-25,,True
4731,Gary Smith,1,Silver,2023-03-28,,True
4732,Raymond Garcia,2,Silver,2022-05-01,,True
4733,Amber York,2,Standard,2024-03-27,2024-10-05,False
4734,Marcia Green,4,Standard,2023-09-12,,True
4735,Michael King,4,Silver,2024-02-12,,True
4736,Kathryn Young,1,Silver,2022-06-17,,True
4737,Megan Graves,3,Standard,2024-11-10,,True
4738,Christopher Pennington,3,Gold,2023-11-20,,True
4739,Karen Williams,2,Silver,2022-01-10,,True
4740,Tonya Gilmore,3,Standard,2023-09-21,2024-10-06,False
4741,Victoria Jordan,4,Standard,2024-08-24,,True
4742,Terri Martin,4,Silver,2022-05-02,,True
4743,Jeffrey Brown,3,Standard,2023-08-20,2025-01-31,False
4744,Heather Rose,2,Standard,2023-10-26,2025-04-09,False
4745,Carolyn Hampton,5,Standard,2022-09-03,,True
4746,Karen Sullivan,5,Standard,2024-06-11,,True
4747,John Barrett,5,Silver,2022-08-08,2025-06-23,False
4748,Thomas Atkins,4,Standard,2024-09-20,,True
4749,James Floyd,4,Standard,2024-03-24,,True
4750,Carrie Kane,2,Silver,2023-05-15,,True
4751,Clifford Daniel,2,Standard,2022-01-12,,True
4752,Carol Andrade,2,Gold,2024-04-26,,True
4753,Jason Chapman,1,Standard,2023-01-18,,True
4754,Adam Rosales,4,Gold,2022-11-18,,True
4755,Thomas Miller,1,Standard,2022-08-05,,True
4756,Adam Smith,3,Standard,2023-12-28,,True
4757,Michael Williams,2,Standard,2024-06-14,2025-02-04,False
4758,Thomas Snow,2,Silver,2023-06-08,,True
4759,Kevin Jordan,5,Gold,2024-11-22,,True
4760,Dustin Williams,4,Standard,2022-08-25,,True
4761,Amber Wolf,2,Standard,2024-07-04,,True
4762,Kimberly Thompson,2,Standard,2024-01-04,2024-06-30,False
4763,Anna Herring,2,Standard,2022-07-24,,True
4764,Melissa Barnes,1,Silver,2022-10-11,,True
4765,Julia Hopkins,4,Standard,2022-01-28,,True
4766,Brian Cohen,1,Silver,2023-02-13,,True
4767,Kara Graham,1,Standard,2023-06-18,,True
4768,Michael Reeves,5,Gold,2022-06-15,,True
4769,Gabriel Ford,1,Standard,2023-03-28,,True
4770,Jeffery Thomas,2,Standard,2022-09-13,2024-11-05,False
4771,William Mercado,1,Standard,2022-10-12,,True
4772,Marvin Sparks,4,Standard,2024-09-30,,True
4773,Traci Evans,2,Standard,2022-11-27,,True
4774,Jasmine Hill,2,Silver,2025-04-12,,True
4775,Paul Stevens,3,Standard,2024-11-08,,True
4776,Jasmine Cox,3,Standard,2023-08-15,,True
4777,Nicole Henderson,1,Standard,2025-04-28,,True
4778,Lindsey White,2,Standard,2024-06-02,,True
4779,Sheryl Lamb,1,Silver,2025-05-28,,True
4780,Joshua Smith,2,Standard,2023-08-28,2025-09-18,False
4781,Lisa Cunningham,1,Standard,2022-04-21,,True
4782,Amanda Jackson,4,Silver,2022-08-09,,True
4783,Derek Adams,4,Silver,2023-12-17,,True
4784,Jeffrey Rogers,3,Gold,2024-09-07,2024-11-26,False
4785,Laura West,5,Standard,2022-09-08,,True
4786,Ian Carter,2,Standard,2024-08-28,,True
4787,Jamie Juarez,2,Standard,2023-11-16,,True
4788,Diana Mcdonald,1,Standard,2023-06-18,,True
4789,Michael Brown,2,Silver,2022-09-10,,True
4790,Linda Perez,4,Silver,2022-01-16,,True
4791,Patrick Adams,2,Standard,2025-01-20,2025-08-23,False
4792,Cynthia Deleon,5,Silver,2022-04-27,,True
4793,Amanda Norman,1,Silver,2024-02-09,,True
4794,Michael Williams,4,Standard,2023-09-01,,True
4795,Jennifer Davis,4,Silver,2023-09-16,,True
4796,Susan Green,2,Standard,2022-10-11,,True
4797,Angela Goodwin,3,Silver,2022-09-28,2024-02-07,False
4798,Heather Perry,2,Standard,2024-12-11,,True
4799,Bonnie Mcdowell,1,Standard,2025-02-17,,True
4800,Tim Valenzuela,5,Silver,2024-08-21,,True
4801,Edward Benson,3,Standard,2024-09-25,,True
4802,Nicole Duncan,3,Standard,2023-10-25,,True
4803,John Dominguez,1,Standard,2025-04-12,,True
4804,Richard Parker,5,Standard,2024-01-07,,True
4805,Ryan Hart,3,Standard,2022-02-22,,True
4806,Heidi Mullins,2,Silver,2022-01-27,,True
4807,Andrew Mccarthy,1,Standard,2023-07-01,,True
4808,Leslie Sanchez,1,Gold,2023-07-21,,True
4809,Mr. Daniel Roth,5,Standard,2022-02-04,,True
4810,Summer Kelley,4,Standard,2023-08-25,,True
4811,Jennifer Barron,3,Standard,2022-06-23,,True
4812,Diana Miller,3,Standard,2023-08-30,,True
4813,Katie Hunter,3,Silver,2022-01-21,,True
4814,Kyle Serrano,4,Standard,2023-02-24,2025-01-01,False
4815,Christine Frazier,3,Silver,2023-05-10,2025-07-02,False
4816,Lisa Abbott,3,Gold,2022-08-04,,True
4817,Mrs. Sarah Lindsey,1,Standard,2024-08-22,,True
4818,Sarah Walsh,5,Standard,2024-03-24,,True
4819,Bruce Gibson,2,Standard,2023-12-30,,True
4820,Jenny Graves,4,Standard,2022-12-01,,True
4821,Jessica Russell,1,Standard,2022-04-10,2025-09-22,False
4822,Pamela Morales,2,Silver,2022-09-20,,True
4823,Megan Hobbs,1,Gold,2022-07-27,,True
4824,Lauren Thompson,1,Gold,2023-08-29,,True
4825,Angela Carney,2,Gold,2024-12-03,,True
4826,Katherine Hoffman,2,Silver,2024-11-07,,True
4827,Stephen Harris,2,Gold,2023-06-19,,True
4828,Jim Rocha,5,Standard,2024-10-23,,True
4829,Ronald Bishop,5,Silver,2022-01-08,,True
4830,Brooke Clark,3,Standard,2022-08-07,,True
4831,Tiffany Young,2,Standard,2024-06-06,,True
4832,Gabriel Mcdaniel,3,Silver,2025-02-02,2025-09-13,False
4833,Ashley Howard,4,Standard,2024-03-27,,True
4834,Xavier George,4,Standard,2023-12-23,2025-12-15,False
4835,Joshua Lee,5,Silver,2022-03-23,,True
4836,Kerry Benjamin MD,2,Silver,2023-04-15,,True
4837,Patty Hopkins,4,Standard,2023-12-18,,True
4838,Charles Savage,1,Standard,2022-11-10,,True
4839,Joshua Perry,3,Standard,2024-05-15,2025-07-29,False
4840,Jasmine Bennett,1,Standard,2023-10-03,,True
4841,Megan Cooper,4,Standard,2024-03-28,,True
4842,Nicole Leach,3,Standard,2024-04-03,,True
4843,Sonya Carpenter,3,Silver,2022-03-08,2024-10-04,False
4844,Samuel Dixon,3,Standard,2024-07-11,,True
4845,Anthony Alvarez,2,Silver,2023-02-24,2024-05-25,False
4846,Edwin Griffin,4,Standard,2025-04-10,2025-12-24,False
4847,Mark Johnson,4,Gold,2022-03-03,,True
4848,Shannon Gibson,4,Silver,2024-03-28,,True
4849,Lindsay Perry,2,Gold,2023-05-29,,True
4850,Edwin Rose,5,Standard,2022-08-10,2025-09-27,False
4851,Samuel Ellis,3,Gold,2024-08-17,,True
4852,Tracy Bean,4,Standard,2023-10-21,,True
4853,Lynn Davis,5,Gold,2022-08-23,,True
4854,Timothy Jennings,2,Standard,2023-06-19,,True
4855,Janice Rodriguez,5,Silver,2024-07-06,,True
4856,Casey Grant,3,Standard,2024-10-17,,True
4857,Cynthia Wilson,4,Standard,2023-11-08,,True
4858,Casey Livingston,3,Gold,2022-03-14,,True
4859,Deborah Adams,1,Silver,2022-09-06,,True
4860,Lorraine White,1,Silver,2023-02-21,,True
4861,Miss Sheri Yoder MD,2,Silver,2022-11-19,,True
4862,Rita Arias,5,Standard,2022-01-14,,True
4863,Cindy Carlson,1,Standard,2022-07-01,2024-04-28,False
4864,Brooke Walker,2,Silver,2024-01-18,,True
4865,Juan Adams,1,Standard,2023-04-10,,True
4866,Tammy Brown,4,Silver,2023-07-30,,True
4867,Joann Anderson,3,Standard,2024-02-18,,True
4868,Evan Richard,5,Gold,2024-08-20,,True
4869,Harold Walker,4,Standard,2025-02-11,,True
4870,Paul Graves,2,Silver,2024-09-01,,True
4871,Peggy Ramirez,4,Silver,2024-11-06,,True
4872,James Miles,2,Standard,2022-01-21,,True
4873,Barbara Sawyer,1,Standard,2024-12-08,2025-11-21,False
4874,Mrs. Jaclyn Crosby MD,5,Standard,2023-12-29,,True
4875,Jeffrey James,4,Standard,2022-07-14,2024-05-24,False
4876,Lori Rice,4,Standard,2024-10-26,,True
4877,Jake Collins,2,Gold,2022-12-29,,True
4878,Savannah Estrada,2,Silver,2024-11-07,,True
4879,Tiffany Lopez,3,Silver,2022-08-11,,True
4880,Tyrone Elliott,5,Silver,2023-11-01,,True
4881,James Levy,1,Gold,2022-06-14,,True
4882,Jennifer Lopez,3,Silver,2025-04-25,,True
4883,Leslie Preston,4,Standard,2023-03-16,,True
4884,Leah Mclaughlin,2,Gold,2024-02-06,,True
4885,Danielle Flores,4,Standard,2024-10-06,,True
4886,William Hawkins,2,Standard,2023-12-07,,True
4887,Levi Watson DDS,1,Standard,2023-08-16,,True
4888,David Thompson,1,Standard,2022-01-16,,True
4889,Darlene Franklin,4,Gold,2023-10-30,,True
4890,Larry Reese,5,Standard,2022-11-12,,True
4891,Cameron Smith,3,Standard,2025-05-30,2025-10-05,False
4892,Edward Pearson,1,Standard,2022-01-06,,True
4893,James Larsen,4,Standard,2024-04-19,,True
4894,Tina Torres,3,Standard,2024-07-13,,True
4895,Andrew Mitchell,3,Gold,2024-04-12,,True
4896,Eric Smith,4,Standard,2025-04-09,,True
4897,Erica Santana,2,Gold,2023-10-22,,True
4898,Andrew Salazar,4,Standard,2024-12-12,,True
4899,Michael Phillips,5,Standard,2023-07-09,,True
4900,Melissa Phillips,1,Silver,2024-08-05,,True
4901,Michelle Hernandez,5,Standard,2022-01-15,,True
4902,Amanda Randolph,5,Silver,2023-10-24,2024-06-19,False
4903,Tommy Garcia,3,Silver,2025-06-21,,True
4904,Lisa Martinez,3,Standard,2025-04-18,,True
4905,Samantha Gardner,4,Gold,2025-04-11,,True
4906,Mariah Mathews,4,Gold,2025-05-26,,True
4907,Aaron Wells,1,Silver,2023-05-29,,True
4908,April Gilbert,4,Standard,2023-04-11,,True
4909,Jessica Cook,1,Gold,2023-06-06,,True
4910,Marissa Oconnor,2,Silver,2023-09-05,,True
4911,Emily Pope,5,Standard,2025-05-14,2025-07-20,False
4912,Michael Stewart,2,Silver,2023-01-28,,True
4913,Karen Montgomery,2,Standard,2025-05-15,,True
4914,Anthony Henry,5,Silver,2024-12-21,,True
4915,Wesley Brown MD,5,Standard,2022-09-08,2024-05-03,False
4916,Cassie Williams,3,Standard,2024-08-24,,True
4917,Natasha Silva,2,Gold,2024-06-05,,True
4918,Kelli Lee,5,Gold,2024-07-10,,True
4919,Rita Christian,3,Silver,2023-08-10,2024-05-18,False
4920,Donna Lynch,1,Standard,2023-02-01,,True
4921,Alexander Brady MD,3,Standard,2024-09-21,,True
4922,Emily Jones,1,Silver,2025-01-10,,True
4923,Russell Gutierrez,4,Standard,2025-05-21,,True
4924,Andrea Ruiz,3,Standard,2022-04-08,,True
4925,Kristin Harrington,5,Standard,2022-02-13,,True
4926,Matthew Shields,3,Standard,2023-04-01,2024-12-18,False
4927,Guy Lee,2,Standard,2024-01-27,,True
4928,Robert Hicks,3,Standard,2022-11-23,2025-03-17,False
4929,Angela Doyle,5,Standard,2023-03-16,,True
4930,Jodi Nelson,4,Standard,2022-05-02,,True
4931,Jacob Guzman,4,Silver,2024-10-18,,True
4932,Samantha Smith,5,Gold,2022-05-30,2024-10-17,False
4933,Stephanie Owen,1,Gold,2022-12-30,,True
4934,Eric Ryan,1,Standard,2024-07-03,,True
4935,Danielle Leblanc DDS,1,Silver,2025-06-10,,True
4936,Melanie Chapman,4,Standard,2022-07-10,2024-02-29,False
4937,Monique Allen,5,Gold,2023-05-18,2024-04-27,False
4938,Kristen Cohen,1,Silver,2023-04-20,,True
4939,Natasha Keller,5,Silver,2022-12-22,,True
4940,James Moore,1,Silver,2023-11-13,,True
4941,Diane Kim,4,Standard,2024-06-09,2024-07-30,False
4942,Miranda Cooper,4,Silver,2024-02-05,,True
4943,Timothy Jacobs,1,Standard,2023-06-17,,True
4944,Alex Velez,4,Gold,2023-08-21,,True
4945,Sara Freeman,3,Gold,2025-02-22,,True
4946,Wendy Williams,4,Standard,2023-10-08,2025-12-05,False
4947,Linda Gilbert,4,Standard,2022-08-03,2025-12-15,False
4948,Stacey Campbell,3,Silver,2023-11-22,2025-06-11,False
4949,Michael Lozano,5,Standard,2022-10-11,,True
4950,Joshua Spencer,3,Standard,2024-10-31,2025-04-10,False
4951,Robert Allen,4,Silver,2023-12-17,,True
4952,Matthew Johnson,1,Gold,2024-04-19,,True
4953,Megan Moore,4,Standard,2025-06-22,,True
4954,Taylor Gregory,1,Standard,2022-01-24,,True
4955,Heidi Ramirez,3,Silver,2023-08-31,,True
4956,Rachel Boyer,5,Silver,2023-09-05,,True
4957,Martin Gonzalez,5,Standard,2024-05-16,2025-06-23,False
4958,James Jones,2,Gold,2023-07-21,,True
4959,David Nelson,4,Standard,2024-02-28,,True
4960,Mr. Jason Salas,4,Standard,2025-01-23,,True
4961,Peter Bennett,4,Silver,2022-08-18,,True
4962,Adam Curry,5,Standard,2022-01-04,,True
4963,Alice Brooks,4,Gold,2022-04-05,,True
4964,Terry Black,2,Standard,2024-11-03,2025-11-21,False
4965,Amber Young,3,Standard,2022-03-03,,True
4966,Jacqueline Anderson,4,Standard,2023-05-21,2024-06-23,False
4967,Maria Patterson,2,Standard,2023-11-09,,True
4968,Laurie Smith,5,Silver,2024-12-04,,True
4969,Bryan Martin,3,Silver,2022-10-04,,True
4970,Allen Diaz,2,Gold,2024-10-24,,True
4971,Christopher Gonzalez,2,Standard,2022-01-30,,True
4972,Melissa Richardson,1,Standard,2025-04-17,2025-10-29,False
4973,Samantha Costa,5,Standard,2024-12-30,,True
4974,Kim Williams,5,Silver,2022-02-23,,True
4975,Thomas Meza,1,Silver,2025-01-06,,True
4976,Donald Mccoy,1,Silver,2025-04-07,2025-10-01,False
4977,Dustin Hawkins,2,Gold,2025-04-29,,True
4978,Tammy Perez,3,Standard,2024-02-11,,True
4979,Lydia Martinez,2,Standard,2022-04-26,,True
4980,Mark Moreno,5,Silver,2023-12-01,,True
4981,Gary Baird,4,Silver,2022-12-28,2025-09-04,False
4982,Robert Watson,1,Standard,2022-07-20,,True
4983,Amy Lyons,2,Silver,2022-06-07,,True
4984,Robert Garcia,5,Gold,2023-04-30,,True
4985,Joshua Johnson,1,Standard,2023-06-20,,True
4986,Norma Winters,5,Standard,2022-01-14,2024-11-23,False
4987,Harry Gamble,2,Standard,2023-06-03,,True
4988,Benjamin Friedman,2,Standard,2023-04-12,,True
4989,David Swanson,4,Silver,2024-05-18,,True
4990,Robert Stewart,2,Standard,2025-04-28,,True
4991,Laura Brooks,4,Silver,2022-03-10,,True
4992,Daniel Garza,4,Standard,2022-08-17,,True
4993,James Baker,1,Standard,2023-01-28,2025-02-18,False
4994,Michael Flores,4,Standard,2024-08-09,,True
4995,Lauren Flores,3,Silver,2025-04-13,,True
4996,Nancy Blake,4,Silver,2023-08-11,,True
4997,Kim Graham,2,Standard,2025-04-04,,True
4998,Nathan Carpenter,2,Silver,2024-08-06,,True
4999,Bryce Young,5,Gold,2023-07-03,,True
5000,Kathleen Burton,1,Gold,2025-01-29,,True
5001,Troy Brooks,3,Standard,2023-12-16,,True
5002,Tracy Chaney,5,Silver,2023-08-22,,True
5003,Ann Baker,1,Standard,2024-06-04,2025-10-04,False
5004,Ariel Lopez,3,Gold,2024-12-27,,True
5005,Daniel Jefferson Jr.,2,Silver,2022-02-02,2024-09-19,False
5006,Christy Fleming,5,Standard,2024-06-20,,True
5007,Mrs. Deanna Lopez DDS,5,Silver,2022-09-26,,True
5008,Christopher Foster,2,Gold,2022-06-20,,True
5009,Jamie Villarreal,1,Gold,2024-10-22,,True
5010,Jeffrey Sellers,1,Standard,2024-04-12,,True
5011,Joseph Morgan,2,Standard,2024-03-04,2025-06-19,False
5012,Michael Smith,2,Standard,2022-06-29,,True
5013,April Henderson,4,Standard,2022-04-30,,True
5014,Casey Ramirez,1,Standard,2022-08-30,,True
5015,Kathleen Jones,5,Silver,2022-06-26,,True
5016,Lawrence Marsh,4,Silver,2024-01-25,,True
5017,Shannon Murphy,4,Standard,2023-09-09,,True
5018,Steven Brown,4,Gold,2022-12-09,,True
5019,Keith Lynch,3,Standard,2025-03-27,,True
5020,Connie Johnson,3,Gold,2022-03-30,,True
5021,David Nunez,1,Silver,2024-07-03,2025-02-02,False
5022,Wendy Hardy,5,Standard,2022-08-24,,True
5023,Jerry Owens,2,Gold,2022-07-12,,True
5024,Stephen Hunter,4,Standard,2022-09-17,,True
5025,Edwin Mendoza,4,Standard,2025-05-10,2025-12-20,False
5026,Daniel Ward,3,Silver,2025-03-26,,True
5027,Frances Edwards,5,Standard,2022-10-31,,True
5028,Brandy Roberts,4,Standard,2024-03-07,,True
5029,John Erickson,5,Standard,2024-07-17,,True
5030,Albert Wong MD,1,Standard,2024-07-17,2024-09-25,False
5031,Christopher Chavez,1,Gold,2024-09-24,,True
5032,April Howe,3,Silver,2022-06-25,,True
5033,Andrew Mann,3,Silver,2024-11-25,,True
5034,Miss Rebecca Acevedo,5,Standard,2022-09-01,2025-01-06,False
5035,Monica Campbell,1,Standard,2025-01-31,2025-10-23,False
5036,Mr. Brian Schaefer,3,Standard,2023-07-26,2024-08-17,False
5037,Laura Washington,2,Standard,2025-06-05,,True
5038,Diana Osborn,1,Standard,2024-01-03,,True
5039,Katie Johnson,3,Standard,2024-10-04,2025-01-28,False
5040,Alexis Campbell,3,Standard,2024-08-02,2025-11-03,False
5041,Brenda Butler,3,Silver,2024-06-15,,True
5042,Cameron Mcgee,3,Standard,2025-01-18,,True
5043,James Anderson,5,Silver,2025-05-29,,True
5044,Michele Gilmore,2,Silver,2022-07-20,,True
5045,Sean Garcia,4,Standard,2024-10-24,,True
5046,David Smith,2,Standard,2024-02-25,2025-03-10,False
5047,Michael Calhoun,1,Silver,2022-04-04,2025-05-15,False
5048,Ruth Stanton,5,Gold,2022-07-28,,True
5049,Jonathan Thompson,1,Silver,2024-06-16,,True
5050,Glenda Espinoza,4,Silver,2025-02-09,,True
5051,Amy Palmer,4,Standard,2024-08-10,,True
5052,Vincent Harris,3,Standard,2023-10-02,,True
5053,Karen Rivera,1,Silver,2023-11-02,,True
5054,Andrea Boyd,4,Standard,2023-11-29,,True
5055,Melissa Scott,3,Standard,2023-05-06,2024-02-26,False
5056,William Greene,1,Standard,2024-03-30,2024-12-11,False
5057,Jenna Mullins,5,Standard,2025-05-25,,True
5058,Jeremy Adams,4,Standard,2023-02-19,,True
5059,Stephen Weaver,1,Standard,2024-09-15,,True
5060,Shannon Wallace,5,Gold,2025-05-24,,True
5061,Joshua Berry,4,Standard,2022-09-14,2025-08-09,False
5062,Adam Barnes,4,Standard,2022-06-29,2024-03-02,False
5063,Jerry Hunter,5,Gold,2023-03-31,,True
5064,Max Mills,1,Standard,2025-04-28,,True
5065,Peter Beasley,1,Standard,2023-05-24,,True
5066,Carolyn Harrison MD,1,Silver,2023-03-26,,True
5067,Jeremy Meyer,4,Silver,2022-01-09,,True
5068,Savannah Carter,3,Standard,2024-10-29,,True
5069,David Rodriguez,3,Standard,2022-03-15,2024-02-22,False
5070,Eric Jones,5,Silver,2022-08-12,,True
5071,Tasha Smith,4,Silver,2023-10-16,,True
5072,Christina Russell,4,Standard,2024-10-19,,True
5073,Jose Hall,4,Standard,2023-11-13,,True
5074,Andrew Brown,1,Silver,2023-02-11,,True
5075,Cory Macias,5,Standard,2022-01-26,,True
5076,Daniel Day,2,Standard,2023-01-16,2025-11-14,False
5077,Michael Simon,1,Standard,2022-03-19,,True
5078,Courtney Bird,3,Gold,2023-11-21,,True
5079,Benjamin Adams,4,Standard,2024-09-18,,True
5080,Austin Lawson,1,Standard,2024-01-09,2025-03-05,False
5081,Tamara Woodard,3,Silver,2024-01-31,,True
5082,Don Branch,5,Gold,2025-01-24,,True
5083,Jack Lynch,1,Standard,2023-12-10,,True
5084,Thomas Marshall,1,Standard,2023-11-03,,True
5085,Katherine Travis,3,Standard,2023-03-28,2025-07-16,False
5086,Frank Bowman,3,Silver,2025-05-27,,True
5087,Megan Beasley,4,Standard,2025-05-01,,True
5088,Kimberly Taylor,2,Gold,2024-01-16,,True
5089,Danielle Thomas,5,Standard,2025-06-07,2025-06-07,False
5090,Rebecca Montes,2,Standard,2025-01-17,,True
5091,Vanessa Taylor,2,Silver,2023-03-28,,True
5092,Julie Richard,4,Silver,2023-10-27,2025-03-21,False
5093,Justin Alexander,1,Standard,2022-07-15,,True
5094,Jeffrey Cox,2,Silver,2023-08-10,,True
5095,Mary Jones,4,Gold,2023-04-12,,True
5096,Wendy Mcdaniel,3,Silver,2025-02-21,,True
5097,Jonathan Fischer,4,Standard,2024-07-09,,True
5098,Rachel Meyer,3,Silver,2022-06-14,,True
5099,Teresa Rodriguez,1,Standard,2023-05-21,,True
5100,Randall Jackson,2,Silver,2023-06-21,,True
5101,Marvin Sharp,2,Silver,2025-02-11,,True
5102,Diana Stevens,1,Gold,2023-04-26,,True
5103,Jose Garcia,1,Standard,2024-12-06,,True
5104,Jamie Bridges,2,Standard,2025-06-07,2025-07-16,False
5105,Suzanne Miller,4,Standard,2022-09-30,,True
5106,Tammy Yates,1,Standard,2022-04-28,,True
5107,Brittany Maxwell,5,Silver,2022-04-26,,True
5108,Kristine Perry,5,Gold,2025-02-04,2025-11-02,False
5109,Taylor Reilly,3,Silver,2023-12-02,,True
5110,Charles Valdez,2,Silver,2022-10-28,,True
5111,Theresa Johnson,1,Gold,2022-06-01,,True
5112,John Carey,2,Gold,2022-07-13,,True
5113,Rebecca Good,4,Gold,2022-03-14,,True
5114,Robert Weaver,5,Standard,2023-02-08,,True
5115,Stephen Ramirez,4,Standard,2024-03-24,,True
5116,Frank Green,3,Standard,2023-08-18,,True
5117,Jon Edwards,3,Gold,2024-03-11,,True
5118,Robert Hancock,5,Silver,2024-01-28,,True
5119,Nicole Ford,2,Standard,2023-11-22,2025-05-15,False
5120,Lance Grant,1,Silver,2022-03-26,2025-03-01,False
5121,Michelle Myers,2,Standard,2023-01-21,2025-01-07,False
5122,Kathy Pierce,4,Standard,2023-06-01,,True
5123,Alexander Moore,1,Standard,2023-07-20,,True
5124,David Ross,5,Standard,2022-01-22,2024-12-15,False
5125,Mary Johnson,3,Standard,2022-05-19,2024-03-24,False
5126,Kimberly Aguirre,5,Standard,2024-12-20,,True
5127,Kimberly Schneider,4,Standard,2022-05-08,2025-11-08,False
5128,Randall Ochoa,4,Standard,2024-12-17,2025-10-10,False
5129,James Espinoza,5,Standard,2022-02-03,2025-08-27,False
5130,Shelley Williams,4,Standard,2024-12-20,,True
5131,Richard Lawrence,1,Standard,2024-01-18,,True
5132,Stephanie Walker,4,Silver,2022-07-03,,True
5133,Tara Kim,4,Standard,2025-03-01,,True
5134,Tammy Sanchez,2,Standard,2023-01-23,,True
5135,Garrett Dixon,5,Standard,2023-02-08,,True
5136,Monica Perez,5,Standard,2023-06-12,,True
5137,Michael Smith,4,Standard,2025-05-28,,True
5138,Brian Jackson,1,Silver,2023-09-14,,True
5139,Frank Peterson,1,Standard,2024-10-24,2025-11-17,False
5140,Emily Lowe,1,Gold,2022-02-24,,True
5141,Brandon Mendoza,5,Standard,2022-02-11,,True
5142,Courtney Hill,1,Standard,2024-02-10,,True
5143,Eric Holden,3,Standard,2024-11-15,,True
5144,Billy Brown,5,Silver,2023-11-17,,True
5145,Meredith Goodwin,4,Standard,2025-02-06,2025-12-14,False
5146,Rebecca Rosales,1,Standard,2025-04-09,,True
5147,Jill Nguyen,3,Standard,2022-09-11,,True
5148,Paula Guzman,2,Silver,2024-08-15,,True
5149,Jessica Salas,3,Silver,2024-08-06,,True
5150,Shelly Thomas,5,Standard,2024-02-28,,True
5151,Richard Adams,1,Standard,2024-03-26,,True
5152,Jason Kennedy,5,Gold,2023-06-29,,True
5153,Crystal Barton,5,Standard,2024-10-30,2024-11-09,False
5154,Edward Smith,3,Gold,2024-07-14,,True
5155,Lisa Castillo,2,Standard,2023-07-06,,True
5156,Christine Wilson,1,Standard,2024-08-25,,True
5157,Mr. Thomas Guzman DDS,3,Gold,2024-01-14,,True
5158,Brian Long,2,Gold,2022-07-07,,True
5159,Michelle Taylor,4,Standard,2023-12-15,,True
5160,Jacob Thornton,1,Standard,2024-11-24,,True
5161,Roberto Perez,3,Gold,2023-01-24,,True
5162,Willie Watson,2,Silver,2023-01-18,,True
5163,Dawn Wright,1,Silver,2023-12-03,,True
5164,Travis Lozano,4,Silver,2023-07-07,,True
5165,Sarah Fletcher,4,Gold,2023-01-18,,True
5166,Haley Chen,4,Standard,2023-05-12,,True
5167,Bradley Burton,1,Silver,2023-04-01,,True
5168,Ashley Brown,3,Silver,2022-12-08,2025-11-11,False
5169,Christopher Martin,5,Standard,2022-01-04,,True
5170,Justin Jones,2,Silver,2023-10-18,,True
5171,Zachary Perez,1,Standard,2024-11-30,,True
5172,Mary Hughes,3,Standard,2024-08-31,,True
5173,Dawn Hart,3,Gold,2025-02-08,,True
5174,Donna Fitzgerald,3,Silver,2024-06-04,,True
5175,Kimberly Roberts,3,Standard,2022-06-13,2025-08-14,False
5176,Dakota Villa,1,Silver,2024-03-23,,True
5177,Samuel Bailey,3,Silver,2024-11-01,,True
5178,Lauren Mann,5,Silver,2025-04-05,2025-04-12,False
5179,Chelsea Bennett,5,Standard,2022-08-27,,True
5180,Jamie Perry,3,Silver,2023-08-10,,True
5181,Charles Edwards,1,Standard,2023-07-10,,True
5182,Christopher Clements,4,Gold,2023-05-18,,True
5183,Sara Anderson,2,Standard,2022-02-10,,True
5184,Kimberly Jones,1,Standard,2024-06-10,2024-10-13,False
5185,Kristen Vance,4,Standard,2025-06-15,2025-11-06,False
5186,Alexis Wells,1,Standard,2023-09-15,,True
5187,Chase Torres,4,Silver,2023-08-01,,True
5188,Edward Jensen,3,Gold,2024-11-04,,True
5189,Hayley Ellis,5,Gold,2022-09-27,,True
5190,Jessica Parker,4,Gold,2024-12-22,,True
5191,Anthony Dunn,5,Standard,2025-01-13,,True
5192,Jamie Jones,3,Gold,2022-11-11,,True
5193,Nancy Day,4,Silver,2024-01-16,,True
5194,Heather Chang,3,Standard,2025-02-14,,True
5195,Mr. Samuel Baker,1,Silver,2024-03-26,,True
5196,Allison Ho,3,Silver,2022-04-29,,True
5197,April White,1,Standard,2025-05-21,2025-12-12,False
5198,Nicholas Irwin,4,Silver,2024-10-19,,True
5199,Denise Roberts,3,Standard,2024-11-27,,True
5200,Charles Ferguson,1,Standard,2024-05-21,2025-10-18,False
5201,Elizabeth Fischer,2,Standard,2023-11-15,,True
5202,Desiree Simon,2,Standard,2025-05-05,2025-05-20,False
5203,John Carpenter,3,Silver,2024-06-06,,True
5204,Brian Horton,2,Standard,2022-09-10,,True
5205,Julie Holloway,3,Standard,2024-01-21,,True
5206,Donna Aguilar,3,Standard,2022-09-30,2024-04-07,False
5207,Matthew Coleman,1,Standard,2022-12-31,,True
5208,Joseph Brooks,5,Standard,2023-10-18,,True
5209,Michael Castillo,4,Standard,2022-03-07,,True
5210,Kevin Nguyen,4,Standard,2022-11-07,,True
5211,Joseph Jackson,1,Standard,2025-04-12,2025-06-16,False
5212,Katelyn Dunn,2,Standard,2022-05-13,,True
5213,Luis Sullivan,3,Silver,2023-12-02,,True
5214,Carl Juarez,5,Silver,2023-11-01,,True
5215,Sara Thomas,5,Standard,2024-12-06,2025-05-13,False
5216,Tim Griffith,1,Silver,2023-06-30,2025-02-26,False
5217,Christina Powell,2,Gold,2023-04-21,2024-07-11,False
5218,Cody Shaw,2,Standard,2022-03-09,,True
5219,Melissa Rogers,1,Standard,2025-01-20,,True
5220,Suzanne Taylor,1,Standard,2024-06-06,,True
5221,Dylan Hernandez,3,Standard,2023-01-03,,True
5222,Mr. Bernard Flores,4,Standard,2023-05-31,,True
5223,Brandon Heath,1,Gold,2024-01-22,,True
5224,Samuel Stone,3,Silver,2023-06-26,,True
5225,Andre Flores,2,Silver,2022-06-14,2025-09-14,False
5226,Cathy Thompson,3,Silver,2025-01-13,,True
5227,Alexander Woodward,2,Silver,2023-04-21,,True
5228,Ashley Clark,2,Standard,2024-08-01,2025-08-27,False
5229,Kenneth Lee,4,Silver,2023-11-13,,True
5230,Jose Moses,3,Standard,2024-03-29,,True
5231,David Harper,3,Silver,2022-05-29,,True
5232,Meghan Cook,4,Standard,2023-03-05,,True
5233,James Barton,4,Silver,2022-10-04,,True
5234,Ricky Thompson,4,Standard,2023-01-16,,True
5235,Corey Thompson,5,Standard,2024-01-15,,True
5236,Tiffany Wright,3,Standard,2022-03-11,,True
5237,Kara Stein,3,Standard,2024-08-15,,True
5238,Kenneth Walsh,4,Standard,2024-11-13,,True
5239,Sandra Kelly,4,Standard,2023-04-06,,True
5240,Michael Osborn,5,Standard,2024-12-01,,True
5241,Robert Hart,4,Standard,2025-06-06,,True
5242,Toni Wood,2,Silver,2022-03-26,2024-12-22,False
5243,Thomas Butler,3,Silver,2022-11-11,2025-04-11,False
5244,Colleen Powell DDS,5,Standard,2022-05-15,2024-12-11,False
5245,Jeremy Riddle,2,Silver,2023-04-19,,True
5246,Jessica Stewart,5,Gold,2022-12-12,,True
5247,Kevin Norris,1,Silver,2022-10-25,,True
5248,Mark Cannon,4,Standard,2025-03-27,,True
5249,David Roberts,1,Standard,2023-12-05,,True
5250,Wanda Snyder,5,Standard,2025-01-24,,True
5251,Brad Davidson,1,Standard,2024-01-26,2024-08-22,False
5252,Jennifer Gonzalez,3,Silver,2025-01-06,,True
5253,Erica Lewis,1,Standard,2024-03-08,,True
5254,Gary Curry,1,Silver,2024-04-21,,True
5255,Jennifer Garcia,5,Standard,2022-11-11,,True
5256,Keith Lawrence,3,Gold,2024-07-21,,True
5257,Kimberly Sandoval,1,Silver,2022-10-29,2025-03-20,False
5258,Travis Miller,5,Silver,2023-06-14,2024-09-15,False
5259,Melissa Davis,1,Silver,2023-05-18,2025-07-24,False
5260,Daniel Anderson Jr.,5,Standard,2022-11-09,,True
5261,Patricia Hahn,4,Standard,2024-05-31,,True
5262,Robin Haley,2,Standard,2022-12-16,,True
5263,Jasmine Hill,3,Silver,2025-02-27,2025-03-04,False
5264,Bryan Mitchell,1,Silver,2022-09-23,,True
5265,Elizabeth Mejia,5,Silver,2024-09-27,,True
5266,Donald Thomas,1,Standard,2023-05-22,,True
5267,Carly Kirby,2,Silver,2024-01-08,,True
5268,Christine Cabrera,1,Standard,2023-01-14,,True
5269,Paul Richards,2,Standard,2024-02-02,,True
5270,Elizabeth Lewis,4,Standard,2024-10-26,,True
5271,Ryan Miller,5,Standard,2024-11-13,,True
5272,Jason Bartlett,1,Gold,2024-05-02,,True
5273,Ann Ortiz,3,Standard,2024-07-05,,True
5274,Michael Pierce,2,Silver,2025-06-16,,True
5275,Brian Garcia,5,Standard,2022-10-06,,True
5276,Richard Duncan,5,Silver,2023-05-13,,True
5277,Danielle Guzman,5,Standard,2022-05-25,,True
5278,Paul Lee,2,Silver,2024-07-22,,True
5279,Cindy Lowery,2,Standard,2022-10-23,,True
5280,Dr. Tyler Hill,2,Standard,2023-06-19,,True
5281,Kimberly Vazquez,5,Standard,2024-10-10,2025-02-12,False
5282,Benjamin Hamilton,4,Standard,2022-04-24,,True
5283,Xavier Kerr,1,Gold,2024-02-06,,True
5284,William Lane,4,Standard,2022-04-27,,True
5285,Angela Johnson,3,Standard,2024-06-25,,True
5286,Tammy English,1,Standard,2024-12-18,,True
5287,Sandra Butler,4,Standard,2022-02-19,,True
5288,Thomas Kidd,3,Standard,2023-06-17,,True
5289,Marc Williams,5,Standard,2024-08-12,,True
5290,Ryan Gonzalez,5,Standard,2023-01-08,,True
5291,Erin Spencer,5,Standard,2023-10-03,,True
5292,Christine Gonzalez MD,3,Gold,2025-02-07,,True
5293,Megan Tucker,4,Gold,2024-06-06,,True
5294,Joshua Brown,4,Standard,2025-04-13,2025-09-15,False
5295,Dr. Stephen Gibbs,2,Standard,2023-02-18,,True
5296,Rachel Davis,5,Standard,2022-05-29,,True
5297,Ruth Davies,5,Standard,2024-05-20,,True
5298,Sean Martin,1,Standard,2023-01-23,,True
5299,Mary Roberts,2,Standard,2025-04-05,,True
5300,Julia Chen,5,Standard,2022-06-02,,True
5301,Taylor Jones,2,Standard,2023-02-09,,True
5302,Jeffrey Sweeney,3,Gold,2025-03-31,,True
5303,Chelsea Jones,1,Gold,2023-04-16,2024-10-04,False
5304,Amanda Walsh,4,Standard,2023-12-09,,True
5305,Jamie Patton,4,Silver,2023-01-20,2025-12-09,False
5306,Martin Wilson,2,Silver,2025-06-28,,True
5307,Michael Miller,5,Silver,2022-12-29,,True
5308,Jason Alvarado,5,Standard,2023-03-05,,True
5309,Austin Kelley,3,Silver,2025-05-17,,True
5310,Mrs. Mary Singh DVM,5,Standard,2024-11-04,2025-03-26,False
5311,Diane Le,5,Silver,2022-01-03,,True
5312,Lauren Harper,1,Standard,2022-03-24,,True
5313,Suzanne Howard,2,Standard,2024-02-22,,True
5314,Kelly Herring,1,Standard,2023-05-14,,True
5315,Jacob Garza,4,Standard,2022-10-09,,True
5316,Gregory Alvarado,2,Gold,2024-03-13,2025-07-06,False
5317,Richard Phillips,2,Standard,2023-05-28,,True
5318,Joan Ramsey DDS,2,Silver,2022-07-05,,True
5319,Matthew Sullivan,4,Silver,2023-05-13,,True
5320,Adam Johnson,4,Gold,2022-02-03,,True
5321,Dr. Ashley Walker DVM,1,Silver,2022-02-24,2024-08-02,False
5322,Tonya Callahan,1,Standard,2023-04-28,,True
5323,Paula Garcia,1,Standard,2022-11-29,2025-07-28,False
5324,Veronica Jenkins,3,Silver,2022-01-07,,True
5325,Dillon Stanton,1,Gold,2023-11-22,,True
5326,Mr. Adam Russell,3,Standard,2024-08-27,,True
5327,Barbara Berg,4,Standard,2022-09-03,,True
5328,Charles Hernandez,5,Silver,2024-04-21,,True
5329,Adam Ramirez,2,Standard,2022-08-12,,True
5330,Corey Cooke,4,Silver,2023-02-21,,True
5331,Brandon Barber,2,Standard,2024-01-25,2024-08-21,False
5332,Robert Perez,2,Standard,2023-12-09,,True
5333,Brian Sanchez,5,Silver,2025-02-09,,True
5334,Theresa Edwards,2,Standard,2024-05-01,,True
5335,Jessica Thomas,1,Silver,2023-02-11,,True
5336,Bonnie Petersen,1,Standard,2024-09-04,,True
5337,Bruce Graves,2,Gold,2024-10-07,,True
5338,Kristie Williams,3,Silver,2024-04-28,,True
5339,Alyssa House,5,Standard,2024-08-26,,True
5340,Steven Garcia,1,Standard,2022-01-22,,True
5341,Terri Sanchez,5,Standard,2023-01-03,,True
5342,Peter Buchanan,2,Silver,2022-04-09,,True
5343,Deborah Harrison,4,Standard,2023-10-14,2025-10-23,False
5344,Nicholas Fuller,3,Silver,2023-06-08,,True
5345,Martin Craig,5,Gold,2023-12-04,,True
5346,James Avila,1,Standard,2025-03-28,,True
5347,Maria Donaldson,4,Gold,2023-09-28,,True
5348,Patricia Contreras,5,Standard,2024-05-09,2024-09-22,False
5349,Lisa Stein,5,Standard,2022-05-05,,True
5350,Stephanie Short,1,Standard,2023-07-22,,True
5351,Gary Morris,1,Silver,2023-05-29,2025-02-24,False
5352,Kenneth Wolfe,3,Standard,2023-03-16,2024-12-25,False
5353,Chelsea Jacobson,3,Gold,2022-01-27,,True
5354,Vincent Knight,3,Standard,2022-01-01,,True
5355,Kelly Owen,3,Standard,2022-03-04,2024-08-05,False
5356,Nicholas Price,2,Gold,2023-07-02,,True
5357,Jesse Hill,1,Standard,2023-06-21,,True
5358,James Thomas,2,Gold,2023-07-21,,True
5359,Jennifer Castro,5,Standard,2023-06-13,,True
5360,Amy Howard,4,Silver,2023-01-17,,True
5361,Cheyenne Sharp,5,Silver,2024-03-21,,True
5362,Louis Sanders,1,Silver,2024-02-25,,True
5363,Ryan Heath,3,Silver,2022-12-10,,True
5364,Robin Schmidt,1,Standard,2022-08-19,,True
5365,Charles King,3,Standard,2024-05-11,,True
5366,Pamela Hill,1,Standard,2022-09-29,,True
5367,Brian Rivera,5,Silver,2023-08-03,,True
5368,Erin Morgan,3,Gold,2022-11-11,2025-09-29,False
5369,Lauren Johnson,1,Standard,2023-08-09,,True
5370,Dr. Adrian Ramirez MD,1,Silver,2022-08-11,,True
5371,Christy Sandoval DDS,5,Gold,2022-03-20,,True
5372,Timothy Charles,1,Standard,2023-03-08,2025-03-13,False
5373,Rita Fox,1,Gold,2023-02-16,,True
5374,Thomas Taylor,5,Silver,2022-10-16,,True
5375,Stephen Williamson,1,Gold,2023-07-10,,True
5376,John Bean,4,Gold,2022-04-26,,True
5377,Brandon Marshall,3,Silver,2024-02-05,2025-09-03,False
5378,Michael Garza,1,Standard,2025-03-29,2025-05-16,False
5379,Daniel Garrison,5,Standard,2025-02-22,,True
5380,William Weiss,3,Standard,2024-11-30,,True
5381,Barbara Hall,3,Silver,2024-08-16,,True
5382,Teresa Howard,2,Standard,2022-07-20,2024-02-02,False
5383,Brandon Richards,1,Standard,2022-08-24,,True
5384,James Perez,2,Standard,2022-05-16,2024-06-23,False
5385,Anthony Smith,4,Silver,2024-02-10,2024-04-08,False
5386,James Lopez,1,Silver,2024-06-23,2025-06-18,False
5387,Megan Graves,1,Standard,2023-03-11,,True
5388,Heather Greene,4,Silver,2022-03-23,,True
5389,Zachary Cain,4,Silver,2022-01-04,,True
5390,Riley Cooper,5,Standard,2022-07-01,,True
5391,Angela Cruz,4,Standard,2024-10-22,2025-01-24,False
5392,Richard Tate,5,Gold,2024-03-11,,True
5393,Jeremy Roberts,3,Standard,2022-12-30,,True
5394,Patrick Mendez,3,Standard,2022-11-09,,True
5395,Melissa Garcia,1,Standard,2025-04-20,2025-07-18,False
5396,Jonathan Costa,1,Silver,2022-04-13,,True
5397,Gregory Hopkins,2,Standard,2024-06-26,,True
5398,Andrea Johnson,5,Silver,2024-04-06,,True
5399,Samantha Wong,1,Gold,2024-01-05,,True
5400,Rebecca Weber,2,Silver,2023-09-01,2024-02-10,False
5401,Michael Myers,1,Standard,2022-07-18,,True
5402,James Petersen,4,Standard,2024-03-09,2025-06-01,False
5403,David Hernandez,1,Standard,2024-03-18,,True
5404,Henry Moore,5,Silver,2024-05-22,,True
5405,Michelle Holland,2,Gold,2025-01-13,2025-05-26,False
5406,Jonathan Miller,2,Silver,2023-04-15,,True
5407,Cheryl Williams,4,Silver,2024-12-15,,True
5408,Patricia Sanchez,1,Standard,2025-04-13,2025-06-16,False
5409,Melissa Russo,5,Standard,2024-08-17,,True
5410,Charles Kim,3,Gold,2024-06-16,,True
5411,Sarah James,2,Standard,2024-02-04,,True
5412,Nicole Nichols,3,Gold,2022-09-24,,True
5413,Juan Solis MD,5,Standard,2022-11-26,,True
5414,William Woodard,2,Standard,2023-03-14,,True
5415,Brandon Maxwell,3,Standard,2025-03-19,,True
5416,James Gomez,5,Standard,2024-05-01,,True
5417,Jeremy Mcguire,1,Standard,2024-06-12,2025-01-20,False
5418,Amy Thomas,4,Silver,2022-10-09,,True
5419,Tommy Walker,5,Standard,2022-08-22,,True
5420,Holly Myers,1,Standard,2024-10-27,2025-02-11,False
5421,John Jenkins,2,Silver,2025-04-02,,True
5422,Leah Moore,5,Standard,2023-11-06,,True
5423,Donna Richardson,5,Standard,2022-12-22,,True
5424,Emily Benjamin,3,Silver,2022-06-03,2024-08-11,False
5425,James Mcfarland,2,Standard,2024-01-09,2025-12-09,False
5426,Michael Cline,2,Silver,2024-12-31,,True
5427,Sheri Dawson,4,Gold,2024-09-04,,True
5428,Michaela Austin,1,Standard,2022-08-17,2025-11-20,False
5429,Michael Adams,1,Standard,2024-01-16,,True
5430,Jeffrey Patton,5,Standard,2022-06-26,2024-04-05,False
5431,Charles Gonzalez,1,Standard,2023-04-19,,True
5432,William Norris,5,Standard,2025-02-13,,True
5433,Melissa Mitchell,1,Gold,2024-12-26,,True
5434,Keith Hodge Jr.,4,Standard,2023-03-17,,True
5435,Melissa Williams,2,Standard,2022-05-29,,True
5436,Levi Anderson,2,Silver,2022-01-31,,True
5437,Sarah Acevedo,5,Standard,2023-01-09,,True
5438,Cheryl Brewer,3,Standard,2025-04-24,,True
5439,Melissa Nelson,3,Gold,2025-01-28,2025-09-18,False
5440,Katherine Cannon,5,Silver,2022-03-23,,True
5441,Jason Robinson,3,Gold,2023-07-23,,True
5442,Kelly Gonzalez,3,Silver,2022-06-29,2025-09-21,False
5443,Sophia Petersen MD,5,Standard,2022-05-24,,True
5444,Megan Carter,1,Standard,2025-04-26,2025-05-08,False
5445,Robert Mejia,5,Standard,2025-03-17,,True
5446,Willie Lewis,4,Silver,2025-01-14,,True
5447,Travis Hicks,1,Silver,2024-12-19,2025-08-30,False
5448,Lisa Jimenez,5,Standard,2025-04-12,,True
5449,Daniel Smith,3,Gold,2024-08-02,,True
5450,Lisa Mitchell,5,Standard,2023-03-05,,True
5451,Brandi Hart,5,Silver,2023-07-09,,True
5452,Keith Flowers,5,Standard,2023-04-18,,True
5453,Dean Wood,4,Standard,2022-05-26,,True
5454,Tara Brooks,2,Standard,2025-01-11,,True
5455,Shelly Jones,1,Standard,2024-11-18,,True
5456,Brian Cooper,3,Standard,2025-02-21,,True
5457,Stephanie May,2,Silver,2025-02-21,,True
5458,Trevor Gross,3,Standard,2023-11-22,,True
5459,Nancy Mitchell,4,Standard,2024-01-07,,True
5460,Antonio Allen,3,Standard,2024-03-25,,True
5461,Jordan Jones,3,Silver,2023-03-21,,True
5462,Joseph Pena,5,Standard,2022-09-30,,True
5463,Karen Ellis,3,Silver,2022-12-17,,True
5464,Andrew Fowler,3,Silver,2023-03-26,,True
5465,Jane West,2,Standard,2022-05-12,2024-10-21,False
5466,Kimberly Johnson,1,Standard,2023-09-14,,True
5467,Brittney Ford,4,Standard,2025-05-12,,True
5468,Steven Rose,3,Standard,2025-03-09,,True
5469,Mr. Brandon Diaz,5,Standard,2023-12-14,2025-05-28,False
5470,Robert Levine,1,Silver,2025-03-29,,True
5471,Julie Decker,1,Standard,2022-05-24,,True
5472,Michelle Harris,5,Silver,2023-07-14,,True
5473,Andrew Flores,1,Standard,2022-09-12,2024-10-29,False
5474,Kimberly Brooks,3,Silver,2022-02-05,,True
5475,Andrea Bailey,3,Standard,2022-11-23,,True
5476,Danielle Crane,4,Standard,2023-02-22,2025-05-30,False
5477,Leslie Juarez,2,Standard,2025-06-13,,True
5478,James Thomas,5,Silver,2022-07-28,,True
5479,Karen Hansen,2,Standard,2023-08-21,,True
5480,Robert Hickman,1,Standard,2022-03-26,,True
5481,Dr. Aaron Golden,5,Gold,2023-06-30,,True
5482,Jose Harris,5,Standard,2022-09-16,,True
5483,John Cruz,5,Silver,2025-02-23,,True
5484,Courtney Stewart,1,Gold,2024-01-27,,True
5485,Michelle Martin,3,Gold,2024-03-25,,True
5486,Terri Simmons,1,Silver,2022-06-10,,True
5487,Joshua Meyers,3,Standard,2025-05-20,,True
5488,Thomas Bradshaw,1,Silver,2025-04-16,,True
5489,Aimee Bryant,3,Standard,2022-06-09,,True
5490,Carol Webb,5,Standard,2024-11-23,2025-07-04,False
5491,Paul Campos,5,Standard,2023-08-30,,True
5492,Ebony Flores,2,Standard,2022-06-04,,True
5493,Mr. James Smith,3,Silver,2024-06-03,,True
5494,Terry Thomas,4,Standard,2024-02-08,,True
5495,Scott Taylor,4,Gold,2022-03-03,,True
5496,Daniel Byrd,2,Standard,2023-01-12,,True
5497,Dr. Matthew Duke,5,Silver,2022-03-08,2025-06-23,False
5498,Tanya Joseph,3,Gold,2022-04-30,,True
5499,Lynn Rodriguez,3,Standard,2023-06-30,2024-03-28,False
5500,Hannah Ross,3,Silver,2023-04-11,,True
5501,Andrew Lynch,2,Standard,2024-09-09,,True
5502,Cynthia Roberts,3,Gold,2024-05-19,,True
5503,Micheal Hernandez,5,Standard,2022-12-06,,True
5504,Theresa Downs,5,Standard,2025-04-09,,True
5505,Jimmy Gonzalez,3,Standard,2023-04-30,2025-06-04,False
5506,Brandon Jones,5,Silver,2024-06-05,,True
5507,Dr. Judy Cox,3,Gold,2022-11-26,,True
5508,Philip Cook,4,Silver,2022-12-30,2025-05-05,False
5509,Angela Duffy,1,Silver,2024-10-03,,True
5510,Amanda Sanders,2,Standard,2022-02-17,,True
5511,Adam Gordon,1,Gold,2024-11-23,,True
5512,Kenneth Clark,2,Silver,2022-06-21,,True
5513,George Bryant,5,Silver,2022-11-30,,True
5514,Connie Roberts,4,Standard,2023-12-11,,True
5515,John Davis,1,Silver,2023-10-01,,True
5516,Jamie Hudson,5,Silver,2022-08-27,,True
5517,Wesley Page,5,Standard,2024-11-10,,True
5518,Mrs. Diane Decker,5,Standard,2025-03-25,,True
5519,Daniel Dunlap,3,Standard,2024-11-02,,True
5520,Ruth Russell,5,Standard,2025-04-26,,True
5521,James Cook,2,Standard,2023-04-11,2025-07-22,False
5522,Nathan Santiago,3,Standard,2024-12-31,2025-08-04,False
5523,Spencer Leonard,3,Silver,2023-01-06,2024-01-29,False
5524,Mary Miller,1,Silver,2022-06-30,,True
5525,Alan Miller,4,Silver,2024-04-30,,True
5526,Diana Holloway,4,Standard,2022-01-31,,True
5527,Troy Harris,3,Silver,2023-09-25,,True
5528,Molly Mcneil,1,Gold,2022-03-14,,True
5529,Claire George,4,Silver,2023-02-13,2024-11-03,False
5530,Robin Davis,4,Silver,2024-08-31,,True
5531,Leah Fox,2,Silver,2022-03-16,,True
5532,Juan Meyer,2,Gold,2024-01-30,,True
5533,Emily Holloway,2,Silver,2024-07-16,,True
5534,Tiffany Rogers,4,Silver,2025-05-19,2025-06-27,False
5535,Terri Avila,2,Silver,2025-04-29,2025-05-14,False
5536,Amber Baker,3,Standard,2024-03-08,2024-04-10,False
5537,Jeff Sanchez,1,Standard,2022-10-09,,True
5538,Thomas Johnson,4,Standard,2023-06-17,,True
5539,William Craig,2,Silver,2024-10-03,,True
5540,Samuel Grimes,2,Gold,2023-07-02,,True
5541,Stephanie Jarvis,4,Standard,2023-12-31,,True
5542,Shelby Pruitt,1,Standard,2024-09-08,,True
5543,Anita Petty,5,Silver,2022-10-09,2025-12-26,False
5544,Megan Harmon,4,Silver,2024-05-18,,True
5545,Kathleen Harris,2,Gold,2022-01-11,,True
5546,Anna Richards,4,Standard,2023-07-26,2025-01-02,False
5547,Michael Obrien,2,Gold,2022-06-09,,True
5548,Scott Holland,2,Standard,2023-08-29,,True
5549,Robert Simmons,5,Gold,2024-08-24,,True
5550,Jon Sanders,4,Standard,2024-05-30,,True
5551,Kimberly Rubio,4,Silver,2025-02-19,,True
5552,Joshua Escobar,2,Silver,2023-06-07,,True
5553,Jennifer Parsons,1,Standard,2024-04-30,2024-05-14,False
5554,Kevin White,3,Silver,2024-03-27,2025-01-17,False
5555,Kayla Hudson,5,Standard,2023-07-06,2024-11-20,False
5556,Travis Mayo,1,Standard,2024-05-27,2025-02-11,False
5557,Thomas Guzman,3,Gold,2023-02-19,,True
5558,Lisa Ford,4,Silver,2025-02-12,,True
5559,Joseph Taylor,4,Standard,2024-01-12,2024-07-03,False
5560,John Hamilton,4,Silver,2023-03-12,,True
5561,Alexander Roberson,2,Silver,2025-05-28,2025-11-25,False
5562,Patrick Johnson,5,Gold,2025-03-09,,True
5563,Michael Mcconnell,5,Standard,2022-02-07,,True
5564,Steven Norman,1,Silver,2022-06-09,,True
5565,Chelsea Jones,3,Silver,2023-02-25,,True
5566,Tiffany Gomez,4,Standard,2024-11-16,,True
5567,Kimberly Alexander,4,Standard,2023-05-21,,True
5568,Elizabeth Patterson,5,Standard,2024-04-07,,True
5569,April Morrison,1,Standard,2022-03-13,2025-04-20,False
5570,Kelly West,4,Standard,2022-12-01,2025-03-09,False
5571,Wendy Sims,5,Standard,2024-12-01,2025-06-13,False
5572,Leah Smith,5,Silver,2024-03-30,,True
5573,Adam Schneider,4,Standard,2022-05-10,2025-10-02,False
5574,Katherine Jackson,4,Standard,2023-05-15,,True
5575,Matthew Burke,2,Gold,2024-08-20,,True
5576,Darren Lopez,1,Silver,2022-07-10,,True
5577,Madison Smith,2,Standard,2024-02-11,,True
5578,Richard Jimenez,3,Silver,2022-08-03,,True
5579,Rachel Conway,5,Standard,2022-09-07,2025-11-17,False
5580,David Ballard,3,Standard,2024-04-10,,True
5581,Tony Navarro,1,Standard,2023-07-30,,True
5582,Robert Simpson,4,Standard,2023-01-03,,True
5583,Destiny Myers,2,Standard,2024-09-24,2024-11-05,False
5584,Stephanie Gregory,3,Gold,2024-04-26,,True
5585,Kimberly Vasquez,1,Gold,2025-03-05,2025-05-20,False
5586,Dawn Watson,3,Standard,2022-09-23,,True
5587,Diana Rios,2,Silver,2022-11-21,,True
5588,Mary Barnes,5,Silver,2025-02-17,,True
5589,Shelia Hunter,1,Silver,2025-03-29,2025-08-18,False
5590,Mary Mcintosh,1,Gold,2024-09-30,2025-06-13,False
5591,Lorraine Bond,5,Standard,2024-04-15,,True
5592,William Gallegos,2,Standard,2024-11-27,,True
5593,Allen Alvarado,1,Standard,2023-10-23,,True
5594,John Glass,3,Gold,2023-08-11,,True
5595,Christopher Stephenson,5,Standard,2025-02-23,,True
5596,Mary Banks,4,Standard,2023-06-06,2025-08-10,False
5597,Monica Shea,4,Standard,2023-01-19,,True
5598,Amanda Johnson,1,Silver,2024-05-31,,True
5599,Heather Le,1,Standard,2024-07-12,2024-12-23,False
5600,Christopher Carson,4,Standard,2024-01-31,2025-02-06,False
5601,Christopher Odom,1,Gold,2022-03-07,,True
5602,Angel Mcdonald,3,Silver,2024-02-10,,True
5603,Susan Richard,1,Gold,2022-10-18,,True
5604,Richard Reed,1,Silver,2024-01-24,,True
5605,Timothy Brown,2,Silver,2024-03-13,2025-06-07,False
5606,Heather Gomez,3,Standard,2022-06-25,,True
5607,Makayla Evans,3,Standard,2024-05-13,,True
5608,Tina Davis,5,Silver,2023-03-15,,True
5609,Austin Stout,1,Silver,2022-09-25,,True
5610,Melinda Holloway,3,Gold,2024-02-01,2025-07-24,False
5611,Sandra Rivera,1,Standard,2024-08-15,,True
5612,Ashley Allen,5,Standard,2022-04-11,2025-06-10,False
5613,Xavier Jackson,5,Silver,2023-03-26,,True
5614,Ruth Hernandez,1,Gold,2023-04-02,,True
5615,Susan Drake,1,Standard,2023-07-08,,True
5616,Kelly Crawford,5,Standard,2023-03-15,,True
5617,Hannah Peterson,2,Silver,2023-11-06,2025-02-08,False
5618,Jessica Williams,3,Standard,2022-04-13,,True
5619,Angela Hall,4,Silver,2024-02-10,,True
5620,Elizabeth Poole,4,Standard,2022-04-30,2024-12-13,False
5621,Melissa Hale,2,Silver,2023-02-03,,True
5622,John Stephens,1,Gold,2025-03-24,,True
5623,David Davis,2,Standard,2022-05-18,2024-11-28,False
5624,Mary Rivas,1,Standard,2024-12-12,,True
5625,Sheila Jackson,5,Standard,2023-04-23,2024-11-04,False
5626,Carrie Coleman,2,Standard,2023-06-27,,True
5627,Rachel Ramos,3,Silver,2023-10-18,2025-01-18,False
5628,Tasha Coleman,5,Standard,2022-07-23,,True
5629,Jessica Smith,3,Standard,2022-10-26,,True
5630,Linda Dodson,2,Gold,2024-12-13,,True
5631,Anthony Rogers DDS,2,Gold,2023-07-11,,True
5632,Kimberly Hardin,4,Standard,2024-07-09,,True
5633,Misty Alexander,4,Silver,2022-06-09,,True
5634,Philip Ramirez,5,Standard,2024-05-13,2024-07-11,False
5635,Tamara Schmidt,1,Standard,2022-10-20,,True
5636,Sarah Davis,3,Standard,2022-02-19,,True
5637,Charles Franklin,4,Standard,2023-01-08,,True
5638,Angel Frazier,4,Standard,2022-11-06,,True
5639,Cynthia Sanchez,4,Gold,2023-12-07,,True
5640,Jacob Gray,1,Standard,2022-06-19,,True
5641,Ashley Rivera,4,Silver,2022-08-24,,True
5642,Cheyenne Miller,4,Silver,2024-01-24,2025-07-06,False
5643,Edwin Graham,4,Silver,2024-12-21,,True
5644,Robert Tanner,2,Standard,2024-02-24,,True
5645,Mary Richards,3,Standard,2024-05-24,,True
5646,Ashley Smith,4,Standard,2023-09-10,,True
5647,Taylor Jacobs,3,Standard,2022-07-07,2025-03-02,False
5648,Gina Brown,3,Standard,2023-05-13,,True
5649,Katrina Wilkinson,4,Standard,2023-07-31,,True
5650,Monique Burns,3,Gold,2022-06-30,2025-03-24,False
5651,Brent Pierce,3,Standard,2024-11-12,,True
5652,Jessica Shelton,2,Standard,2023-05-22,2025-10-18,False
5653,Dr. Ian Cunningham,1,Standard,2023-07-10,,True
5654,Edgar Jefferson,4,Standard,2024-05-20,2025-03-03,False
5655,Angela Boyer,2,Standard,2024-08-02,,True
5656,Anthony Lamb,1,Gold,2022-03-14,,True
5657,Matthew Newton,5,Silver,2022-08-15,,True
5658,Kristen Johnson,2,Silver,2023-10-27,,True
5659,Margaret Gilmore,1,Gold,2022-09-29,,True
5660,James Juarez,1,Silver,2022-08-06,,True
5661,Adam Norman,1,Silver,2022-03-02,2025-04-18,False
5662,Michael Stevens,3,Gold,2024-10-03,,True
5663,Misty Allen,5,Standard,2023-03-21,2025-04-01,False
5664,Amanda Oneal,1,Standard,2023-06-25,,True
5665,Jill Jones,3,Standard,2024-11-25,,True
5666,David Campbell,2,Silver,2025-01-16,,True
5667,Caitlin Smith,4,Gold,2022-03-18,,True
5668,Robert Thompson,2,Standard,2022-10-27,2025-04-24,False
5669,Melinda Jones,2,Gold,2024-09-10,,True
5670,Bryan Chan,3,Standard,2024-08-17,,True
5671,Adam Medina,5,Silver,2023-06-09,,True
5672,Mariah Miles,1,Standard,2024-05-13,,True
5673,Julie Dixon,1,Silver,2025-06-17,2025-11-09,False
5674,Jessica Lopez,5,Standard,2024-06-20,,True
5675,Bobby Hale,4,Silver,2022-02-24,,True
5676,John Smith,1,Standard,2022-05-08,,True
5677,Justin Savage,3,Standard,2022-05-26,,True
5678,Kim Obrien,2,Standard,2022-02-05,,True
5679,Aaron Watson,1,Silver,2022-05-13,,True
5680,Lauren Miller,4,Silver,2024-09-02,,True
5681,Heidi Donovan,2,Silver,2022-12-04,,True
5682,Luis Cooper,3,Gold,2023-06-21,,True
5683,Cody Patterson,1,Standard,2023-05-12,,True
5684,Nicholas Cochran,4,Standard,2022-04-10,,True
5685,Kathryn Brady,5,Silver,2024-05-28,,True
5686,Hector Rodriguez,2,Standard,2024-12-16,,True
5687,Jane Frank,5,Silver,2024-08-05,,True
5688,Jacqueline Snyder,2,Silver,2023-11-26,,True
5689,Ryan Warren,3,Silver,2023-08-09,,True
5690,Amber Blair,4,Standard,2024-08-11,,True
5691,Tina Contreras,1,Standard,2022-10-05,2025-04-23,False
5692,Richard Blackwell,4,Standard,2025-05-11,,True
5693,Nicholas Smith,3,Gold,2022-08-13,,True
5694,Robert Butler,5,Standard,2025-04-29,,True
5695,Mark Garcia,3,Standard,2022-05-04,,True
5696,Ashley Sanders,2,Gold,2022-08-25,,True
5697,Stephen Perry,5,Standard,2023-11-10,,True
5698,James Davila,3,Gold,2023-09-04,2025-09-06,False
5699,Karen Johnson,5,Standard,2023-05-10,,True
5700,Tonya Smith,4,Standard,2023-04-27,,True
5701,Michael Knapp,4,Silver,2022-12-22,,True
5702,Melissa Miller,3,Silver,2022-10-18,,True
5703,Nicole Thomas,1,Standard,2023-03-16,,True
5704,Linda Stanley MD,5,Gold,2025-05-03,,True
5705,Kyle Ramirez,4,Silver,2025-04-08,,True
5706,James Zuniga,4,Standard,2022-02-25,,True
5707,Joshua Jackson,5,Standard,2022-07-05,,True
5708,Caleb Lee,3,Standard,2023-10-18,,True
5709,Michael Barton,1,Standard,2022-04-22,,True
5710,Sarah Castillo,2,Standard,2025-04-22,,True
5711,Monica Copeland,4,Silver,2024-05-14,,True
5712,Kenneth Kline,1,Standard,2023-10-27,,True
5713,Kyle Stewart,5,Silver,2024-01-13,,True
5714,John Rodriguez,5,Silver,2025-04-01,,True
5715,George Butler,5,Silver,2023-11-29,,True
5716,Manuel Alvarado,1,Silver,2023-10-22,,True
5717,Alexandra Jones,3,Standard,2025-06-23,,True
5718,Sarah Grimes,3,Silver,2022-09-27,,True
5719,Anna Russell,1,Standard,2023-02-04,,True
5720,Troy Wall,5,Silver,2024-11-23,2025-01-29,False
5721,Sean Perry,1,Standard,2023-07-27,,True
5722,Jason Freeman,2,Silver,2023-06-19,,True
5723,Kenneth Snow,4,Standard,2023-12-17,,True
5724,Leslie Carpenter,3,Gold,2023-11-02,,True
5725,Carol Williams,2,Standard,2024-01-17,2024-10-22,False
5726,Billy Ritter,4,Standard,2024-09-01,2025-07-10,False
5727,Melissa Wilson,1,Gold,2023-03-21,,True
5728,Mrs. Tammie Lang,4,Silver,2022-10-11,,True
5729,Scott Rivera,4,Standard,2022-11-05,,True
5730,Michael Davenport,1,Standard,2024-01-09,2025-07-06,False
5731,Nicole Watson,1,Standard,2022-11-06,2025-05-05,False
5732,Gloria Fisher,4,Gold,2024-09-17,,True
5733,Melanie Stark,1,Standard,2025-05-19,,True
5734,Brittany Jefferson,4,Standard,2023-12-01,,True
5735,Mark Thomas,5,Standard,2025-06-28,,True
5736,Gloria Kim,5,Standard,2023-02-16,,True
5737,Cathy Grant,1,Standard,2022-12-14,2025-08-31,False
5738,Sarah Leach,4,Gold,2025-01-25,,True
5739,Sharon Villanueva,3,Standard,2024-11-26,,True
5740,Michael White,5,Gold,2025-02-28,,True
5741,Barbara Weaver,5,Silver,2022-08-28,,True
5742,Heather Davis,2,Standard,2022-10-25,,True
5743,Darlene Hall,2,Silver,2022-09-23,,True
5744,Anthony Allen,3,Standard,2023-02-05,,True
5745,Linda Boyd,3,Standard,2025-02-15,,True
5746,Marie Patterson,2,Gold,2024-07-29,2025-09-05,False
5747,Kimberly Taylor,2,Standard,2024-04-24,2024-12-03,False
5748,Kristina Curry,4,Standard,2022-12-21,,True
5749,Brian Webb,4,Standard,2024-02-12,,True
5750,Matthew Hodges,4,Standard,2024-09-17,,True
5751,Shawn Lewis,1,Standard,2022-04-29,2024-10-19,False
5752,Jeffrey Johnson,2,Standard,2024-03-04,,True
5753,Michelle Villegas,1,Standard,2024-06-02,2024-08-10,False
5754,Casey Jackson,3,Standard,2024-06-20,,True
5755,Debra Barker,5,Standard,2022-08-06,,True
5756,Mindy Cochran,2,Standard,2023-11-02,,True
5757,Danielle Quinn,5,Gold,2022-03-20,,True
5758,Adrian Snow,3,Silver,2023-07-08,,True
5759,Donna Jackson,2,Standard,2022-05-08,,True
5760,Sarah Moore,4,Silver,2024-08-28,,True
5761,Dana Copeland,3,Standard,2025-06-11,2025-06-17,False
5762,Elizabeth Jenkins,4,Gold,2023-04-15,,True
5763,Bailey Fitzgerald,5,Standard,2024-06-14,,True
5764,George Fritz,2,Standard,2023-06-28,,True
5765,Dominique Parker,2,Standard,2022-01-11,,True
5766,Lisa Brown,2,Standard,2023-03-25,,True
5767,Eric Fields,3,Silver,2022-09-03,,True
5768,Mark Brown,2,Silver,2023-01-18,2024-08-25,False
5769,Scott Contreras,5,Silver,2025-03-06,,True
5770,Marvin Flores,4,Standard,2024-11-14,,True
5771,Paul Wheeler,5,Silver,2023-02-12,,True
5772,Carrie Castillo,5,Silver,2022-08-12,,True
5773,Matthew Duarte,4,Standard,2024-06-26,,True
5774,Laura Hall,1,Silver,2024-02-05,,True
5775,Ruben Weber,2,Standard,2023-11-17,2024-03-09,False
5776,Alexis Oliver,5,Standard,2023-11-23,2025-07-04,False
5777,Beth Valdez,2,Standard,2022-10-22,,True
5778,James Nunez,1,Standard,2024-12-31,,True
5779,Jason Harris,1,Standard,2023-10-16,,True
5780,Lindsey Farley,4,Standard,2023-01-18,,True
5781,Brian Krueger,4,Standard,2022-11-25,,True
5782,Logan Dennis,5,Silver,2023-11-04,,True
5783,Dwayne Mitchell,2,Silver,2023-10-10,2025-07-20,False
5784,Tony Duffy,4,Silver,2024-07-17,,True
5785,Jerry Harris,4,Standard,2023-12-09,,True
5786,Scott Martin,5,Standard,2024-11-13,,True
5787,Stephanie Mills,1,Gold,2024-08-26,,True
5788,Dillon Duke,2,Gold,2024-03-03,,True
5789,Alejandra Hudson,3,Silver,2023-09-04,,True
5790,Toni Campbell,4,Silver,2024-10-26,,True
5791,Julie Murphy,4,Silver,2022-09-25,2025-03-14,False
5792,Joshua Harris,3,Silver,2022-11-26,,True
5793,Leah Hill,5,Gold,2022-02-18,,True
5794,Christy Hill,3,Standard,2023-12-04,,True
5795,Maria Estrada,3,Gold,2022-12-30,,True
5796,Jerry Ryan,3,Silver,2023-10-21,,True
5797,Jason Rodriguez,2,Silver,2024-01-10,,True
5798,Alison Boyer,2,Standard,2024-06-12,,True
5799,Angela Green,2,Gold,2024-12-27,,True
5800,Alexander Blake,1,Standard,2023-07-16,,True
5801,Trevor Baldwin,3,Standard,2024-10-15,,True
5802,James Calderon,1,Silver,2025-04-21,,True
5803,George Daniels,3,Standard,2023-06-19,2025-06-15,False
5804,Melissa Cruz,3,Gold,2023-10-07,,True
5805,Melanie Harris,5,Gold,2024-04-24,2024-10-01,False
5806,Isabel Clay,5,Standard,2024-06-04,,True
5807,Erin Andrade,3,Silver,2025-06-08,,True
5808,Peter Smith,4,Standard,2025-06-20,,True
5809,Scott Ray,3,Standard,2023-03-04,,True
5810,Mr. Chad Joseph,1,Gold,2025-04-25,,True
5811,Jessica Ruiz,1,Gold,2025-02-23,2025-11-30,False
5812,Stephanie Solis,4,Gold,2024-06-16,,True
5813,Sarah Rivera,4,Standard,2022-06-08,,True
5814,Cynthia Morris,4,Silver,2025-06-04,,True
5815,Patrick Campos PhD,5,Silver,2024-06-19,,True
5816,Andrea Jenkins PhD,1,Standard,2023-01-19,,True
5817,David Goodman,5,Gold,2023-10-23,,True
5818,Megan Gonzalez,2,Silver,2025-01-01,,True
5819,Nathan Miller,2,Gold,2023-10-16,,True
5820,Brenda Dunn,2,Standard,2024-09-09,,True
5821,Walter Bishop,1,Standard,2023-04-27,,True
5822,Maria Gordon,1,Standard,2022-09-23,,True
5823,Katherine Bell,5,Standard,2023-04-16,2025-10-23,False
5824,Steven Hughes,2,Silver,2023-04-25,,True
5825,Cory Henderson,1,Standard,2023-06-14,,True
5826,Kurt Powell,3,Gold,2022-11-20,2025-05-11,False
5827,Parker Sanchez,2,Gold,2024-09-23,,True
5828,Victor Gonzalez,5,Silver,2022-05-14,,True
5829,Ann Klein,3,Standard,2023-04-19,,True
5830,Stephen Massey,4,Standard,2024-08-05,,True
5831,Sean Murray,1,Standard,2025-02-04,,True
5832,Jason Taylor,5,Standard,2025-02-04,,True
5833,Joshua Horton,3,Standard,2022-11-09,,True
5834,Kristen Tanner,4,Standard,2023-10-13,,True
5835,Richard Burch PhD,5,Standard,2023-09-16,,True
5836,Marie Everett,5,Standard,2024-02-22,,True
5837,Brenda Gomez,1,Standard,2024-12-06,,True
5838,Sherry Booth,5,Standard,2022-08-31,2025-07-01,False
5839,John Grant,3,Standard,2025-05-12,2025-11-10,False
5840,Chris Mullen,1,Silver,2022-12-26,,True
5841,Bobby Carlson,4,Standard,2023-09-05,,True
5842,Paul Miranda,1,Standard,2023-03-24,2024-08-05,False
5843,Marco Brown,1,Standard,2024-04-11,,True
5844,Diana Johnson,5,Silver,2022-02-11,2025-06-07,False
5845,Nicholas Hernandez,1,Silver,2023-06-06,,True
5846,Gwendolyn Fox,1,Standard,2024-08-08,,True
5847,Matthew Diaz,3,Standard,2025-05-08,,True
5848,Curtis Rhodes,2,Standard,2023-03-13,,True
5849,Michael Sexton,2,Silver,2025-04-16,2025-08-05,False
5850,Amanda Owens,2,Standard,2024-08-31,,True
5851,Angela Brown,4,Silver,2024-12-27,,True
5852,William Wade,2,Standard,2022-11-10,,True
5853,Kyle Cannon,5,Standard,2024-11-18,,True
5854,Jennifer Edwards,2,Silver,2023-10-03,,True
5855,Melanie Flores,3,Gold,2022-04-13,,True
5856,Destiny Simmons,2,Gold,2022-10-02,2025-12-03,False
5857,Jerry Mclean,3,Silver,2023-02-03,,True
5858,Jennifer Tucker,3,Standard,2023-10-14,,True
5859,Jennifer Lambert,3,Silver,2022-01-01,2025-06-09,False
5860,Kimberly Thomas,3,Silver,2024-12-31,,True
5861,Michelle Wood,5,Standard,2024-02-23,,True
5862,Jaime Rose,2,Standard,2023-03-14,,True
5863,Christopher Hall,5,Standard,2024-02-29,,True
5864,Laura Lopez,5,Silver,2022-10-23,,True
5865,Alan Ramirez,4,Standard,2023-06-24,,True
5866,Carrie Moore,3,Standard,2023-09-06,2024-06-25,False
5867,Daniel Davis,5,Silver,2022-11-20,,True
5868,Mr. David Arnold,3,Standard,2023-05-11,2024-01-24,False
5869,Nicholas Mason,2,Standard,2024-12-05,,True
5870,Sean Carey,4,Standard,2022-08-02,,True
5871,Dennis Garcia,1,Standard,2022-01-04,,True
5872,Megan Hendricks,2,Standard,2025-04-01,,True
5873,Maria Massey,4,Silver,2022-10-16,,True
5874,Nicole Lyons,3,Silver,2025-06-19,,True
5875,Timothy Lin,5,Gold,2025-01-01,,True
5876,Brandon Harris,3,Silver,2023-09-04,,True
5877,Chelsea Thomas,3,Gold,2023-04-13,,True
5878,Tracy Barton,1,Standard,2023-10-19,2024-05-22,False
5879,Daniel Howell,4,Standard,2023-11-14,,True
5880,Melissa Burns,1,Standard,2023-11-04,2025-01-27,False
5881,Marcus Harvey,3,Standard,2024-02-08,,True
5882,Michele Byrd,4,Standard,2024-10-29,,True
5883,Tricia Spencer,1,Standard,2025-05-27,,True
5884,Stacy Grimes,5,Standard,2023-04-24,2024-09-20,False
5885,Marc Lewis,5,Silver,2023-04-26,,True
5886,Laurie Collins,4,Standard,2022-09-20,,True
5887,Kimberly Moran,2,Standard,2024-08-30,,True
5888,Craig Patel,3,Silver,2022-02-22,,True
5889,Chelsea Martinez,4,Silver,2024-11-11,,True
5890,Emily Moore,3,Standard,2024-02-14,,True
5891,Laura Garner,2,Silver,2024-05-29,,True
5892,Amber Matthews,5,Standard,2022-11-05,,True
5893,Jose Moore,4,Silver,2025-03-24,,True
5894,William Phillips,5,Standard,2025-02-28,,True
5895,Bradley Andrade,1,Standard,2023-05-28,,True
5896,Arthur Walker,2,Gold,2023-03-31,2024-05-22,False
5897,Elizabeth Cole,5,Gold,2022-08-31,,True
5898,Anthony Cooke,5,Standard,2023-11-11,2025-05-05,False
5899,Joshua Alvarado,5,Silver,2024-08-02,,True
5900,Patrick Zimmerman,2,Silver,2023-02-04,,True
5901,Erika Mercado,1,Gold,2022-10-30,,True
5902,Linda Garcia,3,Silver,2022-06-02,2025-02-11,False
5903,Summer Adams,2,Silver,2023-06-03,,True
5904,Taylor Lowery,4,Standard,2022-07-14,2024-10-31,False
5905,Tabitha Goodman,4,Standard,2024-10-22,2024-10-31,False
5906,Luis Smith,2,Standard,2025-06-07,,True
5907,Sarah Acosta,2,Standard,2025-02-16,,True
5908,David Marsh,1,Standard,2024-03-23,,True
5909,Jennifer Gordon,2,Standard,2022-06-07,,True
5910,Mackenzie Porter,2,Standard,2022-06-10,,True
5911,Jane Montgomery,5,Silver,2025-03-29,2025-07-18,False
5912,Amanda Lee,3,Standard,2024-09-21,,True
5913,Tara Miller,2,Standard,2022-12-12,,True
5914,David Bates,4,Standard,2022-01-05,,True
5915,Theresa Bell,4,Silver,2024-03-20,,True
5916,Mark Williams,4,Silver,2022-06-15,,True
5917,Anthony Brewer,4,Silver,2022-09-14,,True
5918,Kristin Gilbert,1,Standard,2023-08-15,,True
5919,Corey Ford,3,Silver,2024-07-26,,True
5920,George Santana,2,Standard,2022-06-05,2025-03-21,False
5921,Zachary Wilkerson,3,Gold,2024-11-01,,True
5922,Timothy Mcintyre,4,Silver,2024-10-21,,True
5923,Robert Williams,5,Standard,2025-04-24,,True
5924,Timothy White,4,Silver,2023-12-06,,True
5925,Stacey Baker,5,Standard,2022-01-17,2025-07-25,False
5926,William Church,5,Standard,2025-05-03,,True
5927,Bradley Shaw,2,Standard,2022-02-23,2025-02-27,False
5928,Jessica Mccarty,3,Standard,2024-07-18,,True
5929,Steven Murphy,1,Silver,2022-11-28,,True
5930,Chad Robertson,4,Gold,2024-12-09,,True
5931,Kayla Luna,2,Standard,2023-09-20,,True
5932,William Davila,2,Standard,2023-05-02,,True
5933,Daniel Hopkins,3,Standard,2024-03-06,,True
5934,Brenda Vargas,3,Standard,2022-03-08,2025-04-17,False
5935,Sheena Hawkins,2,Standard,2025-02-02,2025-12-28,False
5936,Ronald Hill,3,Standard,2022-01-12,,True
5937,Angela Ray,4,Standard,2024-08-19,,True
5938,Christine Martinez,4,Standard,2022-01-20,,True
5939,Zachary Matthews,4,Silver,2024-07-09,,True
5940,David Jackson,1,Standard,2025-06-17,,True
5941,Michael Martinez,1,Standard,2024-07-05,2024-12-09,False
5942,Amber Ward,1,Silver,2023-08-10,,True
5943,David Howard,4,Silver,2023-01-28,,True
5944,Kara Bowman,1,Standard,2022-04-29,,True
5945,Daniel Sandoval,2,Silver,2024-11-12,,True
5946,Sharon Malone,4,Silver,2023-05-18,2024-01-06,False
5947,Nicole Gutierrez,1,Standard,2023-05-31,,True
5948,Matthew Watkins,4,Standard,2024-10-17,,True
5949,Kimberly Lopez,1,Standard,2022-08-01,2025-07-19,False
5950,Carmen Herrera,3,Silver,2025-02-04,,True
5951,Kelsey Moore,1,Silver,2022-01-03,,True
5952,Steven Palmer,4,Standard,2023-04-22,,True
5953,Melanie Decker,4,Silver,2023-06-29,,True
5954,Albert Avery III,5,Gold,2023-09-11,2024-10-25,False
5955,William Gross,1,Silver,2024-10-19,,True
5956,Karen Thomas,4,Standard,2024-01-04,,True
5957,Angela Woods,4,Gold,2022-10-22,,True
5958,Linda Moore,1,Standard,2025-02-18,2025-09-22,False
5959,Denise Erickson,3,Gold,2023-10-04,,True
5960,Michael Thornton,5,Standard,2025-05-16,,True
5961,Melinda Mcgrath,5,Silver,2023-01-07,,True
5962,Philip Combs,4,Standard,2022-07-19,,True
5963,Jessica Cook,4,Standard,2024-04-11,2025-08-20,False
5964,Richard Jones,1,Gold,2022-12-09,,True
5965,Brian Powell,4,Standard,2023-04-03,2025-04-13,False
5966,Timothy Smith,5,Silver,2023-11-07,,True
5967,Christine Doyle,3,Standard,2024-10-29,,True
5968,Brian Mueller,3,Silver,2024-11-09,,True
5969,Noah Johnston,1,Standard,2024-12-04,,True
5970,Thomas Thomas,2,Standard,2024-04-12,,True
5971,Rebecca Lewis,4,Standard,2023-11-01,,True
5972,Jason Williams,3,Standard,2024-09-12,2025-06-24,False
5973,Michael Friedman,1,Silver,2024-03-12,2025-07-29,False
5974,Tricia Hill,3,Silver,2024-10-23,,True
5975,Aaron Roberson,5,Silver,2024-10-09,2025-01-05,False
5976,Paul Brooks,2,Standard,2023-03-02,,True
5977,William Tucker,5,Standard,2025-01-29,,True
5978,Dominic Gilmore,2,Silver,2025-03-30,,True
5979,Stephanie Williams,4,Gold,2023-03-17,,True
5980,Mr. Paul Ewing,3,Gold,2025-02-10,,True
5981,Chad Soto,5,Standard,2024-03-18,,True
5982,Michael Mcguire,5,Silver,2024-08-14,,True
5983,Kyle Hernandez,1,Standard,2024-03-07,,True
5984,Patrick Schaefer,3,Standard,2023-11-09,2025-12-17,False
5985,Nancy Jackson,5,Gold,2022-07-15,,True
5986,Heather Morris,1,Standard,2022-04-20,,True
5987,Sara Robinson,1,Standard,2025-02-04,,True
5988,Gerald Flores Jr.,3,Standard,2022-11-10,2024-01-15,False
5989,Daniel Lawson,1,Standard,2025-03-12,2025-07-03,False
5990,Debra Goodman,3,Silver,2023-05-23,,True
5991,Paula Johnson,1,Silver,2022-01-04,,True
5992,Melvin English,4,Gold,2023-09-06,,True
5993,Lisa Brown,2,Silver,2024-06-08,,True
5994,Christian Byrd,3,Silver,2023-09-09,,True
5995,Eric Norman,5,Gold,2022-12-20,,True
5996,Jessica Hill,2,Silver,2023-03-09,,True
5997,Dana Norman,1,Standard,2023-11-22,2025-01-14,False
5998,Denise Wallace,4,Standard,2023-03-06,,True
5999,Lauren Johnson,4,Standard,2023-03-24,,True
6000,Nicholas Baker,2,Standard,2022-01-24,,True
