CustomerID,CustomerName,Region,MembershipType,JoinDate,ChurnDate,IsActive
1,Adrienne Zimmerman,North,Silver,2023-12-08,,True
2,Gary Palmer,South,Standard,2022-03-17,2024-02-19,False
3,Miranda Khan,Central,Standard,2022-12-22,2024-12-20,False
4,Jason Davis,East,Standard,2024-01-06,2024-06-30,False
5,Scott Brown,East,Standard,2024-04-20,2024-11-25,False
6,Amy Chandler,East,Gold,2024-04-13,,True
7,Joshua Taylor,North,Standard,2024-10-18,2024-12-04,False
8,Shannon Jones,West,Silver,2022-08-23,,True
9,Annette Pearson,North,Standard,2024-10-28,,True
10,Brandon Molina,South,Silver,2023-11-21,,True
11,Dr. Steven Martin,East,Standard,2022-10-29,2024-10-23,False
12,Timothy Glover,West,Silver,2022-01-03,,True
13,Monica Logan,West,Silver,2022-12-30,,True
14,Daniel Brown,North,Standard,2024-04-24,2025-02-17,False
15,Erik Williams,South,Standard,2024-07-27,,True
16,Kim Brown,East,Silver,2023-09-01,,True
17,Barry Hensley,South,Standard,2023-10-10,2025-09-13,False
18,Laura Riley,North,Standard,2023-05-31,,True
19,Matthew Cunningham,North,Gold,2022-02-20,,True
20,Michael Edwards,South,Silver,2023-02-08,,True
21,Joyce Hickman,North,Standard,2022-12-05,2024-04-05,False
22,Marc Hart,Central,Gold,2025-04-08,,True
23,Katie Anderson,West,Gold,2022-05-08,,True
24,David Mitchell,South,Gold,2023-03-22,,True
25,Elizabeth Riggs,South,Gold,2023-07-14,,True
26,Mary Spencer,South,Gold,2024-10-26,,True
27,Shawn Baker,North,Standard,2025-04-03,,True
28,Brittney Campbell,East,Silver,2025-02-09,,True
29,Sarah Wagner,West,Silver,2022-09-26,2024-09-07,False
30,Mark Calderon,South,Standard,2022-11-17,2025-10-24,False
31,Carlos Whitney,North,Standard,2022-02-26,,True
32,Michael Hoffman,North,Gold,2022-07-26,,True
33,Melissa Hernandez,South,Standard,2022-05-23,,True
34,Juan Jordan,West,Standard,2022-02-15,,True
35,Valerie Williams,South,Standard,2022-02-23,2024-09-23,False
36,Mary Gomez,South,Standard,2023-04-02,,True
37,Valerie Brady,East,Gold,2023-12-16,,True
38,Christopher Marsh,East,Standard,2025-03-27,,True
39,Christopher Middleton,Central,Standard,2022-08-14,,True
40,Michael Moss,Central,Standard,2024-09-25,,True
41,Janet Williams,North,Standard,2022-11-13,2024-04-26,False
42,Thomas Bailey,East,Standard,2023-08-24,,True
43,Courtney Keller,East,Standard,2024-11-13,,True
44,Benjamin Ayala,Central,Standard,2023-05-24,,True
45,Sarah Rivera,East,Standard,2023-03-25,2025-01-06,False
46,Debbie Carpenter,Central,Standard,2022-02-05,,True
47,Kyle Reed,Central,Standard,2025-06-09,,True
48,William Wilson,North,Silver,2024-09-30,,True
49,Andrew Graham,North,Standard,2025-02-21,,True
50,Melissa Bentley,Central,Silver,2023-10-26,,True
51,Travis Mccall,South,Standard,2024-07-29,2024-11-08,False
52,Belinda Mccullough,North,Gold,2024-03-06,,True
53,Erika Terry,East,Silver,2023-10-10,,True
54,Maurice Gray,North,Silver,2023-12-09,,True
55,Keith Sullivan,East,Standard,2024-08-12,,True
56,Richard Lawson,West,Standard,2024-11-29,2025-03-29,False
57,Michael Dixon,East,Silver,2023-02-16,,True
58,Nancy Hopkins,South,Standard,2024-10-09,,True
59,Lisa Davis,West,Silver,2022-12-29,,True
60,Eric Drake,South,Silver,2025-04-29,,True
61,William Carr,East,Standard,2022-07-08,,True
62,Stephen Johnston,North,Standard,2024-09-07,,True
63,James Hernandez,South,Standard,2024-07-05,,True
64,Shannon Mcclure,Central,Silver,2024-05-27,,True
65,Melissa Marshall,East,Standard,2024-09-20,2024-12-31,False
66,Casey Marshall,West,Silver,2023-12-13,2025-10-31,False
67,Emily Fischer,Central,Standard,2023-11-09,,True
68,Jessica Meadows,South,Silver,2023-07-19,2025-08-17,False
69,Joanna Walton,East,Standard,2023-07-23,2024-04-26,False
70,Richard Washington,Central,Standard,2024-12-07,,True
71,Cynthia Rogers,South,Silver,2022-11-02,2024-11-17,False
72,Chris Reyes,South,Silver,2025-02-13,,True
73,Gary Owens,South,Standard,2022-07-14,2024-06-05,False
74,Jean Carrillo,South,Gold,2022-03-21,,True
75,Spencer Johnston,Central,Silver,2025-04-22,,True
76,Elizabeth Price,North,Standard,2023-09-01,,True
77,Morgan Marsh,Central,Standard,2025-02-11,2025-11-07,False
78,Don Tucker MD,West,Standard,2025-02-19,,True
79,Misty Pittman,South,Standard,2024-05-03,,True
80,Ms. Susan Vargas,North,Gold,2025-03-19,,True
81,Jeffrey Camacho,North,Silver,2024-04-25,,True
82,Jesse Rogers,South,Standard,2022-08-20,2024-07-08,False
83,Jennifer Conley,Central,Standard,2025-01-27,2025-05-01,False
84,Amy Crane,Central,Standard,2023-08-24,,True
85,Tyler Williams,North,Standard,2022-10-14,,True
86,Ryan Howell,West,Silver,2022-02-09,,True
87,Brian Gould,Central,Silver,2022-11-01,,True
88,Jacob Obrien,West,Silver,2023-08-17,,True
89,Paula Martin,Central,Standard,2025-05-14,,True
90,Laura Odonnell,Central,Standard,2023-02-01,2025-02-26,False
91,Christina Vargas,South,Silver,2023-04-24,,True
92,Michael Turner,West,Standard,2024-11-25,,True
93,Rebecca Knight,South,Silver,2024-05-23,,True
94,Mary Jones,East,Silver,2022-02-22,,True
95,John Hamilton,Central,Standard,2024-04-06,2024-04-14,False
96,Julia Hernandez,South,Standard,2023-04-08,,True
97,Marie Gilbert,North,Silver,2022-08-13,,True
98,Julie Petersen,South,Standard,2025-03-19,,True
99,Timothy Ramirez,East,Gold,2024-01-26,2024-09-09,False
100,Laura Barnett,North,Standard,2023-07-30,,True
101,Frederick Freeman MD,South,Standard,2023-03-06,,True
102,Sheryl Peters,South,Silver,2022-11-26,2024-07-23,False
103,David Russell,North,Standard,2023-10-22,,True
104,Michael West,East,Standard,2023-12-10,2024-06-24,False
105,David Beck,West,Standard,2022-01-23,2024-08-02,False
106,Hailey Barajas,West,Standard,2023-04-16,,True
107,Jesse Parker,Central,Gold,2023-12-04,,True
108,Emily Newton,North,Gold,2022-10-22,,True
109,Cheryl Rodgers,Central,Standard,2025-04-28,,True
110,Paige Carlson,North,Gold,2022-12-19,,True
111,Elizabeth Ward,East,Silver,2025-06-05,,True
112,Beth Williams,West,Standard,2023-01-21,,True
113,Tony Little,Central,Silver,2022-03-11,,True
114,Adam Mitchell,South,Standard,2024-08-18,,True
115,Vincent King,East,Standard,2023-09-03,,True
116,Austin Vasquez,North,Standard,2025-01-04,,True
117,Brittany Shepherd,West,Silver,2024-01-07,,True
118,David Grant,West,Gold,2025-04-26,,True
119,Patricia James,Central,Standard,2023-06-16,2025-03-11,False
120,Kevin Patterson,West,Silver,2025-03-05,,True
121,Tyler Garcia,North,Standard,2023-12-27,,True
122,Brad Allen,West,Standard,2024-08-31,2025-07-01,False
123,Michael Harrison,West,Standard,2023-12-06,2024-04-24,False
124,Douglas Heath,East,Standard,2022-02-11,,True
125,Dennis Moody,South,Standard,2022-04-01,,True
126,Christina Wilson,East,Silver,2024-01-23,,True
127,Charles Brown,West,Standard,2022-10-14,2024-04-18,False
128,Samantha Morse,West,Standard,2024-10-08,,True
129,James Nelson,North,Standard,2023-07-15,2024-12-08,False
130,Stacy Navarro,Central,Standard,2023-11-21,2024-11-15,False
131,Michael Valencia,East,Standard,2024-02-10,2024-02-27,False
132,Phillip Underwood,North,Silver,2024-01-20,,True
133,Casey Stone,North,Silver,2024-01-06,,True
134,Zachary Graham,South,Standard,2023-07-19,,True
135,Julie Ortiz,North,Silver,2024-11-04,,True
136,Christopher Jenkins,South,Standard,2023-02-14,,True
137,Jennifer Hodges,North,Silver,2023-09-25,,True
138,David Wilson,South,Standard,2022-02-16,,True
139,Samantha Smith,East,Silver,2024-09-12,,True
140,Anthony Stone,South,Silver,2025-01-14,,True
141,Mr. Anthony Adams Jr.,North,Silver,2024-03-05,,True
142,Kari Johnson,South,Gold,2023-01-03,,True
143,Michelle Collins,North,Silver,2024-03-14,,True
144,Danny Skinner,East,Silver,2022-01-18,,True
145,Maria Moore,West,Standard,2022-05-25,,True
146,Michael Perry,South,Standard,2025-04-05,,True
147,Jesus Thomas,South,Standard,2023-09-08,,True
148,Nicole Taylor,East,Gold,2022-09-01,,True
149,Sarah Morgan,Central,Silver,2022-03-31,,True
150,Aaron Barber,Central,Silver,2024-10-02,,True
151,Sharon Griffin,East,Standard,2024-12-04,2025-07-19,False
152,Phillip Bennett,East,Standard,2023-09-11,,True
153,Veronica Allen,East,Standard,2025-04-05,,True
154,Jennifer Flores,West,Silver,2023-05-04,,True
155,William Sparks,North,Standard,2023-08-27,2025-10-28,False
156,Vincent Martinez,East,Silver,2024-04-11,,True
157,Brian Kirk,West,Silver,2025-05-16,,True
158,Alexis Thomas,West,Standard,2022-05-08,,True
159,Angela Harrington,Central,Gold,2025-01-16,,True
160,Jennifer Miller,East,Silver,2022-12-05,,True
161,Tiffany Sims,Central,Silver,2023-02-24,2025-05-07,False
162,Joshua Williamson II,West,Standard,2025-02-06,,True
163,Darren Davis,Central,Standard,2024-05-23,,True
164,Michele Garcia,South,Silver,2025-06-02,,True
165,Frederick Brown,North,Standard,2022-08-01,2024-08-06,False
166,David Jenkins,West,Standard,2023-04-03,,True
167,Christopher Lynch,West,Silver,2024-05-19,,True
168,Kathleen Aguilar,West,Standard,2023-05-04,,True
169,Julia Estrada,West,Gold,2022-10-24,,True
170,Dwayne Payne,South,Standard,2025-02-21,,True
171,Elizabeth Hayden DDS,East,Silver,2022-04-05,2025-11-21,False
172,Zachary Castaneda,East,Standard,2023-08-06,,True
173,Edward Lyons,Central,Silver,2022-05-17,2024-10-05,False
174,Jennifer Smith,East,Silver,2022-01-28,,True
175,Valerie Lozano,Central,Gold,2025-01-08,,True
176,Patricia Hall,North,Standard,2024-08-08,2025-10-06,False
177,Connor King,West,Standard,2024-10-20,,True
178,Melanie Taylor,South,Silver,2024-08-22,,True
179,Amanda Kramer,West,Standard,2022-05-04,,True
180,Carlos Browning,North,Standard,2022-02-12,,True
181,Curtis Buchanan,South,Standard,2023-02-21,,True
182,Jonathan Nelson,South,Standard,2025-01-23,,True
183,Terry Coffey,Central,Standard,2022-07-29,,True
184,Regina Mcdonald,Central,Standard,2023-01-12,,True
185,Courtney Rhodes,West,Gold,2022-04-07,,True
186,Ryan Grant,Central,Standard,2024-05-10,,True
187,Dennis Martinez,West,Standard,2022-04-26,,True
188,Deborah James,East,Standard,2023-04-16,,True
189,Michael Ruiz,South,Standard,2024-03-25,,True
190,Erin Bishop,Central,Gold,2024-03-01,,True
191,Michael Banks,South,Standard,2024-04-06,2025-05-13,False
192,Andrew Ferrell,West,Standard,2022-05-29,,True
193,Joshua Price,Central,Gold,2022-05-29,,True
194,Melissa Fernandez,Central,Silver,2023-04-19,,True
195,Mary Bass,North,Silver,2024-01-20,2025-06-19,False
196,Diana Vaughn,East,Standard,2024-02-25,,True
197,David Cox,South,Standard,2022-10-05,,True
198,Steven Newman,Central,Standard,2025-06-05,,True
199,Walter Rush,North,Gold,2022-03-19,,True
200,Daniel Fowler,Central,Standard,2024-11-17,,True
201,Gavin Zhang,South,Silver,2025-05-24,,True
202,Kristen Willis,West,Standard,2024-10-01,2025-01-02,False
203,Raymond Kramer,North,Silver,2024-11-03,,True
204,William Huerta,West,Standard,2024-01-31,,True
205,Ashley Delacruz,East,Standard,2023-11-21,,True
206,Richard Chapman,North,Standard,2022-06-18,,True
207,Cameron Fisher,West,Standard,2022-01-21,,True
208,Jerome Cox,North,Standard,2022-05-26,,True
209,Daniel Gilbert,North,Silver,2024-01-28,,True
210,Elizabeth Schneider,North,Standard,2024-07-16,2025-11-12,False
211,Dr. Jessica Rodriguez DDS,Central,Gold,2022-02-09,,True
212,Erica Hernandez,North,Gold,2023-07-20,,True
213,Michelle James,North,Silver,2022-06-11,2025-03-31,False
214,Jonathan Jordan,West,Silver,2024-02-02,,True
215,Matthew Rich,Central,Standard,2024-10-08,,True
216,Jessica Beasley,Central,Standard,2023-12-05,,True
217,Jennifer Blair,West,Standard,2023-06-13,,True
218,David Mckay,Central,Gold,2023-02-03,,True
219,Bradley Reynolds,East,Silver,2024-05-26,2025-02-26,False
220,Carlos Brown,North,Silver,2024-08-08,,True
221,Meagan Jenkins,North,Gold,2025-05-05,,True
222,Thomas Williams,South,Silver,2025-01-19,2025-12-10,False
223,Brian Romero,East,Silver,2023-01-03,,True
224,Dr. Gregory Hawkins,South,Standard,2022-07-17,,True
225,Darrell Patterson,Central,Standard,2022-05-27,,True
226,Lisa Leonard,North,Standard,2023-12-17,,True
227,Mary Steele,Central,Standard,2023-12-12,,True
228,Phillip Dorsey,North,Standard,2022-02-06,,True
229,Charles Sandoval,East,Silver,2023-03-24,,True
230,Valerie Davis,West,Standard,2022-03-30,,True
231,Christopher Collins,South,Gold,2023-11-08,2024-10-01,False
232,Linda Ware,Central,Silver,2023-02-18,,True
233,Brad Ramos,South,Standard,2022-07-18,2025-07-04,False
234,Daniel Hunt,Central,Standard,2023-06-26,2025-03-19,False
235,Michael Watkins,South,Gold,2023-03-17,,True
236,Daniel Joyce,South,Standard,2023-11-04,,True
237,Tony Saunders,South,Silver,2022-03-11,,True
238,Bryan Jimenez,Central,Silver,2024-09-02,,True
239,Joseph Hall,Central,Gold,2023-07-04,,True
240,Heather Sanders,West,Standard,2023-12-14,,True
241,Blake Edwards,East,Silver,2024-08-04,2025-03-16,False
242,Mark Roberts,East,Standard,2023-07-02,,True
243,Travis Stevens,West,Standard,2023-06-01,2025-12-06,False
244,Jeffrey Rodriguez,Central,Standard,2024-05-29,,True
245,Seth Reese,West,Silver,2023-07-10,2024-10-19,False
246,Angela Schultz,Central,Standard,2022-10-10,,True
247,Heather Mullen,North,Standard,2023-11-09,2024-05-21,False
248,Brian Scott,Central,Silver,2024-04-03,,True
249,Peter Jones,North,Gold,2022-08-10,,True
250,Julie Elliott,East,Silver,2025-04-28,,True
251,Maria Downs,South,Standard,2024-01-10,2025-05-15,False
252,Emily Gonzales,West,Gold,2023-02-17,,True
253,Leslie Bell,South,Gold,2023-08-22,2025-04-05,False
254,Andrew Wood,West,Silver,2022-04-05,,True
255,Vanessa Davis,West,Gold,2023-01-02,,True
256,Tiffany Stevenson,West,Standard,2024-01-29,2024-10-24,False
257,Chelsea Jacobs,East,Standard,2022-02-22,2025-10-25,False
258,Joanna Shepherd,North,Gold,2023-10-02,,True
259,Mrs. Maria Williams,East,Standard,2024-12-04,,True
260,Lisa Cox,West,Standard,2024-06-21,2025-12-25,False
261,Raymond Shelton,West,Silver,2025-03-17,,True
262,Felicia Rivera,Central,Standard,2022-03-08,,True
263,David York,North,Standard,2023-12-13,,True
264,Brittany Miller,East,Standard,2025-05-15,,True
265,Emily Douglas,West,Gold,2024-04-26,,True
266,Michael Miller,North,Silver,2024-04-24,,True
267,Carl Warner,Central,Standard,2023-12-15,2025-04-14,False
268,Anna Santiago,North,Standard,2025-04-23,2025-12-30,False
269,Eric Bean,East,Silver,2023-10-11,,True
270,Cheryl Cooke,West,Silver,2023-03-13,,True
271,Richard Romero,North,Standard,2022-07-17,,True
272,Kelsey Stanley,Central,Standard,2023-11-20,,True
273,Linda Moore,East,Standard,2025-01-23,,True
274,Lori Orr,West,Standard,2022-08-19,,True
275,Nathan Montes,Central,Silver,2024-07-09,2024-08-01,False
276,Cynthia Allen,South,Standard,2024-02-19,2025-07-15,False
277,Stephanie Lee,North,Silver,2025-05-17,,True
278,Jessica Hammond,North,Standard,2024-05-15,,True
279,Christopher Gonzalez,North,Standard,2024-09-19,2025-05-12,False
280,Amy Castillo,North,Silver,2024-02-11,,True
281,Kelli Martinez,South,Standard,2023-04-19,2025-11-13,False
282,Jerry Palmer,East,Standard,2022-04-18,,True
283,Ruth Wilkerson,East,Standard,2024-11-26,2025-01-01,False
284,James Hughes,West,Gold,2025-04-02,2025-07-24,False
285,Fernando Garcia,South,Standard,2022-04-15,,True
286,Andrew Lowery,South,Standard,2024-06-30,2024-12-31,False
287,Olivia Harrison,Central,Standard,2023-08-26,,True
288,Alicia Lewis,South,Gold,2024-02-25,,True
289,Jenny Parsons,East,Silver,2022-07-10,2025-11-17,False
290,David Fowler,West,Standard,2022-10-31,,True
291,Russell Porter,Central,Standard,2024-03-05,,True
292,Laura Higgins,North,Standard,2023-11-16,,True
293,Harry Duncan,East,Silver,2023-01-07,,True
294,Kelly Ward,Central,Gold,2022-08-28,,True
295,Rachel Romero,West,Gold,2025-05-01,,True
296,James Brooks,West,Standard,2022-01-26,2025-09-29,False
297,Austin Allen,East,Standard,2024-08-11,,True
298,Kevin Sherman,Central,Standard,2024-04-18,,True
299,Marvin Greer,East,Gold,2022-06-20,2024-09-14,False
300,Clarence Taylor,South,Silver,2024-05-23,2025-12-19,False
301,Dakota Moody,South,Gold,2024-07-02,2025-11-30,False
302,James Ochoa,West,Standard,2025-02-04,2025-05-19,False
303,Matthew Mitchell,West,Silver,2023-08-28,,True
304,Matthew Nelson,West,Standard,2025-01-05,,True
305,James Gonzales,South,Standard,2024-10-16,,True
306,Cody Holt,North,Standard,2025-05-05,,True
307,Debra Miller,Central,Standard,2023-04-14,,True
308,Zachary White,North,Gold,2023-06-26,,True
309,Garrett Phillips,West,Standard,2023-01-10,,True
310,Carol Wallace,West,Standard,2023-07-23,,True
311,Susan Mendez,South,Standard,2023-07-25,,True
312,Amy Lambert,South,Standard,2023-07-09,2025-04-11,False
313,Nicole Moore,East,Standard,2023-06-03,,True
314,Megan Kim,West,Silver,2022-02-09,,True
315,Matthew Cox,East,Gold,2022-06-11,,True
316,Christian Cole,Central,Standard,2025-04-26,,True
317,Billy Taylor,East,Silver,2023-04-19,,True
318,Donald Horne,West,Gold,2023-04-14,,True
319,Joseph Mcintyre,North,Silver,2022-02-03,,True
320,Cindy Carr,South,Silver,2022-05-31,2025-07-19,False
321,Mrs. Brandy Jones MD,East,Gold,2024-06-04,,True
322,Rita Ponce DVM,North,Standard,2024-06-29,,True
323,Krista Roberts,North,Silver,2024-05-02,,True
324,Michael Graves,North,Standard,2023-01-18,,True
325,Danny Galloway,East,Gold,2022-08-11,,True
326,Isaac Armstrong MD,North,Standard,2024-10-07,2025-01-21,False
327,Stephen Jones,North,Standard,2025-06-08,,True
328,Karen Jenkins,East,Standard,2023-05-24,,True
329,Beth Stewart,South,Standard,2023-06-07,,True
330,Joseph Anderson,Central,Silver,2022-04-05,,True
331,Patricia Anderson,South,Standard,2024-11-23,2025-07-03,False
332,Sandra Holmes,North,Silver,2023-10-04,,True
333,Timothy Perez,West,Silver,2023-01-24,,True
334,Diane Miller,South,Standard,2025-04-23,,True
335,Mario Mendez,Central,Standard,2022-09-08,2025-11-29,False
336,Leslie Carpenter,West,Silver,2022-04-30,,True
337,Gail Bradshaw,West,Standard,2022-08-07,2025-03-31,False
338,Angela Fry,North,Gold,2022-02-22,,True
339,Kenneth Montgomery,West,Gold,2024-09-10,2025-01-14,False
340,Kimberly May,Central,Standard,2022-02-08,,True
341,Robert Sullivan,West,Gold,2023-01-21,,True
342,Brooke Perry,Central,Standard,2023-08-02,,True
343,Charles Hensley,West,Silver,2023-08-16,,True
344,Haley Ross PhD,West,Silver,2023-02-12,,True
345,Bryan Cole,South,Gold,2023-10-20,2024-03-18,False
346,Sharon Barnes,West,Standard,2022-06-29,2024-02-06,False
347,Taylor Griffith,West,Silver,2025-05-13,2025-12-08,False
348,Zachary Owens,Central,Standard,2022-08-31,,True
349,Brandon Long MD,East,Standard,2025-01-26,,True
350,Amber Campbell,West,Standard,2022-11-04,,True
351,Megan Mitchell,Central,Gold,2024-02-02,,True
352,Cesar Baker,North,Gold,2022-01-11,,True
353,Andrew Williams,West,Silver,2023-04-12,,True
354,Dylan Hughes,East,Silver,2023-12-18,,True
355,Samantha Hanson,South,Silver,2023-07-29,,True
356,Brent Brooks,East,Standard,2024-02-19,,True
357,Holly Thomas,South,Silver,2025-06-13,,True
358,Andrew Reeves,South,Silver,2024-02-08,2024-11-11,False
359,Steven Taylor,North,Standard,2024-10-22,2025-06-04,False
360,James Jensen,West,Standard,2025-04-03,,True
361,Katrina Burns,East,Silver,2024-12-11,2025-07-27,False
362,Alan Rivera,North,Gold,2023-12-20,,True
363,Eric Roach,East,Silver,2022-05-20,,True
364,Linda Baker,South,Standard,2025-01-17,,True
365,Laura Perez,Central,Gold,2024-04-16,,True
366,Mr. Nathan Hampton,East,Standard,2022-03-07,,True
367,Dana Armstrong,East,Silver,2023-05-01,,True
368,Jeremy Barnes,East,Gold,2024-06-12,,True
369,Jonathan Carr,West,Gold,2023-06-11,,True
370,Monica Thornton,East,Silver,2023-08-25,,True
371,Yolanda Mendoza,East,Silver,2023-10-24,,True
372,Julia Patel,West,Gold,2023-04-26,,True
373,Sharon Becker,South,Silver,2023-11-29,,True
374,Dr. Douglas Evans,South,Gold,2024-10-22,2025-02-13,False
375,Michele Vaughn,West,Gold,2025-04-16,2025-12-26,False
376,Justin Michael,Central,Standard,2023-09-16,,True
377,Kenneth Daniels,West,Standard,2024-07-09,,True
378,Raymond Thomas,Central,Standard,2025-02-16,2025-06-21,False
379,Angela Bradshaw,East,Silver,2022-02-23,,True
380,Cindy Clayton,East,Silver,2024-04-17,,True
381,Denise Rodriguez,East,Standard,2022-12-12,,True
382,Anthony Stein,South,Standard,2024-08-03,,True
383,Gary Kennedy,Central,Gold,2022-10-15,2024-06-18,False
384,Vanessa Moore,Central,Standard,2024-05-19,2024-08-08,False
385,Karen Santos,Central,Standard,2024-04-13,,True
386,Dustin Brown,North,Silver,2024-08-22,,True
387,Crystal Rodgers,West,Gold,2024-09-07,,True
388,Thomas Butler,East,Silver,2024-12-21,,True
389,Amanda Huff,North,Standard,2024-12-04,,True
390,Paul Brennan,North,Standard,2024-10-02,,True
391,Edwin Morrison,West,Standard,2023-01-05,,True
392,Jesse Davidson,South,Gold,2025-03-30,,True
393,Jonathan Nelson,South,Standard,2023-11-01,2025-10-11,False
394,Nicholas Wong,East,Silver,2024-10-29,,True
395,George Phillips,Central,Standard,2024-07-05,,True
396,Margaret Sullivan,South,Gold,2024-05-10,2024-09-02,False
397,James Davis,North,Silver,2023-06-30,,True
398,Adriana Reyes,Central,Standard,2025-06-06,2025-09-13,False
399,Gary Aguilar,East,Standard,2023-07-25,,True
400,Ian Young,East,Standard,2024-01-01,,True
401,Christopher Parks,West,Gold,2024-05-02,,True
402,Patricia Vaughn,East,Standard,2025-03-23,,True
403,Holly Walker,East,Standard,2024-03-25,,True
404,Jesse Zhang,East,Standard,2025-05-06,,True
405,Susan Todd,East,Standard,2023-04-22,,True
406,Pamela Becker,North,Gold,2024-10-20,,True
407,Kelly Rice,West,Standard,2024-01-31,,True
408,Ashley Poole,South,Silver,2023-04-07,,True
409,Joshua Martin,Central,Gold,2025-02-26,,True
410,Michael Love,North,Silver,2024-12-26,,True
411,Anthony Anderson,South,Gold,2023-09-16,2025-10-18,False
412,Kristin Chambers,Central,Standard,2023-06-15,,True
413,David Smith,Central,Standard,2023-01-29,,True
414,Michael Weaver,South,Silver,2022-10-06,2024-02-23,False
415,Victoria Kennedy,South,Standard,2022-03-18,,True
416,Chad May,South,Silver,2023-01-02,,True
417,Steven West,Central,Standard,2024-07-19,2025-12-11,False
418,Bobby Brandt,South,Gold,2025-03-16,,True
419,Scott Wilson,Central,Standard,2025-01-20,,True
420,William Davenport,South,Standard,2025-06-20,2025-09-04,False
421,Julie Ball,North,Standard,2024-08-22,,True
422,David Murray,East,Silver,2023-06-26,,True
423,Shaun Cannon,South,Silver,2022-07-17,,True
424,Lisa Mayer,North,Standard,2022-02-11,,True
425,Austin Wheeler,North,Standard,2025-02-08,,True
426,Shelby Sanchez,West,Standard,2023-07-24,,True
427,Joshua Webster,North,Standard,2022-02-26,,True
428,Wyatt Young,East,Standard,2024-09-17,,True
429,Laura Barton,North,Standard,2025-03-15,,True
430,Shawn Odom,South,Gold,2024-11-10,,True
431,Justin Vargas,North,Silver,2023-10-28,2024-10-28,False
432,Michael Peters,Central,Standard,2024-07-27,,True
433,Mason James,North,Standard,2022-03-01,,True
434,Elijah White,West,Silver,2023-11-01,2025-05-23,False
435,Scott Thomas,West,Silver,2023-11-18,2024-06-24,False
436,Jason Butler,West,Silver,2023-08-14,,True
437,David Rivera,West,Standard,2023-11-08,,True
438,Jacob Nichols,North,Standard,2022-04-11,,True
439,Larry Williams,South,Standard,2024-11-24,2024-12-14,False
440,Laurie Powers,East,Silver,2022-04-03,,True
441,Terry Turner,Central,Standard,2022-10-04,,True
442,Colton Figueroa,East,Standard,2025-03-05,,True
443,Suzanne Dominguez,Central,Standard,2024-08-11,,True
444,David Morris,West,Standard,2024-06-17,,True
445,Matthew Parker,West,Standard,2022-12-28,,True
446,Julie Lang,North,Gold,2023-04-04,,True
447,Erica Harris,Central,Silver,2024-07-10,,True
448,Natalie Smith,South,Standard,2023-02-04,2024-02-03,False
449,Michelle Phillips,South,Standard,2023-12-08,,True
450,Danielle Pierce,West,Standard,2022-09-08,2024-06-16,False
451,Phillip Burns,North,Standard,2025-04-18,,True
452,Julia Oconnor,East,Silver,2024-07-12,,True
453,Joshua White,East,Gold,2023-03-26,,True
454,Tina Warren DVM,West,Standard,2025-02-08,,True
455,Amber Smith,North,Standard,2022-04-05,,True
456,Andrea Hernandez,North,Silver,2022-06-25,,True
457,Antonio Little,East,Silver,2022-10-07,,True
458,Mary Smith,Central,Standard,2025-04-06,,True
459,Alan Bowen,Central,Silver,2023-11-11,,True
460,Jonathan Wolfe,North,Standard,2023-11-15,,True
461,Cassie Hull,West,Gold,2023-07-04,,True
462,Manuel King,North,Gold,2023-11-01,,True
463,Angela Chung,Central,Standard,2023-03-29,,True
464,Michael Evans,North,Silver,2023-08-09,,True
465,William Santos,South,Standard,2024-11-22,,True
466,James Alvarez,West,Standard,2022-02-10,,True
467,Angela Bruce,North,Standard,2024-03-23,,True
468,Valerie Jacobson,Central,Standard,2024-04-02,2024-10-30,False
469,Steven Schwartz,East,Silver,2025-03-18,,True
470,Thomas Cohen,West,Silver,2023-12-25,,True
471,Mary White,Central,Silver,2022-12-24,,True
472,Daniel Thomas,Central,Standard,2024-12-21,,True
473,Elizabeth Elliott,East,Standard,2024-11-13,2025-10-18,False
474,Kimberly Reyes,East,Silver,2023-12-25,2025-09-12,False
475,Melissa Miller,East,Gold,2024-08-01,,True
476,Brent Hall,East,Standard,2024-08-09,,True
477,Lisa Larson,South,Silver,2022-04-07,,True
478,Mark Bowers,West,Standard,2025-05-21,,True
479,Juan Bennett,North,Standard,2023-07-29,,True
480,Jamie Barton,Central,Standard,2022-08-26,,True
481,Benjamin Adams,West,Standard,2023-01-12,,True
482,James Ward,South,Standard,2023-04-30,2025-07-26,False
483,Jill Juarez,East,Silver,2022-04-27,,True
484,Jeffrey Hawkins,Central,Silver,2022-05-11,,True
485,Brandon Spencer,North,Standard,2023-10-16,,True
486,Sharon Smith,Central,Standard,2024-02-01,,True
487,Misty Hansen,North,Standard,2023-06-13,,True
488,Melissa Jackson,West,Standard,2025-06-20,2025-08-06,False
489,Charles Jackson,West,Standard,2022-12-10,,True
490,Richard Ward,South,Silver,2022-12-19,,True
491,Kathleen Jensen,North,Standard,2025-04-19,,True
492,Adam Foster,North,Standard,2023-08-08,,True
493,Scott Alexander,Central,Standard,2024-12-09,,True
494,Marilyn Wheeler,East,Standard,2023-07-04,,True
495,Melissa Mendoza,West,Gold,2023-01-19,,True
496,Nicholas Chen,North,Standard,2022-08-15,2024-10-17,False
497,Erika Ramirez,East,Gold,2025-05-19,,True
498,Christina Osborn,South,Silver,2024-09-29,2025-03-15,False
499,Alyssa Acosta,East,Standard,2022-08-18,,True
500,Robert Guerra,North,Standard,2025-04-18,,True
501,Megan Taylor,West,Standard,2022-03-30,2025-09-10,False
502,Christian Henderson,West,Standard,2023-01-22,,True
503,Kyle Aguilar,South,Standard,2023-04-27,,True
504,Sheila Barnes,East,Standard,2023-11-13,,True
505,Meredith Burnett,North,Standard,2022-02-16,,True
506,Ashley Wright,West,Gold,2024-01-28,,True
507,Lonnie Hart,East,Silver,2024-04-28,,True
508,Tracy Rivera,Central,Standard,2024-04-03,,True
509,Brett Walker,West,Standard,2024-10-12,,True
510,Connie Brooks,West,Standard,2024-08-10,2025-05-20,False
511,Melissa Hernandez,East,Standard,2023-08-14,,True
512,Mr. Thomas Miller,Central,Standard,2025-06-27,,True
513,Hannah Cooper,East,Standard,2024-11-26,,True
514,Hannah Davis,North,Standard,2024-09-27,,True
515,Austin Williams,Central,Standard,2024-07-10,,True
516,Greg Rodriguez,North,Standard,2024-06-25,,True
517,Kelli Arnold,East,Silver,2024-10-17,2025-11-30,False
518,Joel Salinas,South,Standard,2023-02-27,,True
519,Jennifer Mclaughlin,South,Standard,2024-03-14,2024-07-14,False
520,Aaron Lewis,North,Standard,2025-01-31,2025-06-30,False
521,Rebecca Ray,South,Gold,2022-12-22,,True
522,Holly Gonzalez,East,Standard,2024-10-17,,True
523,Katherine Church,South,Standard,2022-05-26,,True
524,James Wilson,South,Standard,2023-02-04,,True
525,Christopher Nunez,South,Silver,2023-03-26,,True
526,Leslie Powers,North,Standard,2024-10-18,,True
527,James Thomas,West,Standard,2023-02-04,2024-06-23,False
528,Laura Henderson,Central,Silver,2023-05-11,,True
529,Tamara Arias,West,Silver,2023-09-13,,True
530,Dylan Lopez,Central,Silver,2022-08-10,,True
531,Sharon Crane,Central,Standard,2024-12-10,,True
532,James Hoffman,East,Standard,2023-09-11,,True
533,Michael Wallace Jr.,North,Standard,2024-04-13,2024-12-25,False
534,Connie Johnson,East,Silver,2023-12-23,,True
535,Richard Cunningham,Central,Standard,2022-10-14,,True
536,Laura Adams,Central,Standard,2024-09-12,2025-05-05,False
537,Kimberly Sherman PhD,West,Standard,2023-11-25,,True
538,Jeffery Fitzgerald,North,Standard,2023-07-18,,True
539,Shaun Johnson,East,Standard,2024-04-14,,True
540,Angie Grimes,North,Silver,2022-12-02,,True
541,Christine Rojas,Central,Standard,2022-05-30,,True
542,Lisa Patterson,Central,Silver,2024-05-29,,True
543,Robin Trujillo,North,Standard,2024-02-26,,True
544,Linda Jackson,Central,Silver,2023-12-29,,True
545,Kenneth Farley,East,Silver,2025-06-03,,True
546,Robin Taylor,Central,Standard,2023-10-19,,True
547,Anthony Ramirez,North,Standard,2024-08-15,,True
548,Brandi Thomas,East,Gold,2024-04-16,,True
549,Ryan Long,North,Standard,2023-02-15,,True
550,Lori Brooks,South,Standard,2022-07-01,,True
551,Patricia Powell,West,Gold,2022-04-07,,True
552,Sherry Gibson,Central,Standard,2024-08-14,,True
553,Sheila Boone,South,Standard,2023-09-15,,True
554,Madison Terry,East,Standard,2022-04-29,,True
555,Jennifer Donaldson,East,Silver,2024-12-20,,True
556,Frank Campbell MD,North,Silver,2024-11-18,,True
557,Stephanie Farmer,East,Standard,2022-06-16,2025-09-14,False
558,Sara Smith,North,Silver,2022-02-28,,True
559,Jesus Braun,West,Standard,2025-03-31,,True
560,Sonia Turner,Central,Gold,2023-06-30,2025-12-27,False
561,Anna Ward,East,Standard,2025-01-20,,True
562,Amber Garrett,South,Gold,2022-04-16,2025-04-30,False
563,Jessica Davis,East,Gold,2024-07-15,,True
564,Blake Wheeler,West,Standard,2022-05-02,,True
565,Greg Martinez,North,Standard,2023-10-25,2024-11-20,False
566,Karen Perez,West,Silver,2025-01-02,,True
567,Ashley Richardson,East,Silver,2022-04-24,,True
568,Robert Baxter,Central,Standard,2023-01-17,,True
569,Justin Bishop,West,Standard,2024-03-29,2025-06-06,False
570,Daniel Goodman,North,Standard,2022-07-29,,True
571,Jessica Robinson,South,Gold,2025-03-19,,True
572,Bryce Blair,East,Gold,2025-02-18,,True
573,Richard Wright,West,Standard,2023-03-25,,True
574,Michelle Mitchell,South,Standard,2024-04-02,2024-09-07,False
575,Ryan Liu,East,Silver,2025-04-16,,True
576,Chelsea Myers,North,Standard,2022-09-20,,True
577,Rebecca Allen,Central,Silver,2024-04-04,,True
578,Andrea Oneal,Central,Standard,2023-05-08,2024-06-24,False
579,Eugene Hughes,East,Gold,2022-01-16,,True
580,Joshua Thompson,Central,Standard,2024-12-06,,True
581,Mrs. Laurie Smith,West,Standard,2023-08-25,,True
582,Tiffany Sanders,South,Silver,2022-10-03,,True
583,Pamela Henderson,Central,Silver,2023-01-01,,True
584,Kimberly Hernandez,South,Silver,2023-05-29,,True
585,Valerie Moore,North,Standard,2022-04-17,2024-02-27,False
586,Pamela Santos,South,Gold,2023-02-21,,True
587,Jeffrey Ashley,Central,Standard,2024-03-31,,True
588,Audrey Salazar,West,Standard,2022-11-01,2024-06-27,False
589,Mary Thompson,South,Standard,2022-03-12,,True
590,Adam Crawford,West,Gold,2022-01-17,,True
591,Deanna Watson,South,Standard,2023-03-19,2025-01-12,False
592,Morgan Wilson,Central,Gold,2024-08-14,,True
593,Jeffrey Warren,West,Silver,2025-02-22,,True
594,Lori Crawford,West,Standard,2022-12-02,,True
595,Carol Moore,West,Gold,2023-10-14,2024-02-10,False
596,Megan Wilson,South,Silver,2024-09-13,,True
597,Scott Smith,South,Gold,2024-08-03,,True
598,Thomas White,North,Silver,2022-02-28,,True
599,Robert Klein,East,Silver,2025-05-10,,True
600,Thomas Flores,North,Silver,2024-04-16,2024-09-03,False
601,Barbara Nunez,Central,Gold,2024-11-19,,True
602,Amber Morales,East,Standard,2022-03-09,2024-06-11,False
603,Emily Miller,South,Standard,2025-01-24,2025-11-15,False
604,Eddie Mueller,Central,Standard,2023-08-06,,True
605,Jacob Bonilla,West,Standard,2024-08-01,,True
606,Morgan Payne,South,Silver,2025-06-27,,True
607,Timothy Johnson,East,Gold,2024-10-12,,True
608,Melissa Smith,West,Standard,2023-11-23,,True
609,Jamie Rojas,Central,Standard,2023-03-04,,True
610,William Barnes,West,Gold,2023-01-28,,True
611,Brenda Ramirez,East,Standard,2025-05-11,,True
612,Ryan Gutierrez,East,Gold,2022-02-26,,True
613,Paul Carpenter,East,Silver,2025-02-16,,True
614,Jennifer Vargas,South,Standard,2023-10-07,,True
615,Bianca Carter,West,Silver,2022-03-21,,True
616,Ronnie Nguyen,South,Silver,2024-12-21,2025-12-03,False
617,Brandy Carrillo,West,Standard,2023-08-01,2024-06-19,False
618,Jerry Edwards,North,Gold,2022-05-20,,True
619,Randy Hayes,North,Standard,2022-06-04,,True
620,Robert Torres,South,Standard,2023-08-15,2025-09-14,False
621,Cindy Gates,Central,Standard,2024-06-18,,True
622,Jennifer Williams,North,Silver,2022-07-09,2025-06-03,False
623,Carrie Crane,South,Standard,2023-01-17,,True
624,Krista Davis,North,Standard,2024-12-26,,True
625,Barbara Brown,Central,Standard,2022-05-11,,True
626,Craig Morales,North,Silver,2024-09-23,,True
627,Angela Willis,West,Silver,2024-05-25,,True
628,Zachary Gonzalez,North,Silver,2025-03-16,,True
629,Anna Boone,Central,Standard,2024-04-04,,True
630,Tom Williams,South,Standard,2024-10-29,,True
631,Nathaniel Crawford,North,Silver,2025-03-25,,True
632,Terry Hill,South,Silver,2023-05-04,2024-11-07,False
633,Lisa Holland,South,Silver,2023-07-24,2024-04-18,False
634,Brandon Reyes,North,Standard,2023-09-29,2025-10-06,False
635,Rebecca Wright,East,Standard,2023-06-19,,True
636,Alicia Reyes,Central,Standard,2025-06-22,,True
637,Richard Cooper,Central,Silver,2024-06-29,,True
638,Devin Johnson,West,Gold,2023-12-23,,True
639,Robert Campbell,North,Silver,2024-02-01,,True
640,Kevin Hall,East,Standard,2024-10-28,2025-05-18,False
641,David Ferguson,North,Standard,2022-07-23,,True
642,Pamela Gould,North,Standard,2024-10-06,,True
643,Mrs. Taylor Frey,North,Silver,2024-01-05,,True
644,Evan Rojas,East,Standard,2022-08-10,,True
645,Michele Bell,East,Standard,2023-04-03,,True
646,Travis Copeland,South,Silver,2023-12-26,,True
647,Casey Johnson,West,Gold,2024-10-31,2025-12-18,False
648,John Rivera,West,Silver,2022-03-13,2025-03-15,False
649,Gina Thompson,South,Standard,2024-02-23,,True
650,Amy Hernandez,West,Standard,2024-10-20,,True
651,Brian Fox,South,Standard,2024-06-18,,True
652,Michael Bates,South,Gold,2023-04-11,,True
653,William Oconnor,East,Gold,2024-01-18,2024-09-13,False
654,Mr. Michael Hoffman,Central,Standard,2023-07-12,2025-04-11,False
655,Heather Wade,Central,Standard,2025-02-09,,True
656,Nicholas Phillips,North,Silver,2024-11-05,,True
657,Laura Rosales,South,Standard,2022-08-15,2024-01-02,False
658,Catherine Flores,North,Gold,2024-09-10,,True
659,Ashley Crawford,East,Standard,2024-10-29,2025-07-17,False
660,Gregory Flores,East,Standard,2023-02-27,,True
661,Samantha Santiago,West,Silver,2024-03-22,,True
662,Adam Clark,West,Standard,2024-07-19,,True
663,Richard Le,South,Standard,2024-06-03,,True
664,Jason Jackson,West,Standard,2022-03-03,,True
665,James Poole,Central,Standard,2023-06-13,2025-10-05,False
666,Courtney Hayes,North,Silver,2024-10-03,2025-06-22,False
667,Alejandro Green,North,Standard,2024-10-16,,True
668,Stephen Martin,South,Standard,2022-05-14,,True
669,Vanessa Morgan,East,Standard,2022-04-06,,True
670,Michele Reynolds,East,Silver,2025-06-11,,True
671,Jessica Brown,East,Standard,2024-04-14,,True
672,Jennifer Spencer,West,Standard,2023-02-27,,True
673,Mary Evans,West,Standard,2025-03-27,,True
674,Katherine Brown,North,Silver,2022-05-03,2024-10-13,False
675,Rodney Weber,East,Silver,2022-01-05,,True
676,Mark Rowland,West,Standard,2023-09-05,2024-03-11,False
677,Richard Ruiz,North,Standard,2023-08-28,,True
678,Martin Hughes,West,Standard,2025-02-15,,True
679,Andrew Gonzales,South,Gold,2023-04-19,2024-10-05,False
680,Kristy Hernandez,South,Silver,2022-12-03,,True
681,Michael Morton,West,Standard,2024-06-07,,True
682,Crystal Brown,North,Standard,2023-06-13,,True
683,Tracie Mcdaniel,East,Standard,2023-05-09,,True
684,Edwin Foster,Central,Standard,2025-04-09,2025-09-08,False
685,Kenneth Black,South,Silver,2024-12-25,,True
686,Mrs. Tiffany Cole,East,Standard,2023-12-31,,True
687,Corey Williams,North,Silver,2025-04-26,2025-06-06,False
688,Christina Carson,Central,Standard,2022-04-10,,True
689,Nicholas Aguirre,East,Silver,2022-07-08,2025-03-10,False
690,Shannon Stone,South,Gold,2022-04-22,2025-02-10,False
691,Michael Matthews,North,Silver,2025-03-16,,True
692,Keith Aguilar,West,Standard,2024-09-24,2024-11-15,False
693,Brian Chan,Central,Standard,2025-05-16,,True
694,Sheryl Humphrey,East,Silver,2024-09-29,,True
695,Laura Kennedy,South,Gold,2022-12-04,,True
696,Luke Becker,East,Silver,2022-08-08,,True
697,Melissa Williams,West,Standard,2023-05-28,2024-10-15,False
698,George Leon,South,Gold,2023-08-30,2024-07-15,False
699,Shannon Cohen,West,Standard,2023-02-01,,True
700,Eric Manning,West,Gold,2025-05-25,,True
701,Lisa Davis,East,Silver,2024-09-14,2025-02-12,False
702,Jennifer Washington,North,Standard,2023-07-18,,True
703,Rick Jones,East,Gold,2023-10-22,2024-09-29,False
704,Richard Warren,South,Silver,2024-06-24,,True
705,Shaun Gonzalez,South,Silver,2023-12-27,,True
706,Anthony Ward,Central,Standard,2022-03-15,,True
707,John Sanders,South,Silver,2022-09-12,,True
708,Dana Burns,South,Silver,2025-03-23,,True
709,Karen Arnold,North,Standard,2023-07-24,,True
710,Deanna Rivas,Central,Standard,2023-03-16,,True
711,Scott Chan,Central,Standard,2022-04-26,2024-01-21,False
712,Danny Clark,North,Standard,2022-10-01,,True
713,Sharon Coffey,West,Gold,2024-04-11,,True
714,Carlos Thompson,West,Standard,2024-05-20,,True
715,Lee Hahn,West,Silver,2024-10-18,,True
716,Desiree Woodard,North,Standard,2024-06-28,,True
717,Daniel Turner,East,Silver,2024-12-22,,True
718,Lauren Smith,West,Standard,2023-10-27,,True
719,Kristina Wheeler,Central,Standard,2025-06-29,2025-12-24,False
720,Mr. Donald Nguyen,Central,Silver,2022-12-27,2025-05-14,False
721,Tiffany Curtis,South,Silver,2022-12-20,,True
722,Anthony Mathews,South,Standard,2022-08-29,2025-01-12,False
723,Francisco Taylor,North,Silver,2024-10-30,,True
724,Edward Meadows MD,Central,Standard,2022-02-02,,True
725,Wendy Cabrera,South,Standard,2024-07-29,,True
726,Melissa Little,South,Standard,2023-03-14,,True
727,Heather Evans,Central,Gold,2023-08-31,,True
728,Kristin Carter,North,Standard,2022-08-05,,True
729,Molly Hansen,Central,Standard,2023-08-24,,True
730,Stephanie Pena,East,Silver,2025-03-10,,True
731,Seth Fisher,North,Standard,2022-10-11,,True
732,Kevin Ford,South,Silver,2025-02-05,,True
733,Mark Carpenter,Central,Standard,2022-05-31,,True
734,Cory Wilson,Central,Silver,2024-03-02,,True
735,Jennifer Pitts,Central,Standard,2024-05-18,,True
736,Grace Benitez DVM,Central,Standard,2022-07-12,,True
737,Catherine Miller,North,Standard,2025-06-12,2025-07-10,False
738,Mrs. Amy Hayes,Central,Standard,2023-03-01,,True
739,Brooke Glover,South,Silver,2022-09-25,2025-07-18,False
740,Jeffrey Patterson,West,Silver,2024-09-21,2024-11-20,False
741,Joseph Cross,North,Standard,2023-09-02,,True
742,Nicole Schmidt,Central,Standard,2025-04-27,,True
743,Nicholas Perez,East,Standard,2022-01-23,,True
744,Brian Gordon,West,Standard,2025-01-24,,True
745,Angel Fry,North,Silver,2023-01-26,,True
746,Kelly Hamilton,South,Standard,2023-08-05,,True
747,Zachary Henry,West,Standard,2024-05-26,,True
748,Terry Burnett,East,Silver,2024-08-15,,True
749,William Clark,East,Gold,2022-01-25,,True
750,Michael Conner,East,Silver,2022-01-28,2025-01-03,False
751,Patricia Dean,East,Gold,2023-04-24,,True
752,Brian Huff,South,Silver,2024-01-28,,True
753,Jeremy Martinez,Central,Silver,2022-03-03,,True
754,Christine Jennings,East,Standard,2022-11-19,,True
755,Brian Meyer,North,Standard,2022-01-12,,True
756,Jennifer Roach,South,Standard,2024-03-05,,True
757,Diane Glover,North,Standard,2023-10-15,,True
758,Paula Decker,West,Gold,2023-09-28,,True
759,Jason Martin,West,Standard,2025-05-26,,True
760,Melissa Castillo,South,Silver,2023-12-01,,True
761,Brandon Rodriguez,Central,Silver,2022-10-27,,True
762,Penny Jones,South,Silver,2024-01-03,2024-12-27,False
763,Maria Bryant,West,Gold,2024-07-12,,True
764,Anthony Li,West,Standard,2025-06-01,,True
765,Heather Rhodes,East,Standard,2025-01-20,,True
766,Stefanie Smith,North,Gold,2023-06-28,2024-03-25,False
767,Erin Kline,Central,Standard,2022-06-26,,True
768,Nicholas Watson,South,Standard,2025-05-03,,True
769,Jesus Houston,East,Standard,2023-03-14,2024-03-24,False
770,Javier Mercado,East,Standard,2024-05-30,,True
771,Nicholas Jarvis,West,Standard,2022-08-01,,True
772,Thomas Webb,North,Silver,2024-12-13,,True
773,Logan Maxwell,West,Standard,2023-12-27,,True
774,Sheryl Acosta,East,Silver,2024-02-20,,True
775,Mr. Stephen Alexander,West,Standard,2025-02-11,,True
776,Alexandria Oneill,West,Standard,2022-03-22,,True
777,Misty Walker,Central,Standard,2023-11-01,,True
778,Kelly Watts,Central,Standard,2025-05-04,,True
779,Nicholas Olson,West,Standard,2024-02-28,,True
780,Brittany Serrano,Central,Standard,2024-04-26,,True
781,Alexandra Michael,Central,Silver,2025-02-12,,True
782,Jon Martin,North,Standard,2023-10-08,,True
783,Gary Ramirez,North,Standard,2024-08-16,,True
784,Jamie Montoya,East,Silver,2023-10-09,,True
785,Kenneth Miller,East,Silver,2022-04-11,,True
786,William Mcgee,South,Silver,2023-09-29,,True
787,Andrew Dunn,West,Standard,2022-01-23,,True
788,Marcia Wu,North,Standard,2024-11-19,2025-10-07,False
789,Joy Peterson,East,Silver,2023-12-19,,True
790,Sarah Rivera,Central,Standard,2024-11-19,,True
791,Michelle Cox,Central,Gold,2024-09-06,,True
792,April Kelly,South,Standard,2023-08-01,2024-03-12,False
793,Jacqueline Rodriguez,Central,Standard,2024-03-19,2025-08-22,False
794,Rodney Newton MD,West,Gold,2025-02-18,,True
795,Bryan Phelps,East,Silver,2022-11-21,,True
796,Cheryl Morgan,Central,Silver,2022-10-03,,True
797,Mark Powers,Central,Standard,2024-08-24,,True
798,Judith Lawrence,Central,Standard,2022-06-07,,True
799,April Fitzgerald,North,Standard,2023-10-06,,True
800,Kevin Glass,North,Gold,2023-12-07,,True
801,Carrie Ochoa,Central,Standard,2024-09-23,2025-11-19,False
802,Lisa Morris,North,Silver,2022-05-13,,True
803,Melissa Wright,East,Gold,2025-01-29,2025-06-18,False
804,Edward Ballard,Central,Silver,2023-05-23,,True
805,Stacey Hunt,North,Silver,2022-06-26,,True
806,Emily Doyle,South,Standard,2024-12-11,,True
807,Daniel Klein,Central,Silver,2023-12-08,,True
808,Brandi Page,West,Standard,2024-05-26,,True
809,Joshua Walsh,South,Standard,2025-05-29,,True
810,Kristina Aguilar,North,Standard,2024-06-25,,True
811,Stephanie Ferguson,West,Standard,2025-04-17,2025-10-17,False
812,Brian James,South,Standard,2025-01-24,2025-06-17,False
813,Richard Terrell,South,Standard,2022-03-09,2024-02-11,False
814,Richard Harris,Central,Gold,2024-05-22,2024-08-16,False
815,Jesse Jensen,North,Silver,2023-11-22,,True
816,Courtney Holland,Central,Standard,2024-05-11,,True
817,Melissa Schwartz,East,Gold,2023-05-12,2025-01-07,False
818,Richard Jennings,West,Standard,2022-03-01,2024-10-05,False
819,Patrick Harris,East,Gold,2025-05-17,,True
820,Jessica Perez,West,Gold,2025-01-13,,True
821,Holly Chapman,East,Standard,2024-03-19,,True
822,Nathaniel Lee,East,Silver,2024-07-31,,True
823,Victor Moss,South,Gold,2023-07-27,2025-12-18,False
824,Dennis Martin,East,Silver,2022-06-02,2024-01-30,False
825,John Pineda,South,Gold,2024-12-15,,True
826,Linda Ayala,East,Silver,2022-02-20,,True
827,Richard Pierce,South,Silver,2024-03-08,2025-09-18,False
828,Kelly Krueger,West,Standard,2022-04-03,,True
829,Caitlin Daniels,East,Silver,2023-10-27,,True
830,Stephen Alvarado,East,Standard,2023-05-30,,True
831,Travis Montgomery,Central,Silver,2023-02-27,,True
832,Nicole Banks,West,Gold,2023-08-29,,True
833,David May,West,Silver,2022-05-27,,True
834,Andrew Blackwell,South,Standard,2025-03-18,,True
835,David Ramsey,East,Gold,2023-05-02,2025-08-04,False
836,Kayla Hicks,North,Standard,2022-02-01,2025-01-12,False
837,Matthew Flores,West,Silver,2023-09-14,,True
838,Wesley Ayala,West,Standard,2022-04-16,,True
839,Mark Lewis,Central,Standard,2023-11-12,2025-04-02,False
840,Christine Poole,Central,Silver,2024-05-24,,True
841,Jessica Montoya,South,Standard,2025-01-26,,True
842,Mitchell Johnson,Central,Standard,2022-04-03,2025-05-15,False
843,David Jones,North,Silver,2022-04-04,,True
844,Jennifer Hayes,Central,Standard,2024-11-14,,True
845,James Wilson,South,Standard,2023-06-01,,True
846,Patrick Williams,West,Standard,2022-01-08,2025-06-09,False
847,Jonathan Roberts,West,Standard,2024-12-18,,True
848,Diane Mcintosh,South,Standard,2024-05-25,,True
849,Amanda Moore,Central,Gold,2023-05-02,,True
850,Rebecca Atkinson,South,Standard,2022-10-08,,True
851,Elizabeth Eaton,West,Standard,2023-01-12,,True
852,Maria Bernard,South,Silver,2025-05-16,,True
853,Brenda Williams,East,Standard,2022-01-15,,True
854,Joshua Miller,North,Gold,2024-01-01,,True
855,Christine Whitehead,North,Silver,2022-09-26,2025-06-25,False
856,Clinton Jensen,South,Standard,2024-12-22,,True
857,Michael Bradley,North,Gold,2022-11-19,,True
858,Wanda Dunn,South,Standard,2022-03-11,,True
859,Danielle Gonzalez,South,Gold,2024-04-02,2024-05-18,False
860,Heather Lambert,North,Gold,2024-01-11,,True
861,Benjamin Lee,West,Silver,2022-10-27,,True
862,Matthew Steele,South,Gold,2023-09-12,,True
863,Tina Jackson,East,Gold,2022-07-14,2025-02-17,False
864,Michelle Davidson,North,Standard,2023-02-04,,True
865,Michael Rivera,Central,Standard,2022-12-20,,True
866,Katelyn Rodriguez,East,Standard,2023-09-05,2024-11-21,False
867,Douglas Serrano,Central,Standard,2024-04-03,,True
868,Nicholas Sims,South,Gold,2025-02-11,,True
869,Sarah Welch,West,Standard,2024-07-17,,True
870,Patricia Lewis,North,Standard,2024-11-02,,True
871,Steven Fernandez,West,Silver,2022-02-16,,True
872,James Vance,South,Standard,2024-04-14,,True
873,Brandi Mason,East,Silver,2024-01-23,,True
874,Adam Allen,Central,Silver,2022-04-26,,True
875,Miss Nicole Taylor,South,Standard,2025-05-15,,True
876,Krystal Brennan,West,Silver,2022-07-23,,True
877,Teresa Williams,Central,Standard,2022-07-06,,True
878,Dennis Young,West,Silver,2024-08-29,,True
879,Rebecca Hughes,South,Gold,2024-05-03,,True
880,Amanda Wong,West,Standard,2025-03-17,,True
881,Madeline Hill,South,Standard,2022-05-12,,True
882,Jamie Gray,West,Standard,2024-08-04,2025-05-28,False
883,Angela King,East,Gold,2024-01-20,,True
884,Robert Reed,East,Silver,2025-05-26,2025-07-13,False
885,Adriana Macias,Central,Standard,2024-10-08,,True
886,Jose Campbell,East,Silver,2023-07-16,,True
887,Lance Montoya,North,Silver,2022-07-11,,True
888,Gary Wilson,West,Standard,2024-04-23,,True
889,Kevin Holland,West,Silver,2024-05-11,,True
890,Carl Vargas,East,Silver,2023-06-09,,True
891,Stephanie Thomas,East,Standard,2022-06-21,,True
892,Kellie Sullivan,South,Standard,2022-08-01,,True
893,Monica Nicholson,South,Standard,2025-05-21,2025-10-10,False
894,Kaitlin Olson,West,Silver,2025-04-23,2025-06-16,False
895,Charles Aguilar,Central,Standard,2022-10-07,,True
896,Kayla Jackson,Central,Gold,2024-09-06,,True
897,Linda Jones,Central,Silver,2024-05-24,,True
898,Alan Mills,South,Silver,2023-04-28,,True
899,Samantha Jacobs,Central,Gold,2025-03-06,,True
900,Linda Rich,North,Standard,2022-08-15,,True
901,Anna Hopkins,Central,Silver,2023-11-10,,True
902,April Pace,North,Gold,2025-02-24,,True
903,Shaun Wolfe,North,Standard,2024-05-15,2025-01-26,False
904,Karen Mack,Central,Gold,2023-07-02,,True
905,Susan Hood,South,Silver,2023-03-24,,True
906,David Cannon,South,Standard,2024-01-06,,True
907,Kyle Stephens,Central,Standard,2025-03-07,,True
908,Patrick Smith,South,Silver,2022-11-25,,True
909,Jaime Harris,West,Standard,2023-10-29,,True
910,Brian Simmons,Central,Standard,2024-10-23,,True
911,Joshua Cunningham,North,Standard,2024-01-17,,True
912,Jennifer Harris DDS,Central,Standard,2024-02-20,,True
913,Justin Webb,Central,Standard,2023-12-13,,True
914,Jennifer Taylor,West,Silver,2025-06-15,2025-10-07,False
915,David Logan,East,Silver,2025-01-07,,True
916,Rachel Owen,West,Standard,2025-04-26,2025-05-20,False
917,Amy Price,North,Silver,2024-02-23,,True
918,Samantha Ruiz,Central,Standard,2024-03-22,,True
919,Dennis Wood,West,Standard,2024-02-05,,True
920,Tara Morales,North,Standard,2024-02-17,,True
921,Amy Ayala,North,Gold,2024-04-17,2024-10-12,False
922,Adam Jefferson DVM,North,Gold,2022-08-12,,True
923,Richard Dixon,West,Standard,2023-10-24,,True
924,Heather Pena,West,Standard,2024-06-10,2025-05-26,False
925,Donald Ross,South,Silver,2025-05-29,,True
926,Curtis Smith,West,Standard,2024-05-04,,True
927,Krista Barber,West,Standard,2024-06-16,,True
928,Hannah Ochoa,West,Standard,2023-12-15,,True
929,Jordan Powell,Central,Standard,2022-10-16,,True
930,Jonathan Hansen,East,Standard,2022-01-06,,True
931,Bruce Palmer,Central,Standard,2023-10-05,,True
932,Rebecca Wright,South,Silver,2022-11-25,,True
933,John Sanchez,South,Silver,2023-07-19,,True
934,Melanie Mosley,North,Gold,2023-03-10,,True
935,Mr. James Kramer,West,Silver,2025-01-04,,True
936,Jennifer Gomez,Central,Standard,2022-10-09,2025-05-26,False
937,Deborah Mitchell,West,Silver,2023-11-15,,True
938,Gloria Spencer,South,Standard,2023-05-25,,True
939,Kenneth White,South,Standard,2022-08-16,2024-08-17,False
940,Cheryl Mclaughlin,North,Standard,2024-08-10,,True
941,Derek Perez,West,Silver,2022-10-27,,True
942,Richard Wilson,North,Standard,2024-12-01,2025-10-27,False
943,Katherine Smith,North,Standard,2022-04-11,,True
944,Sarah Watson,North,Standard,2024-12-29,,True
945,Sierra Andrews,North,Standard,2023-02-07,,True
946,Phillip Dixon,North,Standard,2022-12-17,,True
947,Bethany Fox,South,Standard,2023-05-23,,True
948,Amanda Reed,North,Standard,2023-06-24,,True
949,Bryan Holmes,East,Standard,2025-01-02,2025-10-10,False
950,Michael Gray,Central,Standard,2023-02-07,,True
951,Scott Lopez,Central,Silver,2022-05-09,,True
952,Tyler Cooper,East,Standard,2022-12-02,,True
953,Jason Goodwin,South,Gold,2022-08-23,,True
954,Jerry Duncan,Central,Standard,2023-04-11,,True
955,Robin Le,East,Standard,2025-06-03,,True
956,Selena Gonzalez,Central,Gold,2024-10-23,,True
957,Kara Smith,South,Silver,2024-10-17,,True
958,Steven Mccoy,West,Silver,2023-06-22,,True
959,John King,North,Gold,2023-11-13,,True
960,Brett Martin,West,Silver,2024-12-31,,True
961,Ryan Davis,East,Silver,2022-10-02,,True
962,Isaac Grant,West,Standard,2024-08-08,,True
963,Jason Bell,West,Standard,2024-10-30,,True
964,Laura Santos,Central,Standard,2024-05-17,,True
965,Dominique Nguyen,South,Standard,2023-11-19,,True
966,Jillian Miller,South,Silver,2023-10-14,,True
967,Tyler Oneill,North,Silver,2024-02-23,,True
968,Logan Sullivan,West,Silver,2024-03-28,2025-11-15,False
969,Greg Edwards,South,Standard,2025-03-03,,True
970,Lisa Foster,East,Standard,2024-04-13,,True
971,Teresa Adkins,North,Gold,2025-02-06,,True
972,Scott Martinez,East,Standard,2023-10-27,2024-11-24,False
973,Patrick Brady,South,Standard,2022-10-27,,True
974,Brendan Zuniga,West,Silver,2022-09-26,,True
975,Randy Warren,Central,Standard,2023-08-27,,True
976,Angela Huynh,North,Standard,2025-06-24,2025-07-13,False
977,Jessica Martinez,Central,Silver,2023-05-13,2024-06-16,False
978,Andrew Kelly,Central,Standard,2023-11-04,,True
979,Julie Pitts,South,Gold,2025-03-13,,True
980,Brandy Fry,East,Standard,2025-04-07,,True
981,Joyce Curry,North,Standard,2023-11-20,,True
982,Mark Ferguson,South,Gold,2025-01-24,,True
983,Mr. Brandon Parker,North,Silver,2025-03-05,,True
984,Adam Mills,West,Gold,2023-06-10,,True
985,Dustin Nichols,Central,Silver,2024-08-25,,True
986,Elizabeth Cannon,West,Gold,2024-05-27,2025-03-09,False
987,Rebecca Kelley,Central,Standard,2024-10-15,,True
988,Jessica Wright,East,Standard,2022-08-29,,True
989,Sandra Walker,Central,Silver,2024-07-01,,True
990,Kellie Marsh,East,Standard,2022-04-12,,True
991,Denise Wong,Central,Gold,2024-02-22,,True
992,Cole Jones,West,Standard,2023-11-10,,True
993,Jesse Graves,West,Silver,2022-06-24,2024-03-21,False
994,Wayne Johnson,East,Gold,2023-09-20,2024-08-22,False
995,Calvin Gonzales,East,Standard,2025-05-25,,True
996,Adrian Robinson,North,Silver,2022-01-11,,True
997,Kathleen Watson,South,Silver,2023-06-21,,True
998,Paul Thomas,North,Standard,2024-06-08,2024-06-26,False
999,Catherine Huang,Central,Silver,2022-12-07,2024-10-13,False
1000,Adam Villegas,West,Standard,2022-11-16,,True
1001,Danielle Vang,South,Standard,2024-06-30,2025-01-27,False
1002,Anna Wade,West,Silver,2022-09-12,,True
1003,Taylor Moore,South,Standard,2022-09-23,2024-10-11,False
1004,Krista Martinez,East,Standard,2024-07-18,,True
1005,Anthony Estrada,West,Gold,2023-09-07,2024-08-06,False
1006,Jeffrey Smith,West,Standard,2025-05-26,,True
1007,David Novak,East,Standard,2024-10-10,2025-06-28,False
1008,Melissa Moore,Central,Standard,2024-01-12,,True
1009,Jonathan Parks,Central,Gold,2024-09-10,,True
1010,Olivia Brown,North,Standard,2023-03-08,,True
1011,Joshua Rodriguez,North,Gold,2023-03-30,,True
1012,Justin Newman,North,Silver,2023-09-15,,True
1013,Morgan Smith,West,Standard,2023-03-20,,True
1014,Danielle Williams,South,Standard,2023-04-28,,True
1015,Kimberly Henry,South,Standard,2024-06-20,,True
1016,Erica Mcdonald,Central,Standard,2023-12-25,,True
1017,Shannon Martin,North,Silver,2025-01-12,,True
1018,Robert Weaver,Central,Gold,2023-11-09,,True
1019,Katie Gross,West,Standard,2023-08-03,,True
1020,Helen Oliver,Central,Silver,2025-01-31,,True
1021,Walter Fuentes,North,Standard,2023-02-14,,True
1022,Brittany Campbell,East,Standard,2022-08-31,2025-05-13,False
1023,Brent Hopkins,East,Standard,2023-06-07,,True
1024,Cassandra Johnson,West,Silver,2022-02-25,,True
1025,Martin Price,South,Standard,2022-05-17,2024-05-19,False
1026,Leslie Williams,North,Standard,2023-09-18,,True
1027,Thomas Rios,South,Standard,2022-10-09,2025-06-08,False
1028,Julie Fowler,Central,Standard,2025-03-30,,True
1029,Samantha Bauer,East,Standard,2023-04-06,2025-06-26,False
1030,Kendra Navarro,West,Standard,2022-03-16,,True
1031,Daniel Stone,West,Standard,2024-11-30,,True
1032,James Lee,South,Gold,2022-05-10,,True
1033,Theresa Hansen,South,Standard,2024-04-18,,True
1034,Pamela Ray,North,Silver,2023-12-14,,True
1035,Jessica Garcia,North,Standard,2024-05-10,,True
1036,Kathy Sandoval,West,Standard,2024-10-08,,True
1037,Taylor Orr,West,Standard,2023-11-13,,True
1038,Jennifer Schultz,North,Silver,2023-12-03,2025-12-28,False
1039,David Gardner,North,Standard,2024-11-20,,True
1040,Natasha Ward,West,Silver,2023-04-24,,True
1041,April Johnson,East,Silver,2023-08-01,,True
1042,Chad Zamora,North,Gold,2022-12-29,,True
1043,Mrs. Emily Ingram,North,Standard,2022-01-09,,True
1044,Tamara Dixon,Central,Standard,2025-04-18,,True
1045,Joe Moore,North,Gold,2023-12-30,2025-02-21,False
1046,Danielle Scott,East,Gold,2022-12-05,,True
1047,Claudia Jones,Central,Silver,2023-01-19,2025-02-20,False
1048,Mr. Steven Warner,South,Gold,2023-02-19,,True
1049,Martin Johnson,East,Standard,2024-11-11,,True
1050,Richard Weeks,South,Silver,2024-10-28,,True
1051,Timothy Martinez,West,Gold,2023-03-03,2025-10-04,False
1052,Sarah Mcfarland,East,Standard,2024-09-10,,True
1053,Amy Warren,South,Silver,2024-03-19,,True
1054,Erin Wolfe,West,Silver,2023-02-12,,True
1055,Tricia Mullins DDS,Central,Standard,2022-07-15,2025-05-06,False
1056,Richard Hernandez,South,Silver,2022-04-25,,True
1057,Patrick Kelley,North,Standard,2023-03-05,,True
1058,Jeffrey Wolfe,East,Standard,2022-12-02,,True
1059,Mr. James Duncan,West,Standard,2024-08-30,,True
1060,Kelly Allen MD,North,Standard,2023-12-18,,True
1061,Laura Rodriguez,Central,Gold,2023-07-03,,True
1062,Connor Cooper,West,Gold,2023-06-12,,True
1063,Caroline Bailey,East,Standard,2024-04-16,,True
1064,Lisa Alexander,East,Silver,2024-11-14,,True
1065,Michael Moore,West,Standard,2025-03-25,,True
1066,Patrick Sanchez,East,Silver,2024-07-18,,True
1067,Donna Cooper,West,Standard,2024-03-03,2024-06-09,False
1068,John Rivera,Central,Silver,2024-10-23,,True
1069,Nicole Dunn,North,Silver,2024-08-02,2024-11-19,False
1070,Melissa Barnett MD,East,Silver,2024-03-06,,True
1071,Dawn Brown,North,Standard,2025-03-02,,True
1072,Denise Marshall,South,Standard,2022-09-14,,True
1073,Matthew Alvarado,South,Silver,2025-04-21,,True
1074,Brian Carter,East,Standard,2025-03-10,,True
1075,William Romero,North,Standard,2025-02-01,,True
1076,Kari Harper,East,Standard,2024-06-24,,True
1077,Kristina Marquez,East,Standard,2022-04-23,2024-05-25,False
1078,Elizabeth Burns,North,Standard,2022-02-20,,True
1079,Michael Kelly,West,Silver,2024-08-07,,True
1080,Veronica Hill MD,Central,Standard,2023-01-21,,True
1081,Zachary Mooney,North,Standard,2022-11-25,,True
1082,Courtney Peterson,Central,Standard,2025-04-19,,True
1083,Nicholas Meyer,Central,Silver,2023-05-17,,True
1084,Melissa Butler,West,Standard,2024-05-15,,True
1085,Larry Cole,West,Standard,2024-01-02,2024-11-07,False
1086,Lauren Sutton,North,Silver,2022-06-18,,True
1087,Michael Roach,Central,Gold,2022-09-16,,True
1088,Terry Carrillo,South,Silver,2025-03-06,,True
1089,Brooke Jones,South,Silver,2024-04-17,,True
1090,Cathy Franco,South,Standard,2023-11-12,,True
1091,William Ali,East,Standard,2022-07-05,2024-01-22,False
1092,Samantha Walsh,South,Standard,2023-01-23,,True
1093,Cole Anderson,West,Standard,2024-07-31,,True
1094,Lisa Salazar,East,Standard,2022-02-03,2025-12-20,False
1095,Alexander Miller,North,Standard,2024-01-31,,True
1096,Julie Banks,South,Silver,2024-09-22,2024-11-23,False
1097,Christopher Perez,West,Silver,2022-08-23,2024-10-09,False
1098,Tiffany Walker,South,Standard,2023-06-06,2025-12-08,False
1099,Daniel Thompson,South,Standard,2024-05-06,,True
1100,Luis Watts,West,Standard,2025-05-03,,True
1101,Jessica Parsons,Central,Standard,2025-01-11,,True
1102,Michelle Long,East,Standard,2024-02-15,,True
1103,Kimberly Davidson,West,Silver,2025-04-13,,True
1104,Brian Bryant,Central,Standard,2024-06-17,,True
1105,Danielle Medina,East,Silver,2025-01-25,,True
1106,Phillip Estes,South,Standard,2025-06-09,2025-06-17,False
1107,Stephen Ayala,South,Gold,2022-08-31,,True
1108,Edward Ellison,East,Standard,2022-12-31,,True
1109,Julie Lucas,West,Gold,2024-05-30,,True
1110,Catherine Richards,South,Standard,2022-04-26,,True
1111,Frank Johnson,East,Silver,2025-02-15,2025-08-08,False
1112,Sonya Davis,West,Standard,2023-08-02,2025-10-16,False
1113,Michelle Martin,Central,Standard,2023-02-18,,True
1114,Michael Walters,Central,Standard,2024-07-24,,True
1115,Vanessa Salazar,Central,Standard,2022-04-19,2025-05-31,False
1116,Amanda Jackson,West,Gold,2022-07-24,,True
1117,Carla Thomas,South,Standard,2023-03-04,2025-09-28,False
1118,Eric Cross,East,Silver,2024-09-08,,True
1119,Christopher Roach,North,Silver,2025-05-11,,True
1120,Preston Smith,West,Silver,2025-05-10,,True
1121,Lisa Snyder,South,Silver,2023-09-27,2024-12-30,False
1122,Jeremy Burke,South,Standard,2022-10-04,2025-04-26,False
1123,Diana Fuller,South,Silver,2022-01-09,,True
1124,Anthony Bailey,West,Standard,2024-11-12,2025-02-05,False
1125,Kenneth Morrison,Central,Standard,2022-07-05,,True
1126,Xavier Martin,West,Standard,2023-02-27,2024-03-05,False
1127,Melissa Armstrong,West,Standard,2022-12-29,,True
1128,Nicole Ward,East,Silver,2023-12-19,,True
1129,Erica Merritt,Central,Silver,2022-02-15,,True
1130,Sarah Brown,North,Standard,2024-11-12,,True
1131,Scott Murphy,South,Silver,2023-08-24,,True
1132,Daniel Brown,East,Standard,2023-06-12,,True
1133,Kendra Miller,Central,Standard,2023-12-31,,True
1134,Rachel Mann,West,Gold,2024-07-12,,True
1135,Kenneth Hanson,East,Gold,2023-06-29,2025-09-10,False
1136,Kathleen Daniel,West,Standard,2025-03-28,,True
1137,Sophia Hall,North,Standard,2023-09-28,,True
1138,Bruce Marshall,Central,Silver,2023-01-06,,True
1139,Christine Gilbert,Central,Silver,2024-10-13,,True
1140,Gregory Shaffer,Central,Standard,2023-06-14,,True
1141,Melissa King,East,Standard,2022-09-28,,True
1142,Joshua Wang,Central,Silver,2022-03-28,,True
1143,James Carroll,South,Standard,2022-05-26,,True
1144,Roy Nielsen,North,Standard,2025-05-10,2025-11-21,False
1145,Andrew Taylor,East,Standard,2023-09-04,,True
1146,Sean Huang,North,Standard,2022-07-18,,True
1147,Amy Meyer,South,Standard,2023-08-14,2025-08-17,False
1148,Kristen Smith,East,Standard,2023-12-22,,True
1149,Thomas Flynn,South,Standard,2024-01-07,,True
1150,Gina Brooks,East,Standard,2022-03-26,2024-04-18,False
1151,Larry Lopez,West,Silver,2023-11-13,,True
1152,Elizabeth Hodge,West,Standard,2022-05-30,,True
1153,Shawn Watson,East,Standard,2024-06-24,2024-11-21,False
1154,Joseph Thompson,North,Standard,2024-11-24,,True
1155,Dale Davis,East,Silver,2023-04-23,,True
1156,Susan Moore,South,Gold,2023-10-08,,True
1157,Dr. Eric Murphy,South,Standard,2023-03-10,,True
1158,William Black,Central,Standard,2024-09-08,,True
1159,James Hancock,Central,Standard,2025-06-20,2025-07-29,False
1160,Andrew Charles,West,Standard,2022-05-28,,True
1161,Stephen Garcia,West,Silver,2025-01-17,,True
1162,Alison Blake,South,Silver,2024-09-04,,True
1163,Dustin Patel,West,Standard,2024-03-26,2024-08-08,False
1164,Denise Moore,Central,Gold,2024-09-13,,True
1165,Ashley Daniels,West,Silver,2022-05-27,2025-11-30,False
1166,Tony Brock,West,Standard,2023-12-02,,True
1167,Eric Mcclain,South,Standard,2024-01-03,,True
1168,Allen Berger,North,Silver,2023-11-21,,True
1169,Brandon Myers,Central,Standard,2022-03-06,,True
1170,Lori Vaughn,East,Standard,2024-06-18,,True
1171,Gary Gonzalez,North,Standard,2023-07-23,,True
1172,Angela Livingston,West,Standard,2024-08-25,,True
1173,Anna Lang,East,Silver,2024-09-02,,True
1174,Eric Newman,Central,Standard,2024-06-10,,True
1175,Travis Thomas,North,Standard,2024-09-05,,True
1176,Jack White,West,Silver,2025-02-16,,True
1177,Scott Nguyen,East,Gold,2025-03-16,,True
1178,Brian Mendoza,Central,Standard,2023-09-15,,True
1179,Kenneth Romero,South,Standard,2024-12-15,2025-04-01,False
1180,Ashley Hawkins,South,Standard,2023-06-02,,True
1181,Kevin Allen,South,Standard,2022-04-01,2024-08-08,False
1182,John Jones,South,Standard,2022-11-07,,True
1183,Jessica Baird,West,Silver,2022-09-23,,True
1184,Michael Thompson,Central,Standard,2023-12-25,,True
1185,Michelle Copeland,South,Standard,2024-05-04,,True
1186,Erika Davis,Central,Silver,2022-05-26,,True
1187,Jared George,South,Silver,2023-07-23,,True
1188,Sally Murphy,West,Standard,2024-05-24,,True
1189,Charles Carpenter,South,Standard,2024-04-03,2024-05-12,False
1190,Nicole Guerrero,West,Silver,2024-08-21,,True
1191,Jillian Harris,East,Gold,2023-08-01,2024-07-31,False
1192,Robert Frazier,West,Standard,2025-01-24,,True
1193,Michelle Herman,West,Gold,2025-03-18,,True
1194,Lisa Dixon,Central,Silver,2025-06-17,,True
1195,Steven Faulkner,West,Silver,2024-12-17,2025-11-05,False
1196,Ashley Campbell,West,Silver,2022-01-02,2025-02-12,False
1197,Kevin Garrett,West,Standard,2022-02-09,,True
1198,Daniel Thompson,North,Silver,2024-06-27,2025-02-06,False
1199,Heather Butler,South,Standard,2022-06-27,2025-02-09,False
1200,Adam Wong,East,Standard,2023-01-04,2025-09-29,False
1201,Mary Proctor,East,Standard,2022-07-03,,True
1202,Robert Dalton,West,Silver,2022-06-23,,True
1203,Tara Hanson,West,Standard,2025-02-14,,True
1204,Robert Cruz,North,Silver,2023-08-03,,True
1205,Adam Jimenez,East,Silver,2022-10-16,,True
1206,Debra House,East,Standard,2024-07-21,,True
1207,Andrew Webb,North,Silver,2024-01-06,,True
1208,Angela Cross,West,Standard,2023-04-16,2025-02-27,False
1209,Diana Black,West,Standard,2023-11-03,2025-09-19,False
1210,Mark Alvarado,South,Standard,2023-10-30,2025-03-21,False
1211,Kimberly Riley,North,Standard,2024-05-03,,True
1212,Kimberly Smith,East,Gold,2024-02-22,,True
1213,Laura Rivera,North,Standard,2023-08-03,,True
1214,Christopher Neal,North,Silver,2023-03-27,2025-12-14,False
1215,Debbie Soto,South,Standard,2024-02-02,2024-09-01,False
1216,Mary Carter,Central,Silver,2024-01-08,,True
1217,John Martinez,Central,Silver,2024-07-29,,True
1218,Darlene Gilbert,South,Silver,2022-04-09,,True
1219,Patrick Munoz,South,Silver,2022-12-18,,True
1220,Mary Wood,North,Silver,2025-03-07,,True
1221,Christopher Rose,Central,Standard,2022-08-12,2025-07-25,False
1222,Linda Underwood,Central,Standard,2022-02-12,2025-12-19,False
1223,Jennifer Reyes,East,Standard,2024-12-04,,True
1224,Carol Lane,East,Gold,2024-04-23,,True
1225,Dennis Weiss,Central,Gold,2024-12-10,,True
1226,John Alvarez,North,Standard,2022-03-09,,True
1227,Michael Price,West,Gold,2025-04-24,2025-12-11,False
1228,Jessica Roberts,East,Gold,2022-12-02,,True
1229,Ethan Moreno,South,Silver,2024-10-14,,True
1230,Joseph Gomez,South,Standard,2025-05-04,,True
1231,Marissa Nelson,East,Silver,2024-12-13,,True
1232,Dawn Silva,West,Standard,2022-12-11,,True
1233,Dana Powers,Central,Silver,2023-08-12,,True
1234,Megan Kaiser,West,Standard,2024-09-10,,True
1235,Adam Jones,North,Silver,2023-02-04,,True
1236,Melissa Bell,North,Standard,2023-06-09,,True
1237,Manuel Brown,East,Silver,2024-07-14,2024-11-25,False
1238,Claire Greene,East,Standard,2024-01-29,,True
1239,Angelica Jacobs,West,Standard,2022-06-05,,True
1240,Maria Pratt,North,Gold,2023-04-25,,True
1241,Cody Phillips,North,Silver,2022-08-24,,True
1242,Jesse Carney,West,Silver,2024-04-22,,True
1243,Mary Carrillo,East,Gold,2024-09-08,,True
1244,Destiny Brown,Central,Standard,2022-11-25,,True
1245,Deanna Hess MD,West,Silver,2023-05-11,,True
1246,Christina Long,West,Standard,2022-03-30,,True
1247,Jessica Mendez,East,Standard,2024-04-03,2024-06-11,False
1248,Andrew Jones,Central,Standard,2022-05-16,2024-11-18,False
1249,Alicia Jimenez,West,Silver,2024-07-17,,True
1250,Andrew Myers,North,Standard,2024-04-13,,True
1251,James Smith,West,Standard,2022-07-13,,True
1252,Karen Powell,South,Standard,2024-06-21,,True
1253,Andrea Perez,North,Gold,2024-07-17,,True
1254,Penny Martinez,West,Standard,2023-05-06,,True
1255,Felicia Turner MD,South,Gold,2023-11-15,,True
1256,Holly Castaneda,East,Standard,2025-06-26,,True
1257,Paige Roberts,East,Standard,2023-03-10,,True
1258,Tracy Guerrero,East,Standard,2022-09-17,,True
1259,Brian Barker,East,Silver,2023-01-17,,True
1260,Jessica Lopez,South,Standard,2023-09-13,,True
1261,Zachary Allen,East,Silver,2022-02-15,,True
1262,Maria Porter,South,Standard,2023-05-12,,True
1263,Tracy Smith,North,Silver,2025-05-16,,True
1264,Nathan Sullivan,North,Standard,2023-03-09,,True
1265,Kelly Bentley,North,Standard,2022-09-28,,True
1266,Natalie Hall,South,Standard,2025-01-15,,True
1267,Alec Meadows DDS,West,Standard,2022-04-02,2025-06-20,False
1268,Alexis Chen,East,Silver,2022-11-06,,True
1269,Logan Conley,West,Silver,2025-02-28,2025-11-06,False
1270,Ashley Larson,West,Standard,2022-03-23,,True
1271,Dale Rogers,West,Standard,2024-02-25,,True
1272,Jennifer Martinez,North,Standard,2024-12-02,,True
1273,Erica Oconnell,East,Gold,2024-05-22,,True
1274,Christopher Brown,South,Standard,2022-09-30,,True
1275,Carol Wood,South,Silver,2022-12-16,,True
1276,Kevin Anderson,South,Standard,2022-07-30,,True
1277,Jamie Moore,Central,Standard,2024-10-06,,True
1278,Adam Howe,South,Standard,2025-01-27,,True
1279,Diane Steele,South,Silver,2024-06-20,,True
1280,Cameron Thomas,South,Gold,2024-10-07,,True
1281,David Thompson,Central,Silver,2022-12-12,,True
1282,Michelle Salazar,South,Standard,2024-06-01,,True
1283,Elizabeth Barnes,North,Standard,2022-04-23,,True
1284,William Davila,North,Silver,2023-12-13,,True
1285,Ms. Julie Sims,West,Standard,2024-02-29,2025-09-29,False
1286,Brian Hernandez,West,Standard,2022-09-23,,True
1287,Christopher Livingston Jr.,South,Standard,2024-12-12,2025-11-27,False
1288,David Jensen,North,Standard,2023-04-10,,True
1289,Brian Williams,Central,Silver,2025-02-09,,True
1290,Allen Robertson,Central,Standard,2023-11-17,,True
1291,Kevin Barnes,North,Silver,2022-04-01,2024-06-20,False
1292,Crystal Rodriguez,East,Standard,2024-08-11,,True
1293,Jason Gonzalez,Central,Standard,2022-10-18,,True
1294,Amy Graham,West,Standard,2025-02-11,2025-03-06,False
1295,Cassandra Brooks,North,Silver,2022-10-03,,True
1296,Ian Nelson,South,Standard,2023-08-08,,True
1297,Keith Ramirez,North,Standard,2023-03-05,,True
1298,Philip Robinson,Central,Standard,2022-05-22,2024-12-05,False
1299,Robert Cisneros,North,Gold,2023-01-12,,True
1300,Kristen Hall,East,Standard,2025-03-01,,True
1301,Shannon Robinson,Central,Standard,2023-06-10,,True
1302,Jeffrey Salas,Central,Silver,2023-08-28,2024-12-03,False
1303,Daniel Pennington,West,Gold,2022-11-13,,True
1304,Jennifer Williams,North,Standard,2025-04-22,2025-12-09,False
1305,Kathy Simmons,North,Standard,2025-06-18,,True
1306,Annette Simpson,South,Standard,2023-05-19,2025-08-14,False
1307,Melissa Russell,North,Gold,2022-04-17,,True
1308,David Duarte,West,Standard,2022-10-06,,True
1309,Candice Stevens,Central,Silver,2022-01-21,,True
1310,Julie Taylor,West,Silver,2023-12-29,2025-03-02,False
1311,Seth Sims,North,Silver,2024-06-16,,True
1312,Mark Cruz,Central,Silver,2024-06-17,,True
1313,Elizabeth Mullins,East,Standard,2024-05-31,,True
1314,Laura Clark,North,Standard,2024-06-09,,True
1315,Gabriela Randolph,South,Gold,2024-05-23,,True
1316,Helen Williams,South,Standard,2023-10-19,,True
1317,Andrew Richardson,West,Silver,2023-05-04,,True
1318,Kristina Ayala,North,Standard,2024-04-07,,True
1319,Joshua Banks,West,Silver,2022-06-26,,True
1320,Shelby Warner,South,Standard,2024-07-29,,True
1321,Erica Hurst,North,Gold,2024-08-19,,True
1322,Jake Chavez,North,Standard,2023-10-05,2024-11-04,False
1323,Julie Patel,Central,Standard,2023-10-02,,True
1324,Jodi Richardson,South,Standard,2024-11-19,,True
1325,Vanessa Ware,South,Silver,2024-05-09,,True
1326,James White,South,Standard,2022-08-29,2025-10-07,False
1327,Christopher Rodriguez,East,Standard,2025-05-07,,True
1328,Dan Crane,East,Standard,2022-07-08,,True
1329,Michael Huynh,South,Silver,2022-01-29,,True
1330,Alison Lopez,East,Silver,2023-08-28,2024-11-02,False
1331,Sandy Stone,North,Silver,2022-01-29,,True
1332,Mary Buchanan,North,Standard,2023-03-05,,True
1333,Kerri Kelley,West,Standard,2023-09-13,,True
1334,Stephanie Parker,North,Standard,2023-08-08,,True
1335,Jacob Roberts,Central,Silver,2024-10-04,,True
1336,Duane Huber,West,Standard,2024-12-14,,True
1337,Joseph White,East,Standard,2024-02-29,,True
1338,Summer Bauer,Central,Standard,2022-08-12,,True
1339,Xavier Andrews,South,Standard,2022-07-25,,True
1340,Michael Wade,North,Gold,2023-07-17,2024-09-26,False
1341,William Ferguson,North,Standard,2025-06-01,2025-07-02,False
1342,Timothy Mack,Central,Standard,2022-06-05,,True
1343,Brittney Cordova,North,Standard,2025-04-24,,True
1344,Maria Phillips,West,Standard,2023-11-28,,True
1345,Nicole Mcknight,South,Standard,2025-02-17,,True
1346,Monica Nielsen,North,Silver,2024-04-30,,True
1347,John Williams,West,Standard,2023-03-09,,True
1348,Luke Robinson,South,Standard,2024-05-15,2024-07-23,False
1349,Lee Lee,East,Standard,2023-04-02,,True
1350,Pamela Gonzalez,North,Silver,2023-11-03,,True
1351,Tina Daugherty,North,Standard,2022-04-17,2025-09-12,False
1352,Larry Hunt Jr.,North,Standard,2023-05-19,,True
1353,Mike Patterson,Central,Gold,2024-04-30,,True
1354,Gregory Parker,West,Standard,2023-05-08,,True
1355,Cindy Barron,West,Gold,2023-07-23,,True
1356,Jeremy Martin,East,Standard,2024-08-04,,True
1357,Monica Perry,Central,Standard,2024-07-17,,True
1358,Briana Turner,East,Standard,2024-12-02,,True
1359,Gabriela Fitzpatrick,Central,Silver,2025-06-15,,True
1360,Aaron Fowler,Central,Standard,2024-01-24,,True
1361,Keith Melendez,East,Silver,2022-12-15,2024-05-07,False
1362,Donna Henry,West,Gold,2022-09-12,,True
1363,Kevin Snyder,South,Silver,2024-11-15,,True
1364,Rick Moore,Central,Silver,2024-08-02,,True
1365,Mallory Martinez,South,Standard,2023-01-19,,True
1366,Christopher Knox,West,Standard,2024-04-29,,True
1367,Katherine Arellano,Central,Standard,2024-04-02,2024-04-20,False
1368,John Graham,North,Gold,2024-02-04,,True
1369,Valerie Cardenas,North,Silver,2022-11-26,,True
1370,David Perkins,West,Silver,2023-04-22,2025-06-19,False
1371,Heather Brown,East,Standard,2022-07-06,2024-12-02,False
1372,Tina Williams,Central,Gold,2023-04-06,,True
1373,Angela Lee,West,Standard,2023-01-08,,True
1374,Linda Jackson,North,Gold,2024-03-12,,True
1375,Ryan Marsh,South,Silver,2023-02-16,,True
1376,Heidi Ferguson,North,Standard,2022-12-13,,True
1377,Chad Campbell,South,Gold,2023-03-25,,True
1378,Thomas Martin,Central,Standard,2024-09-20,,True
1379,Sandra Pope,East,Standard,2022-10-06,,True
1380,Tiffany Mathis,North,Silver,2023-12-14,,True
1381,Jennifer Moon,Central,Standard,2024-06-28,2025-07-19,False
1382,Alan Bailey,West,Standard,2022-05-29,,True
1383,Jeremy Huerta,Central,Standard,2024-05-31,,True
1384,Carrie Torres,South,Standard,2023-10-30,,True
1385,Michael Watts,East,Gold,2024-08-07,2024-10-06,False
1386,Mrs. Pamela Rodriguez,West,Silver,2023-01-28,2024-06-02,False
1387,Mr. Craig Johnson,East,Standard,2022-01-24,,True
1388,Julie Kerr,East,Standard,2024-04-21,,True
1389,Adam Davis,South,Standard,2022-02-25,,True
1390,Laurie Gonzalez,Central,Standard,2022-06-07,,True
1391,Charles Francis,North,Standard,2024-05-05,,True
1392,Scott Norman,West,Standard,2022-12-20,2025-02-27,False
1393,Andrea Weiss,North,Standard,2024-02-22,,True
1394,Tracey Jackson,South,Standard,2024-08-31,2025-05-15,False
1395,Nicholas Glass,West,Standard,2024-08-20,,True
1396,Karen Wolfe,North,Standard,2025-03-20,,True
1397,Ashley Davenport,East,Silver,2022-08-25,,True
1398,Jennifer Juarez,Central,Standard,2025-06-06,2025-09-02,False
1399,Kathleen Ward,East,Standard,2023-02-06,2024-12-06,False
1400,Angela Snyder,South,Gold,2023-01-03,,True
1401,Noah Mcdaniel,West,Standard,2023-05-06,,True
1402,Jason Mercer,East,Standard,2024-12-09,,True
1403,Stephanie Lang,South,Standard,2023-07-01,,True
1404,Adam Craig,West,Gold,2025-04-13,,True
1405,Joseph Rhodes,Central,Silver,2024-05-07,,True
1406,Michael Madden,South,Standard,2022-06-02,,True
1407,Caroline Cox,North,Silver,2024-08-04,,True
1408,Ryan Powell,South,Standard,2022-09-12,,True
1409,Dr. Ralph Wheeler DDS,North,Silver,2022-10-25,2024-11-06,False
1410,Heather Estrada,South,Standard,2024-10-19,,True
1411,Brittany Gibson,West,Standard,2025-04-27,2025-12-27,False
1412,Tommy Johnson,North,Silver,2022-06-05,2024-12-23,False
1413,Kathleen Johnson,East,Gold,2024-07-30,,True
1414,Eric Hanson,North,Standard,2022-08-17,2025-03-17,False
1415,Kelly Vasquez,North,Standard,2024-08-27,,True
1416,Jonathan Wagner,West,Silver,2023-08-18,,True
1417,Kimberly Smith,North,Gold,2023-11-24,,True
1418,Sheryl Wilson MD,East,Standard,2024-09-01,,True
1419,Christopher Hopkins,West,Standard,2024-12-24,2025-06-06,False
1420,Carly Jordan,Central,Standard,2024-09-21,,True
1421,Phillip Carroll,West,Standard,2023-02-03,,True
1422,Kimberly Harrison,West,Silver,2023-09-18,,True
1423,Anthony Baker,South,Standard,2023-12-19,,True
1424,Pamela Mitchell,South,Standard,2024-01-25,2024-10-17,False
1425,Bethany Richardson,West,Gold,2022-03-20,,True
1426,Pamela Garrett,North,Silver,2024-10-29,,True
1427,William Jenkins,Central,Standard,2023-05-01,,True
1428,David Collins,East,Standard,2022-03-14,,True
1429,Sheila Wilson,Central,Standard,2022-04-19,,True
1430,Amanda Barrett,North,Standard,2022-08-05,,True
1431,Alex Harrison,South,Standard,2023-06-24,2025-01-10,False
1432,Kelly Morris,Central,Standard,2022-01-29,,True
1433,Michael Harris MD,Central,Silver,2022-05-05,,True
1434,Carol Evans,West,Silver,2024-11-01,,True
1435,Mark Dickson,East,Standard,2025-05-21,,True
1436,Cindy Baker,West,Standard,2022-04-07,,True
1437,Lori Rubio,Central,Standard,2023-01-15,2025-02-22,False
1438,Denise Knight,West,Standard,2024-07-04,2025-05-15,False
1439,Gregory Jones,North,Standard,2023-11-09,,True
1440,Matthew Edwards,South,Standard,2024-11-17,2025-06-11,False
1441,Jose Powers,East,Standard,2023-06-13,,True
1442,Lori Black,West,Standard,2023-11-30,,True
1443,Mr. Rodney Hurley III,Central,Gold,2022-08-27,,True
1444,Susan Michael,South,Standard,2024-03-24,2025-08-29,False
1445,Curtis Ford,South,Standard,2024-07-16,,True
1446,Pamela Richard,North,Silver,2022-11-03,,True
1447,Madison Singleton,South,Silver,2023-06-08,2025-09-19,False
1448,Christopher Mcdaniel,West,Standard,2022-12-07,,True
1449,Chris Johnson,South,Standard,2022-10-29,,True
1450,Dr. Javier Bullock,Central,Standard,2024-10-14,2025-02-28,False
1451,Allen Clarke,East,Gold,2022-09-15,,True
1452,Maria Williams,North,Silver,2022-12-21,,True
1453,Amy Mosley,East,Gold,2024-07-10,,True
1454,Arthur Friedman,Central,Standard,2023-02-05,,True
1455,Stacey Sanders,South,Silver,2025-02-18,,True
1456,Cynthia Duncan,West,Standard,2024-12-07,,True
1457,Matthew Carpenter,South,Standard,2023-10-01,,True
1458,Kathleen Davis,North,Standard,2024-09-16,,True
1459,Emily Collier,Central,Standard,2024-02-05,,True
1460,Natasha Walls,Central,Standard,2024-07-29,,True
1461,Donald Ortiz,East,Gold,2022-10-06,2024-03-18,False
1462,Joseph Lyons,South,Silver,2025-01-06,,True
1463,Karen Sanchez,East,Silver,2022-05-25,,True
1464,Brianna Alvarez,East,Standard,2022-12-21,,True
1465,Susan Johnson,South,Silver,2023-04-15,2024-08-12,False
1466,Amy Lowery,South,Silver,2024-08-01,,True
1467,James Fowler,Central,Gold,2024-05-06,,True
1468,Melinda Nichols,North,Standard,2024-06-12,,True
1469,Adam Yu,West,Silver,2022-10-29,,True
1470,Elizabeth Mayer,East,Standard,2025-03-29,,True
1471,Scott Martin,South,Gold,2024-08-23,,True
1472,Robert Newman,West,Silver,2023-07-14,,True
1473,Bobby Chan,West,Silver,2024-10-04,,True
1474,Tammy Cook,South,Silver,2023-09-20,,True
1475,Ashlee Martin,Central,Silver,2023-06-23,,True
1476,Jason Daniel,Central,Silver,2022-11-29,,True
1477,Michael Gill,South,Silver,2023-11-30,,True
1478,Jeremy Davidson,South,Standard,2024-03-29,,True
1479,Eric Johnston,East,Standard,2022-01-04,,True
1480,Micheal Saunders,North,Gold,2022-05-22,,True
1481,Jennifer Ayers,Central,Standard,2024-04-08,2024-06-29,False
1482,Christopher Watkins,Central,Standard,2023-07-31,2025-09-29,False
1483,Bradley Richardson,Central,Standard,2023-02-22,,True
1484,Ruben Hudson,Central,Standard,2023-05-18,,True
1485,Justin Salazar,Central,Standard,2022-01-27,,True
1486,Joel Green,West,Standard,2022-10-19,,True
1487,Lindsay Hernandez,North,Standard,2024-12-22,2025-01-09,False
1488,Keith Smith,East,Standard,2025-05-07,,True
1489,Tanya Wilcox,North,Silver,2023-11-02,,True
1490,Dale Shah,East,Standard,2023-09-23,,True
1491,Paul Reyes,East,Standard,2024-11-03,,True
1492,Daniel Holloway,North,Standard,2023-07-05,,True
1493,Christopher Sparks,North,Silver,2024-07-16,,True
1494,Cynthia Hayes,North,Standard,2022-02-06,,True
1495,Maria Miller,West,Gold,2022-11-13,,True
1496,Valerie Sanders,West,Standard,2023-08-22,,True
1497,Jay Harper,West,Standard,2022-09-28,,True
1498,Amy Galvan,West,Standard,2022-04-04,,True
1499,Larry Lambert,West,Silver,2023-08-24,,True
1500,Rhonda Smith,Central,Silver,2024-10-20,,True
1501,William Lambert,South,Standard,2023-10-06,,True
1502,Amanda White,North,Silver,2022-06-18,,True
1503,John Davis,North,Standard,2022-08-05,2024-12-25,False
1504,David Edwards,East,Standard,2024-06-25,,True
1505,Dr. Douglas Ward MD,North,Standard,2025-06-02,,True
1506,Ronald Mcintosh,South,Gold,2025-02-25,,True
1507,Christopher Doyle,South,Silver,2023-10-22,,True
1508,Kristi Livingston,Central,Gold,2023-09-19,,True
1509,Colin Brown,North,Standard,2024-03-23,,True
1510,Christopher Mcdonald,Central,Gold,2022-08-22,,True
1511,Jeremy Zhang MD,North,Standard,2022-05-29,2025-10-15,False
1512,Brittany Bailey,South,Silver,2023-08-08,2024-03-23,False
1513,Nicole Carson,West,Standard,2022-09-17,2024-07-26,False
1514,Christy Bolton,North,Standard,2023-12-20,,True
1515,Catherine Knapp,South,Standard,2022-01-06,,True
1516,Gary Mitchell,Central,Silver,2022-11-11,2024-12-29,False
1517,James Hickman,Central,Standard,2025-06-06,,True
1518,Allen Stevens,East,Standard,2022-05-16,,True
1519,Debra Barrett,North,Standard,2024-06-22,2025-03-16,False
1520,Marcus Chavez,Central,Standard,2023-02-25,,True
1521,Dr. Rebecca Anderson DVM,West,Standard,2025-04-23,,True
1522,Robert Manning,East,Standard,2024-10-19,,True
1523,Anna Scott,North,Standard,2023-11-30,,True
1524,Jennifer Smith,Central,Standard,2022-11-03,,True
1525,James Holland,North,Standard,2022-09-23,,True
1526,Edwin Owen,South,Silver,2025-05-02,,True
1527,Stephanie Munoz,North,Standard,2024-07-27,,True
1528,Curtis Griffin,North,Standard,2023-04-04,2024-03-11,False
1529,Kyle Davis,West,Standard,2023-05-11,,True
1530,Cody Mccoy,East,Standard,2023-06-24,,True
1531,Megan Holland,Central,Standard,2022-04-29,2025-01-09,False
1532,Maria Miller,East,Gold,2024-06-29,2025-11-22,False
1533,Robert Evans,East,Standard,2023-08-21,,True
1534,Elizabeth Wright,North,Standard,2025-06-09,,True
1535,Kristen Lowery,West,Standard,2023-06-30,,True
1536,Jennifer Marshall,East,Silver,2023-10-18,,True
1537,Kevin Mack,South,Silver,2024-07-08,2025-09-20,False
1538,Julie Hartman,North,Standard,2022-01-21,,True
1539,Jason Bush,East,Silver,2024-12-11,,True
1540,Nicole Cole,West,Gold,2023-02-05,,True
1541,Thomas Patrick,Central,Standard,2024-10-27,,True
1542,William Green,North,Silver,2022-09-27,,True
1543,Albert Foster,Central,Standard,2024-05-09,,True
1544,Julia Sullivan,Central,Silver,2022-01-17,,True
1545,Molly Turner,West,Silver,2024-04-19,,True
1546,Melissa Mccarty,South,Standard,2024-11-03,,True
1547,Anita Taylor,North,Standard,2024-05-11,,True
1548,Melissa Lopez,North,Standard,2022-09-01,,True
1549,Mr. David Wilkinson,Central,Silver,2022-02-04,,True
1550,Angelica Carrillo,Central,Standard,2024-12-31,,True
1551,Bruce Barrera,West,Standard,2022-07-09,,True
1552,Mr. Jerry Sanchez,South,Gold,2024-07-31,2025-03-18,False
1553,Jenna Cook,South,Standard,2023-01-12,,True
1554,Jessica Perry,West,Standard,2022-05-11,,True
1555,Yvonne Johnson,West,Standard,2023-09-25,2025-02-26,False
1556,Misty Mcconnell,South,Silver,2023-05-25,,True
1557,Antonio Smith,East,Standard,2025-02-28,2025-11-20,False
1558,Debra Wong,North,Standard,2024-01-06,,True
1559,Marcus Lucas,Central,Standard,2025-02-08,,True
1560,Christopher Barber,East,Gold,2023-07-27,,True
1561,Jordan Matthews,Central,Standard,2023-08-22,,True
1562,Sarah Espinoza,North,Silver,2024-05-24,,True
1563,Miranda Myers,Central,Silver,2023-08-21,,True
1564,Marissa Ward,West,Standard,2023-06-16,,True
1565,Carla Clark,South,Standard,2023-08-26,,True
1566,John Thompson,Central,Silver,2024-05-31,,True
1567,Ricky Hahn MD,North,Gold,2022-07-19,,True
1568,Mrs. Debbie Rhodes MD,Central,Silver,2022-10-27,2025-02-10,False
1569,Renee Morgan,East,Gold,2025-01-01,,True
1570,Justin Tucker,East,Gold,2022-05-26,,True
1571,Patricia Carrillo,East,Standard,2025-06-21,,True
1572,Shelly Munoz,West,Silver,2023-12-12,2025-10-16,False
1573,Rebecca Estes,West,Standard,2022-05-13,2024-02-06,False
1574,Rachael Lynch,East,Standard,2024-08-22,,True
1575,Justin Romero,Central,Silver,2024-12-31,,True
1576,Daniel Ward,West,Standard,2022-08-02,,True
1577,Pamela Jimenez,East,Silver,2024-07-18,,True
1578,Jack Fuentes,North,Silver,2025-01-15,,True
1579,Wayne Hammond,East,Gold,2022-06-06,,True
1580,Kara Mitchell,North,Standard,2022-01-09,,True
1581,Mike Perry,East,Standard,2022-08-07,,True
1582,Paul Moreno,West,Gold,2024-03-14,,True
1583,Thomas Villanueva,North,Gold,2024-10-01,2024-12-02,False
1584,Melanie Acevedo,South,Standard,2025-04-29,,True
1585,Michelle Holmes,West,Silver,2023-07-19,,True
1586,James Barton,East,Standard,2022-03-30,,True
1587,Andrew Nielsen,West,Silver,2023-07-08,,True
1588,Vanessa Whitney,North,Standard,2022-07-12,,True
1589,Valerie Barnes,South,Gold,2024-10-16,,True
1590,Shelley Griffith,West,Silver,2025-02-04,,True
1591,Ronald Mccullough,Central,Gold,2023-02-05,,True
1592,Jared Schneider,North,Standard,2024-02-18,,True
1593,Lisa Ramos,South,Standard,2025-02-06,,True
1594,Mariah Rowe,Central,Standard,2023-03-17,,True
1595,Jean Higgins,Central,Gold,2025-01-29,2025-02-26,False
1596,Kimberly Lewis,North,Standard,2025-01-27,,True
1597,Glen Reid,South,Silver,2023-10-15,,True
1598,Kimberly Green,South,Standard,2022-01-30,,True
1599,Jay Wagner,North,Gold,2024-11-27,,True
1600,Debbie Romero,South,Standard,2024-07-23,,True
1601,Teresa West,West,Standard,2022-06-07,,True
1602,David Reese,North,Silver,2024-01-01,2024-01-04,False
1603,Teresa Wade,South,Standard,2024-01-13,,True
1604,Michael Briggs,Central,Standard,2024-12-13,2025-03-12,False
1605,James Mclaughlin,West,Silver,2024-01-01,,True
1606,Cheryl Osborne,East,Standard,2022-05-15,,True
1607,Jeffery Jenkins,East,Silver,2023-08-03,,True
1608,Carlos Lewis,North,Standard,2022-04-28,,True
1609,Jennifer Hansen,West,Standard,2022-04-10,,True
1610,Lauren Fields,Central,Silver,2024-09-20,,True
1611,Theresa Dennis,South,Gold,2025-06-25,,True
1612,Jonathan Washington,South,Silver,2023-06-16,,True
1613,Kendra Benson,East,Silver,2023-08-08,2025-12-07,False
1614,Christopher Hansen,Central,Standard,2023-08-05,,True
1615,Samuel Rodriguez,North,Standard,2025-03-22,,True
1616,Joseph Wilson,South,Silver,2023-04-17,,True
1617,Edward Johnson,Central,Silver,2023-01-25,,True
1618,Jennifer Zuniga,South,Standard,2022-07-02,,True
1619,Clayton Singh,East,Silver,2023-01-25,,True
1620,Andrew Olson,East,Standard,2022-01-03,2025-02-03,False
1621,George Bennett,West,Gold,2023-01-31,,True
1622,Brandi Taylor,West,Standard,2024-11-30,,True
1623,Brittany Luna,West,Standard,2024-03-23,2025-07-29,False
1624,Loretta Hughes,Central,Silver,2022-04-24,,True
1625,Michael Ramos,West,Silver,2025-02-22,2025-06-07,False
1626,Christopher Johnson,North,Standard,2022-12-20,,True
1627,Ellen Brewer,East,Silver,2024-03-15,,True
1628,Tyler Weaver,Central,Silver,2024-04-01,,True
1629,Kelly Christensen,East,Silver,2024-08-24,,True
1630,Matthew Schmidt,West,Standard,2023-10-04,,True
1631,Daniel Gallegos,East,Silver,2025-05-12,,True
1632,Joseph Flores,East,Standard,2024-12-06,2025-07-20,False
1633,Timothy Morgan Jr.,East,Standard,2024-01-22,,True
1634,Janet Davis,Central,Silver,2022-01-31,,True
1635,Dominique White,North,Silver,2025-06-04,,True
1636,Tristan Gregory,Central,Standard,2024-09-07,,True
1637,Catherine Reeves,East,Silver,2022-03-17,,True
1638,Charles Orozco,North,Silver,2023-01-16,,True
1639,Amber Allen,East,Standard,2022-11-26,2025-11-18,False
1640,Jordan Gordon,West,Standard,2024-02-01,,True
1641,Fernando Tran,North,Silver,2025-04-26,,True
1642,Susan Smith,Central,Silver,2022-03-25,2024-01-22,False
1643,Ashley Hines,East,Silver,2023-12-09,,True
1644,Keith Griffin,South,Silver,2024-04-11,,True
1645,Rachel Thomas,West,Gold,2024-12-15,,True
1646,David Cisneros,East,Standard,2023-11-21,,True
1647,Robert Woodward,South,Silver,2025-05-11,2025-09-17,False
1648,Carol Brown,Central,Standard,2024-03-03,,True
1649,David Frazier,North,Standard,2025-03-22,,True
1650,Ryan Campbell,East,Silver,2025-06-29,2025-12-01,False
1651,Brandon Hale,Central,Silver,2022-07-25,2025-01-24,False
1652,Yvonne Johns,South,Gold,2024-11-25,,True
1653,Rebekah Henson,East,Silver,2022-09-27,,True
1654,Veronica Zimmerman,South,Standard,2025-04-21,,True
1655,Erica Clark,East,Standard,2022-12-15,,True
1656,Thomas Anderson,East,Standard,2025-05-08,,True
1657,April Smith,Central,Standard,2025-03-22,,True
1658,Melissa Burns,North,Standard,2022-08-10,,True
1659,Shawn Curtis,Central,Silver,2023-05-17,,True
1660,Rose Wallace,Central,Standard,2023-11-19,,True
1661,Jamie Burke,South,Standard,2022-06-07,,True
1662,Robin Terrell,West,Standard,2023-05-09,,True
1663,Corey Smith,West,Standard,2022-06-09,,True
1664,Melanie Fletcher,South,Standard,2024-08-06,,True
1665,Lori Stokes,South,Standard,2022-09-02,,True
1666,Tracy Johnson,Central,Gold,2022-10-10,,True
1667,Lisa Smith,West,Standard,2023-09-21,,True
1668,Ashley Ramirez,South,Silver,2025-06-09,,True
1669,Cory Rodgers,West,Standard,2023-10-01,,True
1670,Casey Chapman,South,Standard,2024-05-07,,True
1671,Savannah Ibarra,North,Standard,2024-08-09,2024-10-12,False
1672,Ryan Johnson,East,Standard,2024-07-19,,True
1673,Lisa Becker,South,Silver,2025-05-22,,True
1674,Jeffery Nunez,South,Standard,2025-01-31,,True
1675,Erica Richard,North,Standard,2024-04-09,,True
1676,Joseph Simpson,West,Silver,2023-06-04,,True
1677,Nathan Williams,West,Standard,2023-10-23,,True
1678,Emily Myers,West,Standard,2025-03-17,,True
1679,Rhonda Mooney,North,Standard,2023-03-04,,True
1680,Sylvia Gonzalez,East,Gold,2022-10-15,2025-05-18,False
1681,Mario Johnson,East,Silver,2023-02-25,,True
1682,Robert Mcconnell,Central,Standard,2023-07-06,,True
1683,John Benjamin,North,Silver,2024-12-08,,True
1684,Cynthia Jones,South,Standard,2024-11-28,2025-10-21,False
1685,Jeremy Martinez,East,Standard,2024-02-05,2024-12-05,False
1686,Jamie Wu,North,Standard,2025-05-28,,True
1687,Amy Lang,Central,Standard,2024-06-03,,True
1688,Jessica Garcia,North,Silver,2022-03-11,,True
1689,Samuel Morales,East,Gold,2022-03-13,,True
1690,Sean Cobb,West,Silver,2024-02-27,,True
1691,John Patterson,Central,Standard,2024-03-07,,True
1692,Matthew Lowe,West,Gold,2024-03-02,,True
1693,Ashley Smith,South,Standard,2022-02-03,2025-01-12,False
1694,Sara Strong,West,Standard,2024-06-29,,True
1695,John Oliver,South,Standard,2022-06-10,2025-01-06,False
1696,Cameron Silva,West,Standard,2022-08-26,2024-04-10,False
1697,Kevin Weaver,South,Silver,2023-10-17,2025-04-20,False
1698,Donna Cordova,South,Standard,2022-07-05,2024-12-08,False
1699,David Fuentes,North,Silver,2023-10-23,2025-04-25,False
1700,Gregg Bray,South,Standard,2023-12-15,,True
1701,Barry Lopez,North,Standard,2024-03-28,,True
1702,Julie Schwartz,East,Silver,2023-08-31,,True
1703,Gabriela Evans,Central,Standard,2024-12-23,,True
1704,Shawn Lozano,North,Silver,2023-02-24,,True
1705,Margaret Steele,North,Standard,2023-09-25,,True
1706,John Tate,North,Standard,2023-08-19,,True
1707,James Mckenzie,West,Standard,2024-11-05,2025-10-10,False
1708,Hunter Spencer,East,Standard,2022-01-09,,True
1709,Susan Ward,South,Standard,2022-07-01,2024-11-17,False
1710,Duane Robinson,North,Standard,2025-05-29,,True
1711,Ryan Sanchez,North,Silver,2022-12-01,,True
1712,Dennis Garcia,East,Silver,2022-09-08,,True
1713,Matthew Dyer,South,Standard,2024-11-26,,True
1714,Jesus Wood,North,Standard,2023-03-08,,True
1715,Joseph Lloyd,Central,Standard,2023-04-21,,True
1716,Bailey Andrade,North,Silver,2024-03-06,2024-12-19,False
1717,Joseph Benson,West,Standard,2022-06-16,,True
1718,Mark Mccall,South,Silver,2023-02-10,,True
1719,Sarah Phillips,Central,Gold,2024-08-31,,True
1720,Mark Ramirez,East,Silver,2022-07-09,,True
1721,Lauren Burns,East,Standard,2022-06-11,,True
1722,Rachel Mendez,Central,Standard,2024-07-17,,True
1723,Stephen Potter,South,Silver,2022-08-02,,True
1724,Cassidy Marquez,West,Standard,2023-04-23,,True
1725,Dr. John Perkins,North,Standard,2023-11-02,,True
1726,Marie Clark,North,Gold,2024-03-25,,True
1727,David Robinson,Central,Silver,2025-02-15,,True
1728,Ryan Scott,South,Gold,2023-06-27,2024-10-02,False
1729,Elizabeth Stone,Central,Standard,2022-04-19,,True
1730,Gabrielle Hayes,North,Gold,2022-10-21,2024-01-31,False
1731,Mr. Alexander Alexander III,South,Standard,2023-07-06,2024-09-25,False
1732,Jonathan Payne,East,Standard,2022-04-07,2025-10-20,False
1733,Darren Wilson,North,Standard,2022-04-10,,True
1734,Felicia Leonard,South,Gold,2023-04-05,,True
1735,Sarah Lee,East,Standard,2022-11-16,2025-06-28,False
1736,Scott Moran,East,Standard,2024-02-10,,True
1737,Randy Campbell,North,Standard,2023-11-25,,True
1738,Theresa Underwood PhD,North,Standard,2023-03-19,,True
1739,Tiffany Grimes MD,South,Silver,2022-01-16,2025-04-22,False
1740,David Matthews,South,Standard,2024-07-11,,True
1741,Robert Peterson,West,Gold,2023-12-07,,True
1742,Tom Butler,East,Gold,2022-04-20,2025-09-09,False
1743,Charles Russo,North,Standard,2023-07-14,2025-09-14,False
1744,Kathryn Hopkins,East,Standard,2023-01-25,,True
1745,Jeffery Goodwin,West,Standard,2023-03-29,,True
1746,Elizabeth Matthews,West,Standard,2024-08-31,,True
1747,Charles Rowland,West,Silver,2023-12-26,,True
1748,Rebecca Mcintyre,West,Silver,2025-06-22,,True
1749,James Fry,South,Standard,2024-01-03,,True
1750,Gary Hayden,North,Gold,2022-03-23,2024-10-09,False
1751,Christopher Leonard,South,Standard,2024-03-26,,True
1752,Lindsey Johnson,Central,Standard,2022-08-15,,True
1753,Jasmin Harris,Central,Silver,2022-09-11,,True
1754,Jordan Wood,South,Silver,2023-01-07,,True
1755,Theodore Myers,East,Silver,2022-01-15,,True
1756,Patrick Price,South,Standard,2025-06-16,2025-07-11,False
1757,Seth Collins,West,Standard,2025-02-26,,True
1758,Kenneth Collins,West,Standard,2024-11-09,2025-08-13,False
1759,Judy Harris,North,Standard,2022-09-16,,True
1760,Lisa Wright,East,Standard,2025-06-18,2025-09-13,False
1761,Joel Williams Jr.,Central,Silver,2023-02-24,2025-02-19,False
1762,Hannah Kirby,Central,Silver,2024-04-04,,True
1763,Rodney Horn,South,Gold,2024-10-08,,True
1764,Luke Reynolds,East,Standard,2023-06-14,,True
1765,Melissa Davis,Central,Standard,2023-05-06,,True
1766,Brooke Khan,South,Standard,2024-06-10,2024-07-04,False
1767,Nicholas Barrera,West,Standard,2023-11-18,2025-05-01,False
1768,Philip Martinez,Central,Gold,2025-03-05,,True
1769,Kathy Chan,Central,Standard,2023-04-16,,True
1770,Daniel Williams,South,Standard,2023-06-08,,True
1771,Megan Murray,West,Gold,2022-02-04,,True
1772,Cory Johnson,South,Standard,2023-03-15,,True
1773,Breanna Santiago,West,Standard,2022-11-16,,True
1774,Bradley Sandoval,East,Gold,2023-08-16,,True
1775,John Ramirez,North,Standard,2024-06-29,,True
1776,Lisa Thompson,Central,Silver,2022-07-25,,True
1777,Caroline Powers,West,Silver,2022-06-08,,True
1778,Jeremiah Thompson,North,Standard,2022-01-15,,True
1779,Kim Ramos,Central,Standard,2024-06-30,,True
1780,Kelly Bates,West,Standard,2022-03-02,,True
1781,Michael Wallace,North,Gold,2024-04-22,,True
1782,James Harris,North,Standard,2024-02-03,,True
1783,Christina Smith,West,Standard,2022-11-15,,True
1784,Robert Frazier,Central,Standard,2022-02-05,,True
1785,Anne Conley,North,Silver,2022-03-22,,True
1786,Amanda Hunt,Central,Silver,2024-04-27,,True
1787,Mark Weber,Central,Silver,2024-11-06,,True
1788,Jeffrey Hall,West,Gold,2025-04-07,,True
1789,Adrian Valdez,East,Silver,2022-05-16,,True
1790,Daniel Barrett,South,Silver,2022-01-16,,True
1791,Amanda Mcclure,East,Silver,2022-12-22,,True
1792,Kathryn Mooney,Central,Silver,2023-06-09,,True
1793,Tammy Carroll,East,Silver,2024-06-28,,True
1794,Mark Price,North,Standard,2022-11-18,2024-03-10,False
1795,Brandi Thompson,South,Standard,2025-03-25,,True
1796,Vanessa Estrada,East,Silver,2024-08-29,,True
1797,Joann Dixon,East,Standard,2022-03-28,2024-01-13,False
1798,Alexis Smith,East,Silver,2024-08-04,2025-04-19,False
1799,David Patterson,North,Gold,2024-08-26,,True
1800,Chad Jimenez,West,Standard,2022-11-07,,True
1801,Martin Young,West,Standard,2022-09-15,,True
1802,Shawn Taylor,Central,Standard,2024-07-14,2025-12-24,False
1803,Amanda Conner,North,Gold,2023-02-10,,True
1804,Nicole Perez,West,Standard,2023-06-14,,True
1805,Daniel Brown,South,Silver,2024-07-24,,True
1806,Rebecca Horton MD,North,Silver,2025-03-16,,True
1807,Catherine Soto,North,Gold,2025-01-18,,True
1808,Troy Williams DVM,Central,Standard,2022-03-24,,True
1809,Christopher Dunn,West,Standard,2025-04-12,,True
1810,Jordan Simmons,Central,Gold,2024-10-11,,True
1811,Craig Coleman,South,Gold,2023-08-19,,True
1812,Tracy Harris,North,Standard,2024-02-13,2024-09-08,False
1813,Dr. Ian Gray,North,Silver,2025-01-05,,True
1814,Jessica Moore,West,Silver,2023-08-24,2024-11-04,False
1815,Dr. Jeffery Miller,West,Gold,2025-05-01,,True
1816,Joshua Tran,South,Silver,2025-03-02,,True
1817,Eric Campbell,South,Silver,2022-08-13,,True
1818,Miguel Gonzalez,South,Standard,2023-12-19,2024-12-17,False
1819,Monica Brooks,Central,Silver,2025-03-14,2025-03-15,False
1820,James Harmon,East,Standard,2023-06-01,,True
1821,Mrs. Stacey Riddle,West,Standard,2023-05-06,2024-08-12,False
1822,Phillip Krueger,Central,Gold,2022-06-08,2025-11-11,False
1823,Hannah Fletcher,South,Standard,2024-09-11,,True
1824,Anthony Cruz,East,Gold,2024-03-21,,True
1825,John Dorsey,West,Silver,2023-06-26,,True
1826,Alyssa Wade,South,Standard,2023-04-07,,True
1827,Brittany Wright,Central,Standard,2022-07-08,2025-03-17,False
1828,Candice Wilson,Central,Gold,2024-01-08,,True
1829,Janice Mccarthy,Central,Silver,2022-04-28,,True
1830,Theodore Liu,South,Standard,2025-05-28,,True
1831,Michael Mason,East,Silver,2022-07-31,,True
1832,Laurie Gross,South,Gold,2023-11-12,,True
1833,Sheila Rodriguez,South,Standard,2024-08-18,,True
1834,Robin Adams,East,Silver,2024-01-01,,True
1835,Melissa Smith,East,Silver,2022-09-25,,True
1836,Brent Ayala MD,Central,Silver,2022-08-03,,True
1837,Jeffrey Thompson,West,Silver,2023-06-16,,True
1838,John Shaw,Central,Standard,2022-08-26,,True
1839,Christy Harris,West,Silver,2022-05-21,,True
1840,William Savage,Central,Standard,2024-08-14,2025-09-25,False
1841,Ashley Fields,West,Standard,2023-07-17,,True
1842,Caleb Brown,North,Standard,2022-04-12,,True
1843,John Hodges,South,Gold,2022-02-07,,True
1844,Tyler Ortega,East,Standard,2022-01-13,,True
1845,Daniel Conner,North,Silver,2024-10-04,,True
1846,Tonya Adams,East,Standard,2023-04-25,,True
1847,Lindsey Rogers,Central,Standard,2023-09-13,,True
1848,David Ward,West,Standard,2024-05-20,2024-12-08,False
1849,Shelley Drake,Central,Gold,2023-05-24,2025-03-21,False
1850,Jennifer Houston,Central,Standard,2022-01-04,,True
1851,Bryce Schmidt,Central,Silver,2025-03-26,,True
1852,Danielle Hayes,East,Silver,2025-04-28,,True
1853,Kayla Keller,North,Gold,2024-05-25,,True
1854,Teresa Morris,West,Standard,2022-01-04,,True
1855,Tracy Fitzgerald,East,Gold,2024-03-19,,True
1856,Dr. Robert Bailey,North,Standard,2024-05-15,2024-09-30,False
1857,Karen Barrett,East,Standard,2025-04-13,,True
1858,James Lawson,West,Silver,2024-06-11,,True
1859,Sherri Glover,East,Silver,2024-06-27,,True
1860,Jonathan Miller,Central,Silver,2024-07-03,,True
1861,Victoria Owens DVM,South,Silver,2024-11-28,,True
1862,Mr. David Jackson,South,Standard,2025-05-03,,True
1863,Ashley Holder,South,Gold,2025-04-19,,True
1864,Erin Reyes,North,Standard,2022-02-07,,True
1865,Mary Lynn,South,Silver,2022-12-24,,True
1866,Madeline Vasquez,North,Standard,2024-05-05,2025-06-11,False
1867,Danny Johnston,West,Standard,2024-10-12,,True
1868,Thomas Paul,East,Standard,2025-03-24,2025-04-11,False
1869,Rachel Burch,Central,Silver,2024-07-14,,True
1870,David Carter,North,Standard,2023-07-12,,True
1871,Chelsea Mcmahon,South,Standard,2022-05-23,2024-09-05,False
1872,Erik James,East,Silver,2024-01-01,,True
1873,Kevin Lee,Central,Silver,2024-07-29,,True
1874,Ray Salinas,East,Standard,2023-05-11,,True
1875,Matthew Garza,Central,Silver,2025-04-06,,True
1876,Samuel Stewart,North,Silver,2022-05-17,,True
1877,Michael Hernandez,East,Standard,2024-11-07,2025-03-11,False
1878,Sarah Carey,South,Standard,2022-12-28,,True
1879,Melissa Hill,Central,Standard,2022-02-13,2024-08-21,False
1880,Lynn Lewis,Central,Standard,2024-12-17,,True
1881,Amy Patrick,North,Standard,2023-01-07,,True
1882,Sarah Michael,South,Silver,2022-07-14,,True
1883,Tammy Parsons,East,Standard,2022-10-15,,True
1884,Robert Gaines,South,Gold,2024-12-29,2025-09-21,False
1885,James Henderson,Central,Standard,2022-07-23,,True
1886,James Jones,Central,Silver,2023-08-28,,True
1887,Thomas Haynes,North,Standard,2024-07-16,,True
1888,Frank Moody,East,Standard,2023-12-01,,True
1889,Timothy Torres,Central,Gold,2025-01-09,,True
1890,Jessica Olson,South,Gold,2024-04-15,,True
1891,Robert Gonzalez,East,Standard,2025-02-18,,True
1892,Ashley Floyd,North,Standard,2024-04-10,2024-11-24,False
1893,William Shelton,Central,Silver,2024-12-31,,True
1894,Henry Wells,North,Gold,2022-08-03,,True
1895,Jose Morgan,East,Standard,2025-04-20,,True
1896,Nathan Sanchez,Central,Standard,2023-07-08,,True
1897,Eric Carlson,North,Standard,2022-06-01,,True
1898,Patty Esparza,South,Standard,2022-08-09,,True
1899,John Meyers,North,Gold,2024-05-05,,True
1900,Jill Smith,South,Gold,2023-05-03,,True
1901,Martin Kerr,Central,Standard,2022-05-29,,True
1902,Victoria Mendoza,North,Standard,2022-10-15,,True
1903,Kevin Cruz,South,Gold,2024-06-04,,True
1904,Elizabeth Martinez,West,Silver,2025-06-29,,True
1905,Kimberly Sullivan,South,Standard,2023-02-19,2025-06-05,False
1906,Rachel Moreno,West,Silver,2024-06-13,2025-01-21,False
1907,Kimberly Fuentes,North,Silver,2022-03-23,,True
1908,Christine Barrett,South,Standard,2024-04-11,,True
1909,Melissa Smith,East,Standard,2022-05-30,,True
1910,Andrew Andrews,North,Standard,2023-07-25,,True
1911,Paul Miller,East,Silver,2024-04-12,2024-06-06,False
1912,Vincent Jackson,Central,Silver,2022-06-09,,True
1913,Danielle Williams,East,Standard,2025-05-31,,True
1914,Elaine Ferguson,West,Silver,2025-04-21,,True
1915,Erik Bartlett DVM,West,Standard,2022-06-28,,True
1916,Melissa Bates,West,Silver,2024-02-13,,True
1917,Scott Lewis,Central,Standard,2022-02-27,2024-01-27,False
1918,Leslie Ramirez,Central,Standard,2022-06-21,,True
1919,Joshua Green,Central,Standard,2024-07-19,,True
1920,Jesus Duffy,North,Standard,2024-04-09,,True
1921,Briana Harris,Central,Standard,2024-05-13,,True
1922,Maria Klein,East,Silver,2024-03-14,2024-09-06,False
1923,Kayla Martin,East,Silver,2023-12-21,,True
1924,Richard Gray,West,Standard,2024-11-14,,True
1925,Devin Schmidt,North,Standard,2025-05-15,,True
1926,Gary Davis,Central,Standard,2024-05-22,,True
1927,Brianna Yates,West,Silver,2025-03-06,,True
1928,William Walker,Central,Standard,2022-12-16,,True
1929,Joseph Hutchinson,South,Standard,2025-04-29,2025-11-07,False
1930,Anna Bailey,East,Gold,2024-01-22,,True
1931,Devin Garcia,North,Silver,2024-01-01,,True
1932,Paul White,Central,Standard,2022-03-03,,True
1933,Rachel Arnold,North,Standard,2024-10-25,,True
1934,Deanna Parks,Central,Standard,2025-01-30,2025-06-13,False
1935,Brenda Bradley,Central,Gold,2024-06-29,,True
1936,Margaret Wood,East,Standard,2022-12-08,,True
1937,Jennifer Ellis,East,Standard,2024-09-19,,True
1938,Dustin Cisneros,Central,Standard,2023-07-15,2024-09-15,False
1939,Tammy Perez,South,Standard,2023-10-27,,True
1940,Eric Townsend,East,Standard,2024-03-22,,True
1941,Angela Allen,South,Silver,2024-12-14,,True
1942,Angela Mitchell,Central,Gold,2022-04-30,,True
1943,Alexandra Vaughan,Central,Standard,2025-04-01,,True
1944,Breanna Jimenez,Central,Standard,2024-05-13,,True
1945,Belinda Smith,North,Standard,2024-05-24,2025-06-24,False
1946,Adrienne Coleman,South,Silver,2022-08-31,,True
1947,Mary Knapp DVM,West,Gold,2023-11-13,2024-09-08,False
1948,Amanda West,East,Standard,2025-04-20,,True
1949,Pamela Mckee,South,Standard,2022-08-04,,True
1950,Harry Williams,Central,Standard,2022-08-12,2024-09-24,False
1951,Wayne Morgan,South,Standard,2023-09-25,,True
1952,Shannon Roberts,West,Standard,2024-05-16,2025-09-22,False
1953,Aaron Welch,East,Silver,2023-09-09,,True
1954,Tanya Haley,South,Silver,2023-05-18,,True
1955,Stephanie Charles,East,Silver,2023-10-20,2025-10-14,False
1956,Joe Evans,West,Standard,2022-03-15,,True
1957,Nathan Morales,East,Standard,2022-05-17,,True
1958,Craig Rice,South,Silver,2022-01-12,,True
1959,Adriana Hammond,West,Standard,2025-02-20,2025-06-28,False
1960,James Diaz,East,Standard,2022-11-16,,True
1961,Debra Mayo,East,Gold,2025-02-12,,True
1962,Charles Burgess,West,Standard,2024-04-17,,True
1963,Ashley Mitchell,East,Standard,2022-01-08,2025-10-07,False
1964,Andre Wade,North,Standard,2022-06-20,2024-11-03,False
1965,Victoria Wilson,Central,Standard,2025-04-25,,True
1966,Michael Anderson DDS,East,Gold,2023-09-17,,True
1967,Nicholas Harmon,South,Gold,2024-09-22,,True
1968,Tyler Sparks,South,Standard,2024-11-19,,True
1969,Adam Cohen,North,Silver,2022-06-10,,True
1970,Jessica Harper,North,Silver,2022-03-08,,True
1971,Douglas Miller,North,Silver,2022-01-11,,True
1972,Monica Lopez,Central,Standard,2023-07-02,,True
1973,Dennis Haynes,Central,Standard,2022-12-25,,True
1974,John Patton,North,Silver,2024-04-30,,True
1975,Lisa Lopez,Central,Gold,2022-05-12,,True
1976,Brittany Martinez,Central,Standard,2024-12-26,,True
1977,Corey Thomas,South,Standard,2023-05-28,,True
1978,Sean James,South,Gold,2022-01-23,,True
1979,Veronica Walker,Central,Silver,2023-11-01,,True
1980,Jeffery Williams,East,Standard,2023-06-28,,True
1981,Michelle Wright,Central,Standard,2022-05-21,2024-09-22,False
1982,Aaron Guerrero,West,Standard,2025-02-16,,True
1983,Douglas Obrien,North,Silver,2023-02-15,,True
1984,John Cook,Central,Silver,2023-07-04,,True
1985,Melanie Townsend,Central,Standard,2022-05-23,,True
1986,Robert Paul,South,Standard,2022-06-16,,True
1987,Donald Silva,Central,Silver,2024-01-22,2025-03-25,False
1988,Mark Guzman,South,Silver,2022-04-22,,True
1989,Stacey Roth,West,Gold,2022-02-22,,True
1990,Brett Mcmahon,North,Standard,2022-09-04,,True
1991,John Juarez,West,Standard,2024-02-29,,True
1992,Carl Barnes,East,Standard,2023-11-12,,True
1993,Olivia Mathis,North,Silver,2024-06-27,,True
1994,Jacob Soto,Central,Gold,2023-12-17,,True
1995,Mr. Troy Gibbs,East,Standard,2022-05-30,2024-11-14,False
1996,Walter Roberts,West,Gold,2022-08-02,,True
1997,William Lee,North,Gold,2025-05-04,,True
1998,Joseph Palmer Jr.,East,Standard,2024-11-05,,True
1999,Kristina Myers,Central,Silver,2023-07-13,,True
2000,Kenneth Vargas,East,Silver,2024-02-14,2024-07-04,False
2001,Kayla Gordon,East,Silver,2022-01-12,,True
2002,Elizabeth Adams,Central,Standard,2024-07-08,2024-11-25,False
2003,Joseph Carter,West,Standard,2022-06-01,,True
2004,Diana Anderson,North,Standard,2024-03-27,,True
2005,Wanda Clark,West,Gold,2025-01-19,2025-02-05,False
2006,Mackenzie Compton,South,Standard,2022-05-29,,True
2007,Deborah Anderson,East,Silver,2023-02-19,2025-11-21,False
2008,William Garrett,East,Standard,2025-02-20,,True
2009,Nicholas Ramirez,West,Gold,2022-01-14,,True
2010,Shawna Crosby,North,Standard,2022-11-23,2024-01-12,False
2011,Melissa Bautista,South,Standard,2024-01-15,,True
2012,Christine Ramos,South,Standard,2022-11-25,2025-04-02,False
2013,Mark Garrison,East,Standard,2023-02-18,,True
2014,Nicholas Hamilton,South,Standard,2023-05-20,,True
2015,Jon Stevens,Central,Silver,2022-07-09,,True
2016,Terri White,North,Silver,2024-11-06,2025-01-18,False
2017,Stephen Roth,West,Silver,2022-12-26,,True
2018,Charles Simmons,North,Standard,2024-05-27,,True
2019,Jennifer Ramsey,West,Standard,2023-08-04,,True
2020,Alexandra Garcia,Central,Standard,2022-06-25,,True
2021,Adam Rivas,West,Standard,2023-05-05,,True
2022,Randy Adams,North,Standard,2025-04-07,,True
2023,Rebecca Smith,Central,Standard,2025-04-12,,True
2024,Sabrina Farrell,Central,Standard,2024-10-07,,True
2025,Peter Stafford,Central,Standard,2022-04-19,,True
2026,John Sanchez,South,Standard,2024-11-06,,True
2027,Alisha Williams,South,Standard,2023-11-25,2024-07-14,False
2028,Stephen Perry,West,Silver,2023-11-26,,True
2029,Darrell Cruz,Central,Silver,2022-01-02,,True
2030,Thomas Cohen,East,Gold,2023-03-27,,True
2031,Stephanie Vasquez,South,Standard,2024-05-26,,True
2032,Tyler Campbell,West,Gold,2025-06-18,,True
2033,Tim Miller,South,Standard,2022-04-08,2024-08-31,False
2034,Jeffrey Rogers,West,Silver,2022-02-25,,True
2035,Steven Mcdaniel,Central,Silver,2022-08-20,,True
2036,Shawn Nelson,South,Silver,2024-03-08,,True
2037,Derek Meadows,Central,Standard,2023-09-30,,True
2038,Shannon Spence,East,Gold,2024-10-16,,True
2039,Charles Griffin,Central,Silver,2024-09-19,,True
2040,Robin Wilson,South,Standard,2024-10-13,,True
2041,Brianna Morris,South,Standard,2023-06-30,,True
2042,Johnny Olson,South,Standard,2022-06-12,2025-07-14,False
2043,Mallory Taylor,Central,Silver,2025-05-26,,True
2044,Janet Dunn,South,Silver,2025-04-19,,True
2045,Crystal Miller,South,Standard,2023-11-19,2024-12-25,False
2046,Paula Shepherd,Central,Silver,2024-07-01,,True
2047,Isaiah Harris,Central,Standard,2022-10-07,,True
2048,John Anderson,North,Standard,2024-12-21,,True
2049,Heather Atkinson,South,Gold,2022-05-21,,True
2050,Joe Conley,Central,Silver,2024-09-20,,True
2051,Daniel Walker,West,Standard,2023-12-05,2025-11-10,False
2052,Michael Thomas,East,Gold,2024-08-11,,True
2053,Jessica Brown,Central,Standard,2024-07-24,,True
2054,Kirk Moore,West,Silver,2022-05-16,2025-02-28,False
2055,David Smith,West,Standard,2022-07-07,,True
2056,Preston Harrison,Central,Standard,2024-11-26,,True
2057,Tiffany Harrison,South,Standard,2022-06-28,,True
2058,Matthew Smith,South,Gold,2024-07-10,,True
2059,Marvin Munoz,North,Standard,2022-05-22,,True
2060,James Henderson,Central,Standard,2022-08-10,,True
2061,Michael Scott,South,Standard,2025-04-24,,True
2062,Darren Huynh,North,Silver,2023-12-31,,True
2063,James Tapia,North,Standard,2022-12-13,,True
2064,Anthony Long,West,Silver,2024-08-06,,True
2065,Lisa Jones,East,Standard,2024-11-15,,True
2066,Matthew Sullivan,North,Standard,2024-06-02,,True
2067,Jeff Nelson,Central,Standard,2023-05-01,2024-02-09,False
2068,Richard Rogers,Central,Standard,2022-05-14,,True
2069,Brian Lewis,East,Silver,2022-11-02,,True
2070,Chelsea Harris,West,Silver,2022-01-15,,True
2071,Bradley Hudson,West,Silver,2025-03-31,,True
2072,Mrs. Amber Davis,Central,Standard,2022-02-27,,True
2073,Dr. Tina Porter,East,Silver,2023-01-29,,True
2074,Carl Leonard,West,Standard,2023-02-06,2024-10-12,False
2075,Kathy Shaw,East,Silver,2023-02-27,,True
2076,Robert Woods,West,Silver,2024-09-15,,True
2077,Christopher Fleming,North,Silver,2025-01-13,,True
2078,Crystal Lewis,West,Silver,2022-04-11,2025-04-01,False
2079,Wendy Mason,South,Standard,2024-05-19,2024-08-10,False
2080,Kelly Mack,Central,Standard,2025-06-20,,True
2081,Earl Hanson,East,Silver,2023-07-25,,True
2082,Micheal Vega,Central,Silver,2025-04-14,,True
2083,Tina Bradley,North,Standard,2022-11-02,2025-12-28,False
2084,Adrian Miranda,North,Silver,2025-06-22,,True
2085,Rebecca Jacobson,South,Standard,2023-01-30,,True
2086,Edward Jones,Central,Standard,2023-09-29,2024-11-28,False
2087,Michael Murray,North,Standard,2024-01-06,2024-09-18,False
2088,Pamela Ramos,East,Standard,2025-06-12,,True
2089,Valerie Freeman,North,Silver,2025-03-25,,True
2090,Jason Harvey,West,Silver,2023-04-09,,True
2091,Jose Weber,Central,Standard,2024-05-18,,True
2092,Jason Cole,Central,Standard,2023-02-05,,True
2093,William Brown,South,Silver,2025-01-24,2025-12-28,False
2094,Kristina Moore,West,Standard,2024-10-05,,True
2095,Kelly Nash,Central,Standard,2022-05-15,,True
2096,Maureen Bailey,North,Silver,2022-10-12,,True
2097,Sabrina Rodriguez,Central,Standard,2023-08-21,,True
2098,Tyler Sanders,South,Silver,2022-08-19,,True
2099,Austin Peterson,North,Standard,2023-07-07,,True
2100,Patrick Wilson,North,Gold,2024-02-11,,True
2101,Tiffany Thomas,North,Gold,2023-08-04,,True
2102,Victoria Schroeder,West,Standard,2022-09-30,,True
2103,Veronica Lewis,West,Standard,2022-03-21,2025-08-13,False
2104,Jenny King,South,Standard,2022-09-27,2024-01-17,False
2105,Donald Miller,North,Gold,2022-08-13,,True
2106,Jason Lewis,Central,Standard,2025-01-19,,True
2107,Steven Patterson,Central,Gold,2025-02-13,2025-04-13,False
2108,Craig Mcmahon,East,Standard,2025-05-14,,True
2109,Tracie Kim,East,Standard,2023-09-07,2025-01-25,False
2110,Samantha Hoffman,South,Standard,2025-03-10,,True
2111,Nathan Lane,West,Silver,2025-02-14,,True
2112,Samantha Navarro,East,Standard,2022-07-04,,True
2113,Alexis Mosley,Central,Standard,2024-11-18,,True
2114,Mr. Ricky Craig III,North,Standard,2025-04-06,,True
2115,Shannon Walters,East,Gold,2024-07-10,2025-12-24,False
2116,Amanda Reese,Central,Gold,2024-03-26,,True
2117,Patricia Burke,Central,Silver,2022-08-28,,True
2118,Corey Frazier,Central,Standard,2022-10-03,,True
2119,Jack Turner,West,Gold,2025-05-03,,True
2120,Jonathan Duarte,Central,Standard,2023-01-27,2025-08-20,False
2121,Ronald Simmons,South,Silver,2023-06-13,,True
2122,Timothy Ellis,West,Silver,2025-05-27,,True
2123,Carla Graham,Central,Gold,2023-04-22,,True
2124,Melanie Walters,West,Standard,2022-12-30,,True
2125,Susan Garcia,North,Standard,2024-06-14,,True
2126,Ann Smith,South,Silver,2022-04-22,,True
2127,Loretta Gardner,South,Silver,2025-04-04,2025-05-02,False
2128,Renee Contreras,West,Gold,2024-03-19,,True
2129,Ricardo Arnold,Central,Standard,2024-12-22,,True
2130,Tiffany Bell,East,Standard,2022-05-27,,True
2131,Terry Newman,North,Standard,2024-10-09,,True
2132,Todd Casey,East,Standard,2024-09-28,,True
2133,Elizabeth Orr,South,Standard,2023-10-10,2024-07-14,False
2134,April Stout,East,Standard,2025-03-06,,True
2135,Richard Randall,Central,Standard,2022-02-11,,True
2136,Emily Jackson,South,Standard,2023-10-25,,True
2137,Justin Myers,South,Standard,2024-01-01,,True
2138,Anthony Frederick,South,Gold,2024-02-26,,True
2139,Jeanette Chandler,South,Standard,2023-07-02,,True
2140,David Mckinney,South,Silver,2023-05-30,2024-08-20,False
2141,Kenneth Myers,East,Standard,2022-06-11,,True
2142,Sara Moore,North,Standard,2024-08-30,,True
2143,Alexander Smith,North,Silver,2023-02-16,,True
2144,Kimberly Compton,West,Silver,2024-09-09,2024-11-21,False
2145,Nicholas Lucero,Central,Gold,2023-12-31,,True
2146,Chelsea Delgado,West,Standard,2024-03-20,,True
2147,Ryan Barber,East,Standard,2022-10-10,,True
2148,Anthony Miller,Central,Gold,2024-10-26,2025-04-06,False
2149,William Camacho,West,Standard,2022-07-03,,True
2150,Barbara Thomas,Central,Standard,2022-05-22,,True
2151,Billy Kirk,South,Silver,2022-12-01,,True
2152,Brian Pope,South,Standard,2025-03-10,,True
2153,Mr. Daniel Barnes,West,Standard,2023-06-12,,True
2154,Joanne Martin,Central,Standard,2025-02-09,,True
2155,Mary Welch,East,Standard,2023-01-17,,True
2156,Grant Reed,South,Standard,2024-12-26,,True
2157,Abigail Boyd,North,Silver,2025-06-23,,True
2158,Larry Herrera,West,Standard,2022-11-21,,True
2159,Cindy Diaz,North,Standard,2023-10-23,,True
2160,Bradley Holt,South,Standard,2025-02-20,2025-03-01,False
2161,Brandon Erickson,North,Standard,2022-06-11,2024-07-18,False
2162,Jessica Potts,Central,Gold,2024-04-11,2025-01-29,False
2163,Craig Mathis,South,Standard,2025-03-22,,True
2164,Ashley Mcguire,South,Standard,2024-07-04,,True
2165,Nathan Hamilton,Central,Standard,2024-01-20,2024-05-16,False
2166,Denise Flores,South,Standard,2023-07-24,,True
2167,Curtis Gomez,South,Standard,2022-05-18,,True
2168,Joanna Preston,East,Standard,2025-02-19,,True
2169,Jason Munoz,West,Standard,2025-05-07,,True
2170,Kerry Sanders,South,Silver,2025-01-24,,True
2171,Cody Sanchez,Central,Silver,2022-05-27,2025-08-13,False
2172,Charles Edwards,North,Silver,2022-10-02,,True
2173,Michelle Lewis,South,Silver,2022-01-13,,True
2174,David Jones,West,Standard,2023-12-26,,True
2175,Daniel Hoffman,South,Standard,2022-12-28,,True
2176,Rhonda Powers,North,Standard,2024-07-02,,True
2177,Jessica Li,West,Standard,2024-01-03,2025-04-17,False
2178,Anthony Hill Jr.,Central,Standard,2022-09-10,2024-02-06,False
2179,Leslie Young,East,Silver,2023-08-01,,True
2180,Laura Smith,East,Standard,2022-01-28,2024-01-14,False
2181,Amanda Ferguson,Central,Standard,2023-08-13,2024-04-05,False
2182,Alan Harrison,North,Silver,2023-11-05,,True
2183,Eric Stewart,North,Standard,2024-11-24,,True
2184,Raymond Snyder,East,Standard,2023-03-18,,True
2185,William Snyder,North,Standard,2022-03-02,,True
2186,Sarah Pace,East,Standard,2024-03-29,,True
2187,Roger Taylor,East,Silver,2022-05-12,,True
2188,Courtney Miller,East,Standard,2025-06-21,2025-12-04,False
2189,Rose Medina,West,Standard,2024-07-12,,True
2190,Amy Ware,Central,Standard,2022-01-07,,True
2191,Eric Baker,Central,Silver,2022-02-24,,True
2192,Jamie Hale,Central,Standard,2024-05-27,,True
2193,Barbara Flores,East,Standard,2025-03-26,,True
2194,Sarah Woodard,Central,Standard,2022-07-08,,True
2195,Kelly Allen,West,Gold,2024-03-23,,True
2196,Douglas Barton MD,West,Silver,2023-09-02,,True
2197,Heather Houston,West,Silver,2022-04-28,2025-07-13,False
2198,Savannah Neal,South,Gold,2022-11-06,,True
2199,Daniel Santiago MD,East,Standard,2022-04-06,,True
2200,Gilbert Cervantes DDS,Central,Silver,2023-05-07,,True
2201,Tony Erickson,North,Standard,2023-10-18,,True
2202,Ashley Anderson,East,Standard,2024-04-16,,True
2203,Jesse Oliver,East,Silver,2025-03-15,,True
2204,Barry Henderson,East,Silver,2022-09-17,,True
2205,Laura Garcia,West,Standard,2024-05-25,,True
2206,Brian Smith,West,Silver,2023-08-12,,True
2207,John Schmidt,East,Silver,2023-08-12,,True
2208,Joshua Gomez,Central,Gold,2023-03-26,,True
2209,Jeffrey Cook,West,Standard,2022-09-28,,True
2210,Anthony Reyes,North,Standard,2023-07-18,,True
2211,Collin Thompson,South,Silver,2025-03-30,,True
2212,Kelly Rodriguez,North,Standard,2022-12-19,,True
2213,Brian Wilson,West,Standard,2022-03-05,,True
2214,Cynthia Patel,North,Gold,2025-02-16,,True
2215,Melissa Sullivan,West,Standard,2022-12-18,,True
2216,Roger Holt,North,Silver,2023-05-17,,True
2217,Dalton Walsh,Central,Silver,2023-09-24,,True
2218,Cody Velez,North,Standard,2024-06-19,2024-11-27,False
2219,Melissa Jackson,Central,Standard,2024-03-04,2025-07-09,False
2220,Gary Gibson,West,Standard,2024-05-19,,True
2221,Jessica Smith,South,Silver,2025-05-12,,True
2222,Carolyn Wolf,West,Silver,2025-05-28,,True
2223,John Smith,South,Standard,2022-01-13,,True
2224,Alan Frazier,South,Standard,2025-01-19,2025-07-01,False
2225,Jonathan Fischer,East,Gold,2023-01-06,,True
2226,Robert Rogers,East,Gold,2024-09-16,,True
2227,Joshua Alvarado,West,Gold,2023-09-19,,True
2228,Elizabeth Cook,Central,Gold,2022-11-20,2024-11-30,False
2229,Sharon Anthony,Central,Standard,2023-10-23,,True
2230,Margaret Hernandez,Central,Standard,2023-09-11,2024-07-16,False
2231,Zachary Howard,Central,Standard,2023-06-08,,True
2232,Melissa Jordan,Central,Standard,2022-02-09,,True
2233,Jamie Rodriguez,Central,Standard,2022-09-21,2024-03-06,False
2234,Kimberly Gaines,East,Standard,2022-12-16,,True
2235,Carrie Lozano,South,Silver,2025-06-13,,True
2236,Kevin Landry,West,Standard,2023-03-22,,True
2237,Kevin Miles,West,Standard,2022-12-19,,True
2238,Lacey Sparks,East,Standard,2024-11-30,2025-01-17,False
2239,Adam Ho,Central,Silver,2023-03-19,,True
2240,Kelly Roberts,South,Standard,2022-07-07,,True
2241,John Brown,West,Standard,2023-12-14,,True
2242,Daniel Petersen,West,Gold,2023-01-12,,True
2243,Aaron Bell PhD,West,Standard,2022-06-07,,True
2244,Shawn Glover,West,Silver,2022-03-05,,True
2245,Kristina Mckay,Central,Standard,2023-10-03,,True
2246,Nicholas Reynolds,North,Standard,2024-06-29,,True
2247,Andrew Fitzpatrick,South,Standard,2025-03-17,,True
2248,Jasmine Ross,Central,Standard,2022-11-14,,True
2249,Tami Harper,South,Standard,2025-02-27,,True
2250,Shawn Brock,West,Silver,2022-08-10,,True
2251,Danielle Butler,South,Standard,2022-06-27,,True
2252,Edward Ho,West,Silver,2022-09-12,,True
2253,Richard Bass,Central,Silver,2023-08-12,,True
2254,Melissa Gordon,Central,Silver,2022-05-03,,True
2255,John Ali,East,Standard,2024-05-24,2024-12-19,False
2256,Allison Wang,Central,Silver,2023-08-12,,True
2257,Terry Buchanan,West,Standard,2022-04-23,,True
2258,Stephanie Rich,North,Standard,2024-01-11,2024-10-05,False
2259,Michael Ford,East,Standard,2022-03-10,2025-09-08,False
2260,Sara Miller,West,Silver,2024-08-31,,True
2261,Mrs. Linda Short,East,Silver,2022-12-11,,True
2262,Sharon Martinez,West,Standard,2023-12-23,,True
2263,Michelle Miles,North,Standard,2024-01-16,,True
2264,Tracy Taylor,Central,Standard,2023-10-21,,True
2265,Brittney Fuller,North,Standard,2025-02-16,,True
2266,Renee Hanson,South,Silver,2024-07-06,,True
2267,Christian Hobbs,North,Standard,2022-09-14,,True
2268,Brian Johnson,South,Standard,2023-10-26,,True
2269,Timothy Evans,South,Standard,2023-10-08,,True
2270,David Abbott,East,Silver,2023-09-10,,True
2271,Jessica Barrett,West,Gold,2022-11-29,,True
2272,Alex Thomas,West,Silver,2022-06-07,,True
2273,Jorge Lyons,North,Standard,2024-08-08,,True
2274,Mr. Brett Chapman,South,Standard,2022-09-13,,True
2275,James Marsh,West,Standard,2023-04-14,,True
2276,Brittany Campbell,West,Standard,2023-08-16,,True
2277,Kevin Johnson,East,Silver,2022-06-03,,True
2278,Terry Kelly,North,Standard,2024-04-09,2025-05-28,False
2279,Judy Smith,South,Standard,2022-06-27,,True
2280,Christine Orr,West,Standard,2022-07-22,2024-12-31,False
2281,Carrie Hernandez,North,Standard,2023-11-01,,True
2282,Julia Trevino,North,Standard,2024-04-16,,True
2283,Tammy Jones,South,Standard,2022-06-28,2025-07-27,False
2284,Lisa White,East,Gold,2024-12-06,2025-06-12,False
2285,Deanna Wolfe,South,Silver,2024-06-23,2025-03-31,False
2286,Lauren Gallegos,North,Silver,2024-01-22,,True
2287,Nicholas Hall,Central,Standard,2022-03-28,,True
2288,Mr. Franklin Hall DDS,East,Standard,2024-04-28,,True
2289,Ashley Gilmore,East,Standard,2025-03-16,,True
2290,William Nielsen,North,Gold,2024-07-18,,True
2291,Andrew Brady,South,Gold,2022-03-21,,True
2292,Mark Johnson,South,Silver,2023-07-18,,True
2293,Jerry Anderson,East,Standard,2022-08-11,,True
2294,Christina Henry,East,Silver,2024-03-24,,True
2295,Jessica Rice,West,Silver,2024-05-16,2024-09-26,False
2296,Alexander Moyer,North,Gold,2024-10-05,,True
2297,Charles Smith,Central,Silver,2022-05-03,,True
2298,Sharon Peterson,West,Silver,2024-09-15,,True
2299,Monica Rice,South,Standard,2024-05-20,,True
2300,Kathryn Kelly,North,Standard,2022-08-31,2024-05-31,False
2301,Jessica Garrett,West,Standard,2025-02-22,2025-11-15,False
2302,Bethany Holmes,Central,Standard,2025-01-20,,True
2303,Joshua Johnson,North,Standard,2022-05-09,2024-12-30,False
2304,Ronald Myers,South,Silver,2024-11-14,,True
2305,Brooke Roberts,North,Standard,2023-04-02,,True
2306,Lisa Collins,South,Standard,2023-11-13,2024-06-25,False
2307,Stephanie Aguilar,Central,Silver,2024-02-29,,True
2308,Miss Amanda Fisher,East,Silver,2025-04-10,,True
2309,Amy Harris,West,Silver,2022-09-13,,True
2310,Peter Gaines,North,Silver,2024-11-08,,True
2311,Robert Elliott DDS,East,Silver,2022-03-21,,True
2312,Benjamin Butler,East,Gold,2024-12-01,2025-10-15,False
2313,Stacy Mendoza,West,Silver,2024-08-01,,True
2314,Ashley Crawford,Central,Standard,2022-06-15,,True
2315,John Harrington,West,Standard,2022-10-15,,True
2316,Timothy Johnson,South,Standard,2025-01-23,,True
2317,Lee Gray,East,Silver,2024-09-24,,True
2318,John Hughes,East,Gold,2024-05-22,,True
2319,Michael Dunn,Central,Gold,2023-04-27,,True
2320,Luis Berger,Central,Standard,2022-05-28,,True
2321,Thomas Allen,Central,Standard,2023-03-25,,True
2322,Jason Goodwin,East,Silver,2022-04-28,,True
2323,Amber Pham,Central,Standard,2024-10-27,,True
2324,Anthony Brown,North,Silver,2025-01-19,,True
2325,Ernest Morrison,Central,Standard,2023-07-14,,True
2326,Mrs. Jennifer Sandoval DDS,South,Gold,2025-02-10,,True
2327,Christine Thornton,Central,Gold,2022-04-08,,True
2328,Shannon Wallace,Central,Standard,2024-11-03,,True
2329,Juan Melton,North,Silver,2023-01-22,,True
2330,Emma Weaver,Central,Silver,2022-11-08,,True
2331,Jason Sampson,South,Standard,2022-05-14,,True
2332,Thomas Skinner,West,Silver,2023-09-13,,True
2333,Barbara Hardy,South,Silver,2023-10-27,2024-08-10,False
2334,David Alexander,East,Standard,2024-10-02,,True
2335,Alison Huff,East,Standard,2024-09-02,,True
2336,Elizabeth Hanna,Central,Silver,2022-12-11,,True
2337,Janet Smith,North,Silver,2022-03-18,,True
2338,Danny Gray,South,Standard,2023-05-04,,True
2339,Mary Johnson,North,Standard,2024-04-22,,True
2340,Nicole Rogers,West,Standard,2024-08-31,2025-11-30,False
2341,Paul Robinson,North,Silver,2024-11-22,,True
2342,Lisa Glenn,West,Silver,2022-02-04,,True
2343,Nicole Aguirre,Central,Silver,2024-09-25,,True
2344,Tara Mitchell,Central,Standard,2023-12-08,,True
2345,Jessica Ball,East,Standard,2025-06-18,,True
2346,Julie Riddle,North,Standard,2024-09-08,2025-01-10,False
2347,Diana Fleming,South,Silver,2022-10-31,,True
2348,Dr. Elizabeth Duncan MD,North,Standard,2022-12-17,,True
2349,David Delgado,North,Standard,2022-12-16,,True
2350,Eric Guerrero,West,Silver,2024-09-11,,True
2351,Jill Smith,North,Silver,2024-12-02,,True
2352,Ian Little,East,Standard,2022-01-12,,True
2353,Kevin Miller,North,Silver,2023-12-12,,True
2354,Tiffany Alexander,North,Gold,2025-02-18,,True
2355,Debbie Simpson,Central,Standard,2022-11-26,,True
2356,Seth Douglas,South,Standard,2022-10-18,,True
2357,Cathy Hunter,South,Standard,2022-10-24,,True
2358,Juan Perez,South,Silver,2023-07-16,,True
2359,Vanessa Smith DVM,South,Silver,2025-04-29,,True
2360,Amanda Young,Central,Standard,2024-12-19,,True
2361,Ashley Jones,North,Silver,2022-05-20,,True
2362,Sandra Becker,Central,Standard,2022-09-18,,True
2363,Douglas Johnson,West,Silver,2022-04-02,,True
2364,William Merritt,West,Gold,2024-02-14,,True
2365,Elizabeth Johnson,South,Silver,2023-04-24,,True
2366,Chris Garza,Central,Standard,2023-04-15,,True
2367,Erik Baldwin,East,Silver,2022-05-16,,True
2368,Michelle Case,Central,Gold,2024-08-04,,True
2369,Mary Hernandez,West,Gold,2023-04-29,,True
2370,Tina Benjamin,East,Silver,2024-08-31,,True
2371,Yolanda Mccoy,East,Silver,2025-06-20,,True
2372,Barbara Johns,West,Silver,2024-07-25,,True
2373,Mary Meyer,West,Silver,2024-10-15,,True
2374,Kenneth Bartlett,East,Silver,2023-02-09,,True
2375,Vanessa Hall,Central,Standard,2023-02-24,,True
2376,Jill Rosario,West,Silver,2023-02-06,2025-12-10,False
2377,Justin Jones,East,Standard,2023-06-08,,True
2378,Richard Hall,West,Standard,2023-04-08,2024-12-19,False
2379,Dr. Danielle Blankenship,West,Standard,2024-11-22,,True
2380,Lisa Flynn,North,Gold,2024-05-10,,True
2381,Jason Wagner,Central,Standard,2023-03-12,,True
2382,Stanley Gonzalez Jr.,South,Gold,2022-07-09,,True
2383,Jason Cannon,East,Standard,2023-08-03,,True
2384,Brian Booth,South,Standard,2024-06-26,,True
2385,Christopher Jones,East,Standard,2024-11-30,,True
2386,Jasmine Henderson,East,Gold,2023-10-20,,True
2387,Edward Rogers,Central,Silver,2022-06-12,2025-05-23,False
2388,Lee Rodriguez,Central,Standard,2024-11-18,,True
2389,Thomas Dodson,North,Standard,2024-07-10,,True
2390,Natalie Graham,South,Standard,2025-03-08,,True
2391,Morgan Cummings,East,Gold,2024-08-24,,True
2392,Katrina Hernandez,South,Standard,2024-01-23,,True
2393,Megan Chavez,East,Standard,2022-01-10,,True
2394,Nathan Ramirez,West,Silver,2023-02-13,,True
2395,Anthony Holmes MD,South,Silver,2024-09-13,2025-01-01,False
2396,Dominique Cruz,East,Silver,2023-10-11,,True
2397,Tony Khan,South,Standard,2024-08-24,2025-12-08,False
2398,Donald Hobbs,Central,Silver,2024-07-21,,True
2399,Christopher Roberts,North,Silver,2023-02-06,,True
2400,Christopher Crosby,East,Standard,2023-09-13,,True
2401,Ashley Hall,Central,Standard,2022-11-28,,True
2402,Juan Romero,North,Gold,2022-12-22,,True
2403,Amanda Macdonald,East,Standard,2022-08-04,,True
2404,John Carson,West,Standard,2023-11-18,,True
2405,Travis Simmons,North,Gold,2023-04-17,,True
2406,Jesse Hardin,South,Silver,2023-07-22,,True
2407,Barbara Oneal,Central,Gold,2024-07-02,,True
2408,Donald Barnett,West,Standard,2023-09-22,2024-03-04,False
2409,Natasha Walker,Central,Standard,2025-05-20,,True
2410,Jesse Moss,Central,Silver,2022-04-05,2024-04-24,False
2411,Michael Mcclain,East,Standard,2024-05-07,,True
2412,Michael Boyd,South,Standard,2022-02-18,,True
2413,Sara Garrett,West,Gold,2022-08-31,,True
2414,Danielle Willis,Central,Silver,2025-04-26,,True
2415,Craig Harrison,North,Standard,2025-01-17,,True
2416,Jonathan Anderson,East,Silver,2023-09-11,,True
2417,Jose Cummings,South,Standard,2024-03-20,,True
2418,John Carr,North,Standard,2022-10-01,,True
2419,Lisa Welch,North,Standard,2024-06-24,2024-07-15,False
2420,Joseph Best,East,Standard,2022-10-27,,True
2421,Sheri Contreras,Central,Standard,2025-01-25,,True
2422,Linda Daniels,South,Silver,2023-09-18,,True
2423,Victor Prince,West,Silver,2023-01-12,,True
2424,Jeremy Wright,West,Standard,2024-09-01,,True
2425,Mary Bailey,Central,Standard,2023-06-27,2024-05-08,False
2426,Stephen Larsen,Central,Gold,2023-05-23,,True
2427,Melissa Johnson,Central,Standard,2025-01-07,,True
2428,Samuel Ortiz,North,Standard,2022-12-08,,True
2429,Michael Jenkins,West,Standard,2023-12-19,,True
2430,Dean Brown,Central,Standard,2024-10-29,,True
2431,Amber West,West,Standard,2023-09-12,2024-06-08,False
2432,Kimberly Chan,East,Standard,2022-10-10,,True
2433,Lisa Anderson,East,Silver,2022-05-21,,True
2434,James Deleon,North,Silver,2023-11-20,2025-11-24,False
2435,Ralph Brown,South,Gold,2023-03-02,,True
2436,Joseph Galloway,Central,Silver,2022-03-04,,True
2437,Mitchell Roberts,West,Silver,2024-12-05,,True
2438,Jason Tran,West,Standard,2022-07-25,,True
2439,Nicole Rose,South,Standard,2022-11-14,2024-01-10,False
2440,Amanda Campbell,East,Standard,2023-10-02,,True
2441,Amanda Brady,North,Standard,2022-01-31,2025-04-06,False
2442,James Cardenas,North,Standard,2024-11-03,,True
2443,Jonathan Warner,Central,Gold,2025-01-23,2025-11-13,False
2444,Patrick Weaver,East,Standard,2024-07-23,,True
2445,Kevin Myers,North,Standard,2025-03-18,,True
2446,Rachel Coleman,West,Standard,2024-11-26,,True
2447,Jimmy Garcia,South,Silver,2024-08-06,,True
2448,Jamie Jordan,South,Standard,2025-05-21,,True
2449,Donald Mitchell,Central,Silver,2022-10-11,,True
2450,Janet Kaiser,Central,Standard,2024-06-15,,True
2451,Michelle Chavez,South,Silver,2024-07-17,2025-12-05,False
2452,Ray West,North,Standard,2024-01-08,,True
2453,Eric Thomas,Central,Standard,2023-09-01,,True
2454,Justin Clark,South,Standard,2024-03-14,,True
2455,Angela Powell,South,Silver,2025-04-17,,True
2456,Sara Hodges,Central,Standard,2024-12-05,,True
2457,Jason Yang PhD,West,Silver,2022-03-17,,True
2458,Shelby Adams,North,Standard,2022-02-16,2025-05-17,False
2459,Jonathan Chung II,East,Silver,2022-09-24,2025-02-14,False
2460,Mr. Patrick Quinn,East,Gold,2023-08-12,,True
2461,Billy Martinez,North,Standard,2025-03-21,,True
2462,Craig Kane,West,Standard,2022-01-18,2025-01-14,False
2463,Kathleen Sims,West,Standard,2022-05-26,,True
2464,Shane Barnes,North,Gold,2023-11-01,,True
2465,Zachary Cortez,West,Gold,2022-01-12,,True
2466,Frank Preston,Central,Standard,2025-01-28,,True
2467,Michael Lang,South,Standard,2023-12-21,2024-05-01,False
2468,Larry Kennedy,West,Silver,2025-04-29,,True
2469,Paul Ferrell,North,Standard,2022-09-26,,True
2470,Mike Wells,Central,Standard,2025-03-29,,True
2471,John Holder,West,Standard,2023-02-10,,True
2472,Christina Davis,South,Standard,2022-01-08,,True
2473,Mario Wheeler,East,Standard,2023-08-09,,True
2474,Sophia Cooper,East,Standard,2022-03-27,,True
2475,Duane Buck,Central,Standard,2022-01-19,,True
2476,Holly Wang,North,Silver,2023-06-28,,True
2477,Margaret Harris,West,Gold,2025-04-07,,True
2478,Christopher Elliott,North,Gold,2024-01-27,2024-04-08,False
2479,Janet Johnston,East,Standard,2022-06-11,2025-01-16,False
2480,Tracy Mclaughlin,East,Gold,2024-12-24,,True
2481,Christine Smith,South,Standard,2024-02-25,,True
2482,Timothy Mendez,West,Standard,2022-10-23,,True
2483,Aaron Miller,Central,Gold,2022-07-02,,True
2484,Robert Coleman,South,Standard,2025-05-22,,True
2485,Peter Allen,Central,Standard,2023-08-25,,True
2486,Michelle Kelly,East,Gold,2023-05-17,,True
2487,Blake Jacobs,East,Standard,2024-12-06,,True
2488,Diamond Thomas,South,Standard,2022-09-30,2024-05-01,False
2489,Michael King,South,Silver,2023-07-12,,True
2490,Marissa Thompson,South,Gold,2022-06-03,,True
2491,Patricia Reed,East,Silver,2025-01-10,,True
2492,Sherri Knapp,Central,Gold,2023-06-26,,True
2493,Timothy Cowan,West,Gold,2022-09-01,,True
2494,Cory Willis,South,Silver,2022-09-07,,True
2495,Sydney Shaw,Central,Gold,2023-02-24,,True
2496,Matthew May,East,Standard,2022-01-17,,True
2497,Michele Hill MD,Central,Gold,2023-05-24,,True
2498,Kaitlin Lawson,North,Standard,2024-01-01,2024-01-23,False
2499,Maria Gardner,South,Silver,2023-08-03,2024-05-06,False
2500,Louis Reeves,East,Gold,2022-05-13,,True
2501,Angela Flowers,West,Gold,2024-06-19,2024-09-26,False
2502,Michael Edwards,East,Standard,2022-06-02,,True
2503,Samuel Rios,East,Standard,2024-12-30,,True
2504,Michael Yoder,South,Standard,2024-07-29,,True
2505,Dr. Holly Smith,South,Standard,2025-02-19,2025-04-13,False
2506,Michael Brown,Central,Silver,2024-04-27,,True
2507,Brittany Adams,Central,Silver,2022-09-04,,True
2508,Melissa Ortiz,South,Silver,2022-08-09,2024-02-02,False
2509,Teresa Collins,South,Silver,2024-03-21,,True
2510,John Huff,East,Standard,2023-12-17,,True
2511,Anita Hardin,West,Standard,2022-04-20,,True
2512,Evan Sims,Central,Standard,2022-08-21,,True
2513,Adam Little,East,Standard,2022-01-26,,True
2514,Elizabeth Becker,West,Standard,2023-08-11,2025-10-02,False
2515,Nancy Collins,South,Standard,2025-04-17,2025-11-26,False
2516,Douglas Cunningham,South,Standard,2023-04-30,,True
2517,Denise Gonzalez,North,Gold,2023-06-13,,True
2518,Brandon Kelly,West,Standard,2025-06-03,2025-07-27,False
2519,Kelly Gallegos,South,Silver,2023-04-09,,True
2520,Travis Richards,North,Standard,2024-05-26,,True
2521,Wendy Hamilton,West,Gold,2022-07-18,,True
2522,Donna Peterson,West,Silver,2024-04-04,,True
2523,Debra Palmer,West,Gold,2025-05-20,2025-09-21,False
2524,Dean Weeks,West,Standard,2022-09-26,,True
2525,Karen Mcdonald,North,Silver,2023-10-22,,True
2526,Mary Valenzuela,West,Silver,2023-02-17,,True
2527,Ian Santana,West,Silver,2023-02-16,,True
2528,Steven Lopez,Central,Silver,2022-07-22,2024-12-13,False
2529,Joshua Walton,Central,Silver,2023-04-02,,True
2530,Linda Neal,North,Standard,2023-07-15,,True
2531,David Cummings,West,Standard,2024-07-21,,True
2532,Mr. Andrew Hickman,North,Gold,2024-02-06,,True
2533,Tammy Rodriguez,South,Standard,2022-10-26,,True
2534,Kenneth Watkins,West,Gold,2023-06-28,,True
2535,Eric Carlson,North,Silver,2022-07-29,,True
2536,Tiffany Bradley,Central,Silver,2024-06-09,,True
2537,Rachel Brown,North,Standard,2022-06-28,,True
2538,Brenda Reed,West,Standard,2022-04-26,,True
2539,Matthew Gonzalez,East,Silver,2023-05-21,,True
2540,Scott Kim,East,Standard,2022-08-08,2024-08-12,False
2541,Justin Rowe,West,Standard,2024-07-12,,True
2542,Brett Pierce,North,Silver,2022-01-07,,True
2543,John Bennett,South,Standard,2023-05-18,,True
2544,Thomas Hughes,West,Standard,2023-08-15,,True
2545,Jennifer Murphy,Central,Standard,2023-02-11,,True
2546,Shelley Carlson,Central,Gold,2022-12-28,,True
2547,Michael Cordova,Central,Standard,2023-11-13,,True
2548,Cassandra Young,West,Standard,2022-02-04,,True
2549,April Greene,North,Standard,2023-04-08,,True
2550,David Porter,Central,Gold,2023-05-24,,True
2551,Brandon Cruz,South,Gold,2022-02-26,,True
2552,Eric Leonard,North,Standard,2022-08-18,,True
2553,Troy White,South,Silver,2023-09-06,,True
2554,Ashley Drake,North,Standard,2023-05-24,,True
2555,Mary Sullivan,West,Silver,2023-03-18,,True
2556,Carl Hunter,North,Standard,2024-10-26,,True
2557,Matthew Santiago,West,Silver,2024-05-25,,True
2558,Patrick Wilson,Central,Silver,2023-06-24,2024-02-09,False
2559,Kathryn Norman,South,Standard,2024-10-26,,True
2560,Valerie Rodriguez,West,Standard,2024-06-27,,True
2561,Peter Berg,South,Gold,2022-08-17,,True
2562,Michelle Scott,Central,Gold,2022-04-13,2024-01-06,False
2563,Shelby Graham,South,Standard,2023-10-20,,True
2564,Sean Stevens,South,Standard,2023-08-17,,True
2565,Jeffery Leonard,North,Standard,2022-03-05,2025-03-13,False
2566,Derek Carter,East,Silver,2024-09-05,,True
2567,Edward Johnson,West,Standard,2023-06-17,,True
2568,Jennifer Thompson,South,Standard,2022-05-23,2025-06-18,False
2569,Charles Snyder,South,Gold,2023-11-14,,True
2570,Jimmy Williamson,North,Silver,2025-02-13,,True
2571,Tara Hoover,East,Standard,2025-03-18,,True
2572,Gabriel Johnson,West,Gold,2023-12-28,,True
2573,Ashley Hunt,Central,Silver,2024-02-17,2025-06-25,False
2574,Mark Turner,Central,Gold,2024-07-14,,True
2575,Mikayla Newton,South,Standard,2023-05-27,2024-05-14,False
2576,Rebecca Duncan,West,Standard,2022-04-12,2025-10-28,False
2577,Kimberly Leon,West,Standard,2025-06-23,,True
2578,Kenneth Lewis,Central,Standard,2024-06-04,,True
2579,Michael Lopez,Central,Standard,2025-04-08,,True
2580,James White,Central,Silver,2023-10-02,,True
2581,Richard Sandoval,South,Standard,2022-12-30,2024-01-04,False
2582,Richard Reid,South,Standard,2022-12-17,,True
2583,Michael Walker,East,Standard,2022-05-04,,True
2584,Lisa Murray,North,Silver,2024-02-20,,True
2585,Kimberly Alvarez,Central,Standard,2023-06-21,,True
2586,Francisco Carson,North,Standard,2023-12-13,,True
2587,Kathryn Patel,West,Gold,2022-07-13,,True
2588,Jamie Guerrero,South,Silver,2022-08-05,,True
2589,John Mercer,Central,Silver,2023-12-30,,True
2590,Kendra Torres,Central,Silver,2022-04-17,,True
2591,John Moore,Central,Standard,2024-08-16,,True
2592,Krystal Perry,West,Silver,2024-01-17,,True
2593,Diane Manning,East,Gold,2024-09-03,,True
2594,Joshua Gray,North,Silver,2025-06-16,,True
2595,James Lewis,East,Standard,2025-04-25,,True
2596,Sean Wang,West,Silver,2022-05-22,,True
2597,Krista Bell,West,Silver,2025-06-10,,True
2598,Diana Townsend,North,Standard,2022-10-05,,True
2599,Madeline Fields,South,Standard,2024-03-15,2025-05-24,False
2600,Courtney Powell,East,Standard,2023-10-03,,True
2601,Tim Moore,West,Standard,2024-08-23,,True
2602,Aaron Gallegos,South,Silver,2025-01-19,,True
2603,Melinda Garcia,North,Silver,2024-08-31,,True
2604,Jason Lopez,Central,Gold,2024-01-11,,True
2605,Leonard Gordon,West,Silver,2022-02-07,,True
2606,Jennifer Johnson,Central,Gold,2022-04-13,,True
2607,Mario Cohen,East,Standard,2024-02-18,,True
2608,Kyle Clarke,East,Standard,2025-04-29,,True
2609,Cheryl Gentry,Central,Gold,2023-05-12,,True
2610,Cynthia Kennedy,East,Gold,2023-08-08,,True
2611,Casey Brown,Central,Silver,2024-06-28,,True
2612,Judy Sutton,Central,Silver,2022-02-09,,True
2613,Joel Davidson,West,Standard,2023-07-21,2024-06-25,False
2614,Shelby Stout,South,Gold,2024-10-22,,True
2615,Paul Fleming,South,Silver,2022-11-09,2025-06-11,False
2616,James Logan,South,Standard,2023-06-03,2025-01-14,False
2617,Michelle Lawson,North,Standard,2025-05-06,2025-12-03,False
2618,Ronald Brown,North,Silver,2025-06-16,2025-11-04,False
2619,Molly Williams,South,Silver,2024-11-01,,True
2620,Lori Alexander,West,Standard,2023-05-25,,True
2621,Ryan Chang,East,Standard,2024-10-01,,True
2622,Holly Douglas,South,Standard,2024-01-10,2025-08-02,False
2623,Mr. Gary Benson,South,Silver,2022-07-01,2024-06-26,False
2624,Nicole Peterson,East,Silver,2023-08-08,2025-06-01,False
2625,David Hill,East,Standard,2024-05-29,2024-12-07,False
2626,Joseph Johnson,Central,Standard,2022-02-15,,True
2627,Michelle Parker,North,Standard,2025-01-28,,True
2628,Elizabeth Marquez,East,Standard,2024-07-02,,True
2629,Betty Lawson,Central,Silver,2024-05-09,2024-08-09,False
2630,Darren Rosales,North,Silver,2025-01-01,,True
2631,Adam Diaz,South,Standard,2024-01-15,,True
2632,Kellie Woods,East,Gold,2023-10-11,,True
2633,Maria Matthews,West,Gold,2025-02-22,,True
2634,Timothy Wong,North,Silver,2023-10-02,2025-01-17,False
2635,Mr. James Barnett,West,Standard,2025-01-16,,True
2636,Daniel Hernandez,West,Gold,2022-03-24,,True
2637,Barbara Gonzalez,Central,Gold,2024-02-16,,True
2638,Margaret Smith,West,Silver,2023-09-29,,True
2639,Rachel Villanueva,West,Gold,2024-08-10,,True
2640,Andrew Sims,North,Silver,2024-08-03,,True
2641,Denise Nixon,East,Silver,2025-04-29,,True
2642,Angela Yates,East,Silver,2024-12-16,,True
2643,Dana Robles,North,Standard,2023-07-24,,True
2644,Shannon Perez,East,Silver,2022-08-22,,True
2645,William Baker,East,Standard,2024-07-04,,True
2646,Sylvia Escobar,South,Standard,2022-12-21,2025-06-26,False
2647,Daniel Sanchez,North,Standard,2022-06-19,,True
2648,Brett Keith,West,Silver,2024-08-29,,True
2649,Angel Mendoza,South,Silver,2022-03-07,,True
2650,Brett Lawrence,West,Standard,2023-07-18,,True
2651,Adam Jordan,North,Gold,2024-02-03,,True
2652,Marvin Chapman,East,Silver,2025-02-28,2025-10-06,False
2653,Wendy King,East,Silver,2024-03-21,,True
2654,Erin Webb,East,Standard,2023-06-04,2024-07-16,False
2655,Deborah Patel,West,Gold,2022-12-29,,True
2656,Lori Rodriguez,East,Standard,2023-03-12,2025-05-09,False
2657,Aaron Barry,East,Standard,2024-08-23,,True
2658,Philip Chambers,East,Standard,2023-10-13,2024-12-27,False
2659,Grace Mcdaniel,East,Silver,2022-05-01,,True
2660,Brian Hall,South,Gold,2024-11-15,,True
2661,Kaitlyn Cohen,West,Standard,2023-01-27,2024-08-10,False
2662,Michael Morris,West,Gold,2025-03-29,,True
2663,Christopher Moore,South,Standard,2022-09-02,,True
2664,Kara Larson,West,Silver,2024-04-25,2024-11-11,False
2665,Crystal Baker,Central,Standard,2023-06-16,,True
2666,Eric Acosta,East,Standard,2025-04-07,2025-11-16,False
2667,Eric Elliott,North,Silver,2024-11-24,,True
2668,Todd Brown,Central,Silver,2024-08-31,,True
2669,Brenda Bryant,South,Standard,2023-06-06,,True
2670,Christina Bates,North,Standard,2022-12-16,,True
2671,Allison Simmons,Central,Standard,2022-11-23,,True
2672,Rebecca Williamson,East,Gold,2023-05-03,2025-02-11,False
2673,Benjamin Martin,Central,Gold,2023-07-16,,True
2674,Leslie Crane,East,Standard,2024-07-11,,True
2675,Jeanette Moyer,North,Standard,2025-04-22,,True
2676,William Willis,East,Standard,2024-06-20,,True
2677,Grant Medina,East,Silver,2022-03-17,,True
2678,John Gilmore,South,Standard,2023-07-14,,True
2679,Morgan Holloway,South,Standard,2022-04-05,,True
2680,Laura Hoffman,Central,Standard,2025-01-20,,True
2681,Joshua Guerrero,West,Silver,2023-07-14,,True
2682,Brenda Carrillo,East,Standard,2023-12-12,2025-08-19,False
2683,Nancy Krueger,East,Standard,2025-01-16,,True
2684,Nicole Lewis,Central,Silver,2023-04-06,,True
2685,Jack Gonzalez,North,Standard,2023-02-14,,True
2686,Tasha Taylor,East,Standard,2025-05-24,2025-07-20,False
2687,Robert Yates,East,Standard,2024-03-30,,True
2688,William Brooks,East,Silver,2024-11-27,,True
2689,Toni Marks MD,South,Standard,2023-12-23,,True
2690,Gene Jones,Central,Gold,2023-11-19,,True
2691,Ashley Moore,Central,Standard,2022-04-07,2024-03-08,False
2692,Laura Mcdonald,South,Standard,2023-10-18,,True
2693,Benjamin Sutton,North,Standard,2024-04-09,,True
2694,Steve Gamble,North,Standard,2024-11-09,,True
2695,Christopher Johnston,West,Standard,2022-07-14,,True
2696,Tiffany Preston,Central,Gold,2023-08-03,2025-07-24,False
2697,Marcus Price,West,Silver,2023-05-28,,True
2698,Scott Silva,East,Standard,2022-01-11,2024-08-23,False
2699,Martha Gonzalez,South,Silver,2024-09-06,,True
2700,Stephanie Espinoza,Central,Standard,2024-11-14,,True
2701,Charles Parker,West,Silver,2024-01-07,,True
2702,Terry Williams,North,Silver,2022-05-09,,True
2703,Benjamin Harrell,West,Standard,2022-06-12,,True
2704,Christina Martin,East,Silver,2025-03-30,,True
2705,Thomas Barton,West,Standard,2025-06-18,,True
2706,Terry Martinez,South,Standard,2022-02-04,,True
2707,Sean Dickerson,Central,Standard,2025-04-24,,True
2708,Craig Wise,East,Standard,2022-09-24,2024-02-05,False
2709,Wayne Hunter,East,Silver,2024-01-24,,True
2710,Carla Clark,East,Standard,2024-01-08,,True
2711,Heather Cowan,North,Standard,2025-04-15,,True
2712,Brandon Hunter,North,Standard,2023-06-14,,True
2713,Theresa Smith,West,Silver,2023-09-02,,True
2714,Ariel Ward,East,Silver,2023-04-30,2024-11-02,False
2715,Tracy Pearson,Central,Silver,2023-01-31,,True
2716,Marie Patrick,Central,Standard,2022-10-20,,True
2717,Victor Blair,North,Standard,2025-01-22,,True
2718,Cassandra Smith,North,Silver,2025-02-18,2025-03-04,False
2719,John Williams,Central,Standard,2023-10-24,,True
2720,Patrick Carter,Central,Standard,2024-01-31,,True
2721,Jennifer Thompson,Central,Standard,2024-02-28,,True
2722,Mary Diaz,South,Gold,2023-10-24,2024-04-20,False
2723,Amanda Harris,West,Standard,2025-03-26,,True
2724,Ryan Howell,South,Silver,2023-05-31,,True
2725,Allen Ruiz,Central,Standard,2022-02-06,,True
2726,Jason Ryan,West,Silver,2024-07-26,,True
2727,Carolyn Garcia,East,Standard,2024-08-30,,True
2728,Jason Jones,South,Standard,2023-03-21,,True
2729,Steven Alexander,North,Silver,2025-05-21,2025-09-02,False
2730,April Alvarez,Central,Silver,2024-12-29,,True
2731,Frank Fernandez,North,Silver,2025-02-21,,True
2732,Anne Vasquez,West,Standard,2025-05-06,,True
2733,Beth Robertson,North,Silver,2024-11-26,,True
2734,Natalie Love,South,Standard,2024-10-24,2024-12-24,False
2735,Danielle King,West,Standard,2022-12-27,,True
2736,Michael Murray,North,Silver,2024-07-20,,True
2737,Victoria Adams,Central,Silver,2024-01-24,,True
2738,James Thomas,West,Standard,2025-02-21,,True
2739,Nicole Marsh,North,Standard,2024-07-28,,True
2740,Veronica Smith,South,Gold,2024-03-17,,True
2741,Cynthia Sanders,North,Silver,2024-03-20,,True
2742,Dr. Cody Kane,South,Standard,2022-01-15,,True
2743,Willie Chavez,East,Standard,2025-05-23,,True
2744,Mary Robertson,Central,Standard,2022-12-02,2024-11-17,False
2745,Charlotte Peterson DVM,South,Silver,2023-03-07,,True
2746,Brent Chase,East,Standard,2024-09-12,,True
2747,Richard Simmons,East,Gold,2024-08-31,,True
2748,Anna Hester,West,Silver,2022-02-02,,True
2749,Micheal Martinez,East,Gold,2024-11-25,,True
2750,Juan Ayers,Central,Standard,2023-03-20,,True
2751,Catherine Wilkins,Central,Standard,2025-05-17,,True
2752,Brenda Becker,South,Gold,2025-02-04,,True
2753,Patrick Fox,North,Standard,2024-09-17,,True
2754,Kerry Williams,Central,Gold,2024-09-22,,True
2755,Melissa Osborn,North,Silver,2023-11-12,,True
2756,Madison Trevino,East,Standard,2022-08-01,2024-04-25,False
2757,Michelle Fernandez,East,Gold,2022-10-16,,True
2758,Dale Williams,South,Standard,2025-05-03,,True
2759,James Boyd,Central,Standard,2025-05-21,,True
2760,Frank Griffith,East,Silver,2023-06-22,,True
2761,Michael Barnett,West,Standard,2023-01-18,,True
2762,Linda Jones,Central,Standard,2022-09-24,,True
2763,John Martin,South,Standard,2024-08-21,,True
2764,Veronica Myers,South,Silver,2025-05-25,,True
2765,Kevin Wright,East,Silver,2022-07-23,,True
2766,Travis Taylor,South,Standard,2023-03-24,,True
2767,Laurie Chambers,South,Standard,2023-05-28,,True
2768,Donald Murphy,North,Silver,2022-09-20,,True
2769,Patricia George,South,Silver,2024-03-23,2025-02-23,False
2770,Rodney Weaver,West,Silver,2022-10-24,,True
2771,Nicole Cortez,South,Standard,2024-02-18,2024-06-01,False
2772,Amanda Massey,West,Gold,2025-01-21,,True
2773,Jessica Jackson,Central,Gold,2022-11-22,,True
2774,Katherine Carter,Central,Standard,2024-06-24,,True
2775,Nicholas Moyer,Central,Standard,2023-10-30,,True
2776,Samuel Simpson,West,Standard,2025-01-08,,True
2777,Anthony Garcia,South,Standard,2024-06-14,,True
2778,Summer Bowman,Central,Standard,2024-09-09,2025-10-16,False
2779,Howard Smith,West,Silver,2023-02-24,2025-05-01,False
2780,Mr. Daniel Hamilton,South,Silver,2024-06-28,,True
2781,Samantha Freeman DDS,East,Standard,2022-12-06,,True
2782,Sheila Contreras,Central,Silver,2023-12-23,,True
2783,Maria Garcia,North,Gold,2022-02-23,2024-03-19,False
2784,Cynthia Carpenter,Central,Standard,2022-05-02,,True
2785,Michelle Williams,East,Standard,2024-06-24,2025-05-25,False
2786,Joe Boyer,West,Gold,2024-04-05,,True
2787,Robert Garner,North,Standard,2022-02-17,,True
2788,Cindy White,Central,Gold,2023-07-05,,True
2789,Jason Johnson,East,Standard,2024-03-15,2024-10-16,False
2790,Heather Vega,North,Standard,2023-08-06,,True
2791,Destiny Bowers,Central,Standard,2023-03-26,,True
2792,Madison Mack,West,Silver,2023-02-19,,True
2793,Sharon Wong,North,Silver,2022-07-24,,True
2794,Priscilla Jackson,Central,Silver,2024-08-03,,True
2795,Guy Medina,East,Silver,2023-09-30,,True
2796,Emily Torres,East,Standard,2024-10-24,,True
2797,Jared Howell,North,Standard,2025-03-12,,True
2798,Christina Chase,Central,Gold,2024-03-26,,True
2799,Jeffrey Ward,Central,Silver,2023-09-12,,True
2800,Alan Lopez,West,Standard,2022-07-23,,True
2801,Elizabeth Castro,East,Standard,2023-02-01,2025-01-04,False
2802,Brandon Dawson,North,Silver,2022-08-16,2025-03-27,False
2803,Sarah Thomas,Central,Silver,2025-03-13,,True
2804,Casey Cruz,Central,Standard,2023-03-11,,True
2805,Sherri Lindsey,West,Silver,2024-12-14,,True
2806,Erica Walker,Central,Standard,2024-02-22,,True
2807,Christopher Haney,East,Silver,2024-11-20,,True
2808,Michael Robinson,Central,Standard,2022-02-03,,True
2809,Robert Thomas,West,Standard,2025-01-21,,True
2810,Karen Gonzales,Central,Standard,2023-01-14,2025-12-05,False
2811,Mrs. Charlotte Stone MD,East,Standard,2023-12-11,,True
2812,Dean Robles,Central,Standard,2024-01-05,2025-10-21,False
2813,Jacob Schaefer,East,Standard,2023-04-10,2025-08-08,False
2814,Angela Steele,North,Silver,2022-10-27,,True
2815,Michaela Pope,Central,Silver,2023-02-15,,True
2816,Thomas Duke,West,Standard,2024-01-09,,True
2817,Ashley Mckenzie,South,Standard,2024-06-22,,True
2818,Michael Bray,South,Standard,2022-10-18,,True
2819,Derrick Copeland,Central,Gold,2024-11-13,,True
2820,Amy Forbes,East,Gold,2023-08-11,2024-11-15,False
2821,Matthew Huang,South,Silver,2022-01-29,,True
2822,Amy Gomez,South,Silver,2023-09-01,,True
2823,David Mosley,West,Silver,2025-05-03,,True
2824,Phillip Anderson,South,Silver,2022-02-05,2025-03-12,False
2825,Emily Terry,South,Standard,2023-05-21,,True
2826,Robert Romero,East,Standard,2023-01-24,,True
2827,Veronica Matthews,East,Silver,2023-06-04,,True
2828,Amy Webster,North,Standard,2025-01-05,,True
2829,Andrea Brown,West,Standard,2024-01-20,,True
2830,Cory Petty,East,Standard,2023-06-12,,True
2831,Sara Johnson DVM,Central,Standard,2024-09-14,,True
2832,Brandon Powell,West,Standard,2024-07-18,,True
2833,Renee James,South,Standard,2024-06-13,,True
2834,Catherine Collins,West,Standard,2023-08-29,,True
2835,David Davis,West,Standard,2022-08-15,,True
2836,Gregory Holland,East,Gold,2022-11-29,,True
2837,Brandon Scott,North,Standard,2022-04-15,,True
2838,Justin Fleming,Central,Silver,2025-01-26,,True
2839,William Smith,West,Silver,2022-05-02,,True
2840,Robert Carroll,East,Standard,2023-02-22,,True
2841,Christopher Fields,East,Silver,2023-04-24,,True
2842,Vanessa Davis,East,Silver,2023-09-28,,True
2843,James Thompson,West,Standard,2024-05-21,,True
2844,Patricia Romero,South,Silver,2023-07-17,,True
2845,Marco Mcconnell,Central,Silver,2024-11-05,,True
2846,Barbara Villa,Central,Standard,2025-02-07,,True
2847,Michael Lawrence,South,Standard,2025-04-08,,True
2848,Corey Moore,North,Silver,2022-08-02,,True
2849,Jesse Barrett,North,Standard,2024-02-22,,True
2850,Mary Jones,North,Standard,2024-11-27,2025-10-05,False
2851,Tyler Henry,West,Standard,2022-11-11,,True
2852,Anthony Haas,East,Standard,2024-10-10,,True
2853,Mary Webster,North,Standard,2023-09-06,,True
2854,Ann Pena,North,Standard,2024-01-25,,True
2855,Michaela Boyd,Central,Silver,2025-03-09,,True
2856,Chad Gallagher,South,Gold,2024-08-23,2025-07-07,False
2857,Jennifer Bennett,North,Silver,2023-01-09,,True
2858,Frank Webb MD,North,Standard,2023-09-18,,True
2859,Donna Sutton,Central,Standard,2023-09-27,,True
2860,Chelsea Davis,Central,Silver,2022-03-12,,True
2861,Laura Thompson,South,Gold,2025-02-12,,True
2862,Walter Cruz,South,Standard,2023-02-05,2024-02-05,False
2863,Samantha Sutton,West,Silver,2023-03-25,,True
2864,Sarah Hicks,North,Silver,2023-07-08,,True
2865,Daniel Bryant,East,Silver,2024-05-19,,True
2866,Frank Klein,East,Standard,2022-08-25,,True
2867,Lisa Williams,North,Standard,2023-09-24,,True
2868,Audrey Roberts,North,Standard,2023-05-02,,True
2869,Suzanne Rivera,East,Gold,2025-02-28,,True
2870,Darryl Lowery,East,Gold,2022-08-14,,True
2871,Lisa Scott,East,Standard,2023-05-28,2024-04-23,False
2872,Michelle Barrera,North,Standard,2025-03-22,,True
2873,Martha Mcintyre,South,Silver,2023-01-31,,True
2874,Rodney Bennett,South,Silver,2023-06-07,,True
2875,Richard King,North,Standard,2024-12-11,,True
2876,Amanda Wang,West,Standard,2022-01-14,,True
2877,Andrea Wilson,North,Gold,2022-06-14,,True
2878,Andrea Herrera,East,Standard,2022-07-22,,True
2879,Tina Espinoza,North,Standard,2022-08-02,,True
2880,Dustin Foley,East,Silver,2024-06-05,,True
2881,Stephen Harris,North,Gold,2022-11-30,2025-07-09,False
2882,Christina Holmes,South,Silver,2022-04-21,,True
2883,Brian Johnson,North,Gold,2022-02-15,,True
2884,Michael Jones,West,Standard,2023-05-11,,True
2885,Oscar Ramos,East,Gold,2023-07-11,,True
2886,Kathy Villegas,Central,Standard,2024-09-08,,True
2887,Amanda Smith,West,Standard,2024-09-07,,True
2888,Christopher Murray,West,Silver,2022-07-14,2025-09-19,False
2889,Travis Wagner,North,Standard,2025-02-24,2025-03-13,False
2890,Gabriella Griffith,North,Standard,2022-10-15,,True
2891,Lindsay Roberts,West,Standard,2022-02-02,2024-11-17,False
2892,Emily Rodriguez,Central,Gold,2022-07-25,,True
2893,Alicia Le,East,Standard,2022-03-25,,True
2894,Andrew Valenzuela,East,Standard,2024-07-12,,True
2895,Aaron Brown,North,Standard,2024-05-23,,True
2896,Shannon Gill,East,Standard,2023-05-10,,True
2897,Alicia Holloway,West,Silver,2022-02-14,,True
2898,Jasmin Jennings,East,Silver,2023-08-31,,True
2899,John Wright,South,Silver,2023-05-09,2025-10-26,False
2900,Karen Roach,West,Silver,2025-06-04,,True
2901,Courtney Mitchell,East,Silver,2023-08-03,,True
2902,Jasmine Scott,North,Silver,2024-07-21,,True
2903,Jessica Evans,East,Standard,2022-07-24,,True
2904,Sarah Archer,West,Silver,2022-02-24,2024-10-26,False
2905,Christine Sullivan,South,Standard,2022-06-09,,True
2906,Jesse Farley,North,Silver,2025-02-01,,True
2907,Maurice Anderson,Central,Standard,2023-08-15,,True
2908,Micheal Carroll,West,Standard,2023-11-08,,True
2909,Rachel Cox,Central,Silver,2025-04-24,,True
2910,Jade Parker,West,Standard,2023-08-15,2025-09-21,False
2911,Joshua Chavez,West,Gold,2023-05-17,,True
2912,Jennifer Gonzalez,North,Standard,2025-02-28,2025-12-17,False
2913,Mary Giles,North,Standard,2023-03-07,,True
2914,Allison Clark,North,Standard,2023-07-05,,True
2915,William Becker,South,Silver,2023-12-25,,True
2916,Laura Owen,Central,Standard,2024-09-08,,True
2917,Oscar Farmer,Central,Standard,2022-07-12,2024-08-19,False
2918,Pamela Schmidt,Central,Standard,2023-09-14,,True
2919,Austin Smith,North,Standard,2024-03-12,2024-04-04,False
2920,Brandon Huynh,South,Standard,2025-03-20,2025-11-23,False
2921,Tina Parker,North,Standard,2023-04-01,,True
2922,Emily Conway,Central,Standard,2022-03-26,,True
2923,Eric Lang,South,Standard,2023-07-24,2024-09-04,False
2924,Bryan Kent,North,Gold,2022-07-23,2025-10-04,False
2925,Melissa Campbell,North,Standard,2023-06-07,2025-02-14,False
2926,Tony Blankenship,South,Silver,2024-12-18,2025-03-22,False
2927,Spencer Kennedy,North,Silver,2022-05-04,,True
2928,Laurie Huerta,North,Standard,2023-09-01,,True
2929,Kenneth West,Central,Silver,2023-04-08,,True
2930,Michael Cooper MD,South,Standard,2022-01-26,,True
2931,Marcus Byrd,South,Standard,2022-04-19,2024-09-27,False
2932,Timothy Horne,West,Standard,2025-03-15,,True
2933,Ebony Mcguire,Central,Standard,2022-09-09,,True
2934,William Simpson,East,Silver,2024-09-30,,True
2935,Wendy Diaz,South,Silver,2024-03-04,,True
2936,Dr. Allison Flores,Central,Standard,2022-11-19,2025-01-09,False
2937,Melody Baker,North,Standard,2022-08-01,,True
2938,Don Carney,South,Silver,2025-06-25,,True
2939,Faith Johnson,South,Silver,2024-04-17,,True
2940,Kenneth Turner,Central,Standard,2025-01-17,2025-12-05,False
2941,Michael Nelson,South,Gold,2022-09-12,2024-12-09,False
2942,Jose Chaney,North,Standard,2023-04-24,,True
2943,Gregory Green,Central,Standard,2023-06-26,2025-05-31,False
2944,Bradley Cole,South,Standard,2022-09-04,,True
2945,Susan Hensley,West,Standard,2024-05-07,,True
2946,Philip Sanchez,North,Standard,2025-02-17,2025-02-24,False
2947,Cynthia Miller,North,Silver,2022-08-14,2024-02-17,False
2948,Nancy Peterson,Central,Gold,2022-04-07,,True
2949,Kevin Sheppard,West,Silver,2025-03-05,,True
2950,Erin Ortega,West,Silver,2025-05-21,,True
2951,Charles Hardin,South,Standard,2024-02-21,,True
2952,Anna Hamilton,East,Standard,2025-03-28,2025-05-18,False
2953,Mitchell Hughes,West,Standard,2024-05-24,,True
2954,Robert Erickson,South,Silver,2024-03-09,,True
2955,Nicholas Vargas,North,Silver,2023-09-25,2025-05-30,False
2956,Jordan Miller,West,Silver,2025-01-03,,True
2957,Shawn Johnston,North,Silver,2025-05-28,,True
2958,Philip Lopez,East,Standard,2022-08-30,,True
2959,James Huff,North,Silver,2024-12-18,2025-09-29,False
2960,Martin Robinson,South,Standard,2023-01-14,,True
2961,David Smith,Central,Gold,2022-11-17,,True
2962,Diana Martin,Central,Standard,2025-02-10,,True
2963,Amy Campos,Central,Standard,2022-03-20,2024-12-26,False
2964,Stephanie Griffin,West,Silver,2023-07-03,,True
2965,Emily Wise,South,Standard,2025-05-31,,True
2966,Lisa Chung,South,Standard,2025-03-12,,True
2967,Emma Howard,South,Silver,2023-12-28,,True
2968,Eric Burns,West,Standard,2024-10-31,,True
2969,Crystal Jackson,South,Silver,2023-11-28,,True
2970,Spencer Nguyen,North,Standard,2024-05-31,,True
2971,Jennifer Melton,East,Standard,2024-10-13,,True
2972,Oscar Cruz,West,Standard,2023-08-16,,True
2973,Rachel James,Central,Silver,2025-04-26,,True
2974,Jacob Hamilton,West,Standard,2025-01-15,,True
2975,Brittany Shah,North,Gold,2024-11-09,,True
2976,John Nelson,South,Standard,2022-10-04,,True
2977,Ronald Nash,North,Standard,2022-09-10,2024-12-29,False
2978,Lawrence Porter,North,Standard,2022-12-21,,True
2979,Katherine Wade,South,Silver,2023-07-10,,True
2980,Troy Mccarthy,Central,Silver,2023-03-27,,True
2981,Joseph Snyder,West,Standard,2024-02-15,,True
2982,Tyler Welch MD,East,Standard,2022-10-04,,True
2983,Lisa George,North,Standard,2023-02-01,,True
2984,James Barker,North,Standard,2023-11-07,,True
2985,Kara Smith,West,Gold,2022-06-13,,True
2986,Tony Barker,West,Gold,2023-04-18,,True
2987,Madison Winters,North,Standard,2025-03-07,,True
2988,Glen Leon,West,Standard,2023-08-31,,True
2989,Rachael Armstrong,West,Standard,2024-06-10,2025-11-05,False
2990,Robin Wright,Central,Standard,2025-03-08,2025-10-05,False
2991,Emily Gilmore,West,Standard,2023-12-20,,True
2992,Frank Moreno,West,Silver,2023-05-06,,True
2993,Theresa Luna,East,Gold,2023-08-14,,True
2994,Corey Carrillo,South,Standard,2022-03-27,,True
2995,Richard Wells,North,Silver,2024-06-27,,True
2996,Henry Oliver,North,Standard,2022-10-12,,True
2997,Tina Washington,North,Gold,2023-12-18,,True
2998,Christina Cochran,West,Standard,2023-02-05,,True
2999,Lisa Phillips,East,Standard,2022-08-29,,True
3000,Kelly Gordon,East,Silver,2022-03-19,,True
3001,Sarah Evans,Central,Gold,2022-11-13,2024-10-01,False
3002,Allen Schneider,Central,Gold,2022-09-18,,True
3003,Wendy Griffin,South,Standard,2023-06-22,2024-09-26,False
3004,Jeremy Edwards,Central,Standard,2023-05-03,,True
3005,Lawrence Mitchell,South,Silver,2025-04-10,2025-08-08,False
3006,Anthony Nguyen,West,Standard,2024-01-19,2024-09-04,False
3007,Ronnie Brooks,West,Silver,2023-09-01,,True
3008,Fred Thompson,South,Standard,2022-02-02,,True
3009,Maria Nguyen,West,Silver,2024-02-22,,True
3010,Jorge Sharp,Central,Gold,2024-08-23,,True
3011,Timothy Taylor Jr.,Central,Gold,2024-06-29,,True
3012,Isaac Kelly,West,Gold,2022-07-28,2025-06-05,False
3013,Benjamin Morales,North,Gold,2022-04-14,,True
3014,Richard Neal,Central,Standard,2022-03-21,,True
3015,Daniel Moore,Central,Standard,2023-12-01,,True
3016,Anthony Vega,North,Standard,2024-08-31,2025-10-28,False
3017,Melissa Mendoza,South,Standard,2022-01-31,,True
3018,Tiffany Best,North,Silver,2022-02-23,,True
3019,James Walters,West,Gold,2022-06-25,,True
3020,Alexander Espinoza,South,Standard,2023-05-21,2025-01-07,False
3021,Curtis Johnson,South,Silver,2023-06-14,,True
3022,Gregory Miller PhD,North,Standard,2022-10-20,,True
3023,Jennifer Hernandez,East,Standard,2023-10-12,,True
3024,Lisa Baker,West,Gold,2022-01-10,,True
3025,Ruben Webster,Central,Standard,2023-04-23,,True
3026,Steven Long,West,Standard,2022-11-24,,True
3027,Walter Powers,South,Gold,2024-04-09,2025-01-18,False
3028,Brian Hughes,West,Standard,2024-09-09,,True
3029,Christine Wolf,East,Silver,2022-05-17,,True
3030,Michael Lewis,North,Gold,2024-07-27,,True
3031,John Holland,North,Standard,2024-01-27,,True
3032,Claire Johnson,East,Standard,2022-10-21,2025-10-11,False
3033,Shannon Clark,East,Standard,2022-01-16,,True
3034,Garrett Joyce,East,Silver,2025-04-23,,True
3035,Justin Mitchell DVM,Central,Standard,2024-02-07,2024-05-31,False
3036,Luis Wilkerson,South,Silver,2024-12-29,,True
3037,Shannon Arroyo,North,Silver,2024-12-24,,True
3038,Keith Moore,East,Silver,2025-04-01,2025-06-23,False
3039,Connor Henderson,North,Standard,2022-03-10,,True
3040,Jason Johnson,East,Gold,2025-01-23,,True
3041,Elizabeth Baker,North,Standard,2024-09-10,,True
3042,Rebecca Harris,West,Silver,2025-04-01,,True
3043,Melanie Johnson,East,Standard,2025-03-19,,True
3044,Adrian Miller,Central,Silver,2025-04-03,,True
3045,Lauren Grant,Central,Silver,2022-10-27,,True
3046,Nicholas Hernandez,South,Standard,2022-12-11,2025-05-28,False
3047,Amanda Jimenez,East,Standard,2022-03-25,,True
3048,William Ray,North,Silver,2024-11-25,,True
3049,Randy Campbell,Central,Gold,2022-02-26,,True
3050,Robert Johnson,South,Silver,2022-12-26,,True
3051,Cynthia West,South,Standard,2022-12-14,,True
3052,Shelley Conley,East,Standard,2022-01-03,,True
3053,Katherine Hall,West,Standard,2023-07-10,,True
3054,Kyle Bryant,North,Standard,2024-12-18,2025-01-04,False
3055,Jacqueline Arnold,West,Standard,2023-08-26,2024-04-29,False
3056,Hannah Thompson,Central,Silver,2022-07-05,,True
3057,Gregory Carter,West,Silver,2023-05-28,,True
3058,Kathleen Daniels,Central,Gold,2024-11-04,,True
3059,Lance Dyer,West,Silver,2023-04-05,,True
3060,John Molina,North,Standard,2023-03-01,,True
3061,Andrew Hunter,West,Standard,2025-01-04,,True
3062,Linda Fernandez,West,Gold,2025-01-01,,True
3063,Brenda Velasquez,East,Gold,2024-11-27,2025-01-29,False
3064,Jason Rodriguez,North,Standard,2022-09-20,2025-05-21,False
3065,Brian Smith,East,Standard,2023-10-02,,True
3066,Carmen Perez,South,Standard,2025-04-07,,True
3067,Bruce Dennis,South,Standard,2024-06-24,,True
3068,Matthew Long,North,Standard,2024-10-13,2025-06-13,False
3069,Victoria Perez,Central,Gold,2024-01-07,2025-07-02,False
3070,Michael Mullins,West,Standard,2024-04-01,,True
3071,Tracy Marsh,West,Silver,2024-07-02,,True
3072,Elizabeth Campos,North,Standard,2023-09-24,2025-10-30,False
3073,Mark Lynn,North,Standard,2023-01-22,,True
3074,Daniel Carey,South,Silver,2022-09-01,2024-01-12,False
3075,Jesse Wilson,Central,Silver,2024-05-18,,True
3076,Alexandra Harper,West,Silver,2025-04-20,,True
3077,Manuel Gillespie,East,Standard,2023-03-14,2024-09-30,False
3078,Meghan Rowland,Central,Silver,2024-03-21,,True
3079,David Wells,West,Standard,2023-09-30,,True
3080,Patricia Henderson,Central,Standard,2024-10-15,,True
3081,Tiffany Cohen,East,Standard,2024-01-20,,True
3082,Olivia Miller,East,Standard,2025-06-23,2025-09-03,False
3083,David Rivas,East,Gold,2022-11-18,,True
3084,James Rogers,North,Standard,2024-03-16,,True
3085,Frank Tran,East,Standard,2024-02-10,,True
3086,Louis Davis,South,Silver,2024-06-17,,True
3087,Megan Johnson,South,Silver,2024-05-22,,True
3088,Christopher Hill,East,Standard,2023-10-09,,True
3089,Misty King,South,Silver,2023-12-23,2025-08-07,False
3090,Jesse Nash,South,Standard,2022-05-31,2025-01-12,False
3091,Jessica Mcdaniel,North,Standard,2022-02-20,,True
3092,John Wright,East,Silver,2025-05-20,,True
3093,Martha Thompson,West,Standard,2023-05-10,,True
3094,Sean Silva,South,Standard,2023-04-26,2024-08-08,False
3095,Rhonda Gould,North,Silver,2023-09-22,,True
3096,William Jacobs,East,Standard,2022-05-29,2024-04-30,False
3097,Robert Jordan DDS,West,Standard,2022-01-31,,True
3098,Joshua Barnes,South,Standard,2025-02-19,,True
3099,Michael Jones,North,Gold,2022-02-12,,True
3100,Mary Wells,West,Gold,2022-04-22,,True
3101,Timothy Taylor,South,Gold,2023-10-10,,True
3102,Cody Gonzalez,East,Standard,2022-01-31,,True
3103,Kristin Woods,Central,Gold,2024-04-21,,True
3104,Lauren Wilson,East,Silver,2025-05-23,,True
3105,Eric Francis,East,Standard,2022-02-20,,True
3106,Jordan Smith,East,Gold,2023-05-14,,True
3107,Joseph Turner,Central,Silver,2023-11-01,,True
3108,David Castillo,Central,Silver,2024-11-01,,True
3109,Karen Lewis,West,Standard,2022-09-30,,True
3110,Lori Trevino,North,Silver,2022-08-09,,True
3111,Brianna Hodges,North,Standard,2022-04-01,2025-05-01,False
3112,Angel Martin DDS,Central,Standard,2023-09-02,,True
3113,Teresa Clayton,North,Standard,2023-06-12,,True
3114,Amanda Flores,South,Standard,2023-06-03,,True
3115,Nicholas Brooks,North,Standard,2023-05-19,,True
3116,Courtney Solomon,Central,Silver,2023-07-28,,True
3117,Katrina Russell,Central,Standard,2023-09-04,,True
3118,Joseph Crawford,East,Standard,2025-01-17,2025-08-26,False
3119,Jennifer Hoffman,North,Standard,2022-04-06,,True
3120,Patricia Williams,West,Silver,2024-06-17,,True
3121,Matthew Hatfield,North,Gold,2022-12-20,,True
3122,Lisa Calhoun,West,Standard,2023-03-12,,True
3123,John Todd,East,Silver,2024-12-27,,True
3124,Kristin Fleming,Central,Gold,2024-12-07,,True
3125,Breanna Rogers,East,Standard,2024-02-04,,True
3126,Kim Jensen,West,Standard,2024-06-01,,True
3127,Shelly Wheeler,East,Standard,2022-03-22,2025-04-04,False
3128,David Lee,East,Standard,2022-10-18,2025-11-07,False
3129,George Lowe,West,Gold,2025-05-25,,True
3130,Mckenzie Lopez,North,Standard,2022-12-22,,True
3131,Melissa Lee,West,Silver,2024-02-22,2025-08-08,False
3132,Kristen Harris,West,Silver,2024-05-25,,True
3133,Autumn Sharp,East,Standard,2023-08-14,,True
3134,Kyle Schultz,West,Silver,2023-01-07,,True
3135,Rhonda Brooks,West,Standard,2023-03-07,,True
3136,Tara Stevens,Central,Silver,2023-05-15,,True
3137,Benjamin Martinez,South,Standard,2023-03-12,,True
3138,Jenna Jones,West,Gold,2023-04-26,,True
3139,Jon Donovan,Central,Gold,2024-11-02,,True
3140,Kayla Fisher,North,Gold,2023-12-04,,True
3141,Miss Katherine Rodriguez,Central,Silver,2022-12-06,,True
3142,Charles Martinez,North,Standard,2023-07-12,,True
3143,Amanda Jones MD,East,Standard,2024-08-27,,True
3144,Patrick Henderson,Central,Standard,2023-11-14,2024-04-03,False
3145,Brian Davila,Central,Silver,2022-02-20,2025-04-27,False
3146,Daniel Munoz,South,Standard,2024-07-07,2024-12-08,False
3147,Heather Young,West,Standard,2024-08-17,,True
3148,Pamela Jackson,West,Standard,2022-01-30,,True
3149,Joshua Smith,East,Silver,2025-05-18,,True
3150,Lisa Dickson,East,Standard,2022-07-24,,True
3151,David Russell,West,Standard,2024-10-29,,True
3152,Stephanie Lowery,North,Standard,2022-11-05,,True
3153,Michael Graham,East,Gold,2022-12-23,,True
3154,Jill Hall,West,Standard,2025-01-03,,True
3155,Jeremy Hernandez,East,Standard,2024-12-17,,True
3156,Nicole Johnson,West,Gold,2025-02-07,,True
3157,Jessica Golden,South,Standard,2024-09-03,2024-12-11,False
3158,Jordan Hughes,East,Standard,2023-03-13,,True
3159,Charles Jones,North,Silver,2023-07-19,,True
3160,Caroline Powell,East,Silver,2024-12-03,,True
3161,Miguel Roach,Central,Standard,2022-10-06,2024-09-14,False
3162,Toni Parks,East,Silver,2023-04-30,,True
3163,Amy Marquez,West,Gold,2023-12-20,,True
3164,Heather Smith,North,Standard,2022-01-28,,True
3165,Jeff Kim,Central,Standard,2023-07-11,,True
3166,Thomas Green,East,Standard,2023-03-21,,True
3167,Kevin Holmes,North,Standard,2022-07-21,,True
3168,Andrew James,West,Gold,2023-11-09,,True
3169,Caitlin Gilbert,South,Standard,2022-03-03,2024-06-15,False
3170,Dawn Hernandez,North,Standard,2023-12-07,2024-07-01,False
3171,Seth Lopez,West,Silver,2022-06-30,,True
3172,Austin Wiggins,East,Standard,2023-06-07,,True
3173,Rachel Wiggins,East,Standard,2024-03-03,,True
3174,Donna Harrison,North,Standard,2025-01-11,,True
3175,Alan Ali,South,Silver,2023-06-25,,True
3176,Raymond Adams,Central,Silver,2024-02-08,,True
3177,Peggy Tran,Central,Standard,2024-09-26,,True
3178,Joseph Lopez,East,Silver,2023-04-16,,True
3179,Christopher Nelson,East,Standard,2024-10-01,,True
3180,Stephanie Long,East,Standard,2024-11-03,,True
3181,Ryan Allen,Central,Standard,2022-08-02,,True
3182,Richard Ford,South,Standard,2024-02-17,,True
3183,Carla Obrien,Central,Standard,2023-08-04,2025-06-02,False
3184,Mrs. Donna Rice,West,Standard,2022-02-23,,True
3185,Krista Barber,South,Standard,2023-09-18,,True
3186,Kelly Hartman,South,Standard,2025-02-08,2025-07-10,False
3187,Jennifer King,South,Silver,2024-01-07,,True
3188,Scott Martinez,Central,Silver,2025-04-10,,True
3189,Sarah Wilson DVM,Central,Silver,2022-02-16,2024-02-23,False
3190,Alexander Freeman,Central,Silver,2023-05-04,,True
3191,Reginald Christensen,North,Standard,2024-08-15,,True
3192,Brenda Leon,North,Standard,2023-07-29,2025-03-07,False
3193,Steven Mckee,South,Gold,2023-05-21,,True
3194,Micheal Watson,West,Standard,2022-11-19,,True
3195,Danielle Thomas,East,Standard,2022-09-19,2024-04-05,False
3196,James Bell,West,Gold,2024-03-27,,True
3197,Shelby Miller,Central,Standard,2025-03-06,,True
3198,Amanda Jarvis,East,Standard,2023-01-11,2025-08-22,False
3199,Eric Hunter,East,Standard,2024-12-16,2025-01-10,False
3200,Patrick Hoffman,North,Standard,2022-01-15,,True
3201,Lydia Watson,South,Silver,2022-03-18,,True
3202,Louis Reed,East,Standard,2023-07-27,,True
3203,Robert Richards,South,Gold,2023-02-21,,True
3204,Jessica Palmer,West,Silver,2025-02-01,,True
3205,Nicole Hunter,North,Standard,2024-04-30,,True
3206,Roger Rivera,West,Silver,2025-06-28,,True
3207,Madison Thomas,North,Standard,2024-06-30,,True
3208,Luis Hill,North,Silver,2024-08-30,,True
3209,Casey Barnes,Central,Silver,2022-10-09,2024-02-02,False
3210,Jessica Carroll,West,Standard,2022-09-05,2025-08-06,False
3211,William Martin,East,Standard,2025-06-17,,True
3212,Rachel Robinson,East,Silver,2022-02-17,,True
3213,Michael Wilson,North,Silver,2025-03-13,,True
3214,Grace Luna,Central,Standard,2024-05-04,,True
3215,Laura Kelley,South,Standard,2023-04-20,2024-12-08,False
3216,Lynn Nguyen,East,Standard,2025-02-24,,True
3217,Michelle Meyer,South,Silver,2022-07-18,,True
3218,Stephanie Perez,East,Gold,2022-12-22,,True
3219,Mr. Jordan Porter,East,Standard,2022-01-29,,True
3220,Tristan Evans,Central,Silver,2024-07-13,,True
3221,Charles Walker,Central,Standard,2025-01-06,,True
3222,Danielle Stein,Central,Standard,2024-09-26,,True
3223,Katie Gutierrez,Central,Silver,2025-03-27,,True
3224,Elizabeth Sanchez,Central,Standard,2023-05-26,,True
3225,Patricia Howe,South,Gold,2024-03-06,2025-11-26,False
3226,Jason Good,South,Gold,2022-03-14,2024-10-23,False
3227,Eric Tucker,Central,Standard,2023-03-02,,True
3228,Jennifer Lewis,North,Gold,2025-06-27,,True
3229,David Ballard,Central,Gold,2023-07-03,,True
3230,Linda Castaneda,West,Standard,2023-03-05,,True
3231,Omar Hernandez,Central,Standard,2022-05-09,,True
3232,Taylor Leon,North,Standard,2023-07-01,,True
3233,Anthony Ruiz,East,Gold,2024-06-08,,True
3234,Ryan Shelton,West,Standard,2022-02-11,,True
3235,Mary Miller,South,Standard,2025-03-17,,True
3236,Brett Davies,East,Standard,2022-07-30,,True
3237,Aaron Nielsen,North,Standard,2022-04-16,,True
3238,Katherine Adams,West,Silver,2024-10-04,2025-11-14,False
3239,Andrea Salazar,East,Silver,2023-01-07,,True
3240,Samuel Moore,North,Standard,2022-06-26,,True
3241,Kathleen Walker,West,Standard,2024-09-17,,True
3242,Christopher Kennedy,East,Standard,2022-12-28,2024-10-14,False
3243,Elizabeth Valdez,East,Silver,2023-08-01,,True
3244,Timothy Bauer,West,Standard,2024-11-05,,True
3245,Joel Warner,West,Standard,2024-12-16,2025-08-26,False
3246,Shaun Hernandez,West,Standard,2022-02-16,,True
3247,Nathan Campbell,North,Gold,2025-06-27,,True
3248,David Olson,West,Gold,2023-03-01,,True
3249,Mary Powers,East,Standard,2023-06-08,,True
3250,Stephanie Douglas,West,Silver,2024-07-19,2024-12-26,False
3251,Gregory Williams,West,Standard,2023-04-10,,True
3252,Robert Ford,North,Standard,2024-12-09,2025-10-16,False
3253,Shari Cole,West,Standard,2025-05-18,,True
3254,Michelle Barrett,Central,Gold,2024-11-06,,True
3255,Shawna White,South,Standard,2025-05-07,,True
3256,Brandon Hutchinson,South,Standard,2025-01-14,2025-03-12,False
3257,Charles Hunt,Central,Silver,2023-03-03,,True
3258,Dale White,West,Standard,2023-09-25,,True
3259,Isaac Cooper,West,Silver,2022-02-19,,True
3260,Brian Ingram,East,Silver,2024-02-24,,True
3261,Charles Becker,Central,Silver,2025-05-21,,True
3262,Denise Myers,West,Standard,2024-12-30,,True
3263,Tammy Gonzalez,Central,Gold,2023-11-06,,True
3264,Amanda Maynard,West,Standard,2024-09-09,,True
3265,Joyce Mitchell MD,South,Silver,2024-01-25,2024-08-16,False
3266,Amy Gallegos,North,Standard,2024-01-22,,True
3267,Stephen Armstrong,West,Standard,2023-06-17,,True
3268,Courtney Baker,South,Standard,2025-03-23,,True
3269,Ruth Barnett,North,Silver,2025-02-11,,True
3270,Daryl Walker,West,Silver,2024-01-10,2024-10-20,False
3271,Aaron Williams,South,Standard,2024-11-14,,True
3272,Stephanie Case,East,Standard,2022-04-08,2025-08-09,False
3273,Pamela French,Central,Silver,2022-01-21,2025-09-26,False
3274,Kathleen Carpenter,North,Silver,2024-09-08,,True
3275,Sarah Frost,Central,Silver,2023-11-13,2025-02-07,False
3276,Cassandra Douglas,West,Standard,2023-05-12,,True
3277,David Castillo,West,Standard,2022-01-19,2024-11-09,False
3278,Monique Jackson,East,Standard,2022-05-07,,True
3279,Christopher Simmons,Central,Standard,2023-01-08,,True
3280,Phillip Roberts,North,Gold,2024-07-19,,True
3281,Margaret Jones,North,Standard,2025-06-27,,True
3282,Timothy Mckay,East,Gold,2022-07-18,,True
3283,Olivia Nelson,West,Standard,2022-03-26,,True
3284,Gail Mason,North,Standard,2022-08-17,,True
3285,Kayla Olson,East,Gold,2024-12-01,,True
3286,Heather Davis,South,Standard,2024-02-23,,True
3287,Kimberly Wright,South,Standard,2022-08-14,,True
3288,Regina Mcguire,West,Standard,2022-01-24,,True
3289,Charles Martin,North,Silver,2022-04-21,,True
3290,Karen Middleton,West,Silver,2024-11-06,,True
3291,Scott Sparks,Central,Silver,2024-03-16,,True
3292,Patty Powell,West,Silver,2023-07-06,,True
3293,Karen Willis,South,Standard,2022-08-02,,True
3294,Natasha Davenport,West,Standard,2024-06-08,,True
3295,Kristin Ellis,Central,Gold,2025-04-06,,True
3296,Steven Johnson,Central,Silver,2023-02-16,,True
3297,Matthew Watson,East,Standard,2022-08-28,2025-02-20,False
3298,Adrienne Edwards,North,Silver,2023-03-09,,True
3299,Brendan Meyer,South,Silver,2023-08-15,,True
3300,Kara Spencer,East,Silver,2024-09-04,,True
3301,Barbara Cochran,Central,Standard,2023-12-05,,True
3302,Danielle Herrera,East,Standard,2024-09-30,,True
3303,Brian Crosby,West,Standard,2023-06-28,,True
3304,Miss Robyn Kidd MD,East,Standard,2024-04-28,,True
3305,Dr. Helen Jimenez,North,Silver,2024-12-20,,True
3306,Alexander Mitchell,South,Standard,2024-07-31,,True
3307,Chad Warren,East,Silver,2022-08-24,,True
3308,Brian Villegas,North,Gold,2024-02-05,,True
3309,Caleb Ray,North,Standard,2024-09-06,,True
3310,Anthony Collins,North,Standard,2024-01-13,,True
3311,Angela Marquez,North,Standard,2024-08-28,2025-09-01,False
3312,Kimberly Escobar,West,Silver,2025-04-08,,True
3313,Timothy Collins,West,Standard,2024-04-19,2024-06-20,False
3314,Gary Figueroa,West,Silver,2025-01-25,,True
3315,Tony Smith,East,Standard,2022-06-24,,True
3316,Robert Sullivan,West,Standard,2025-02-11,,True
3317,Todd Jacobson,North,Silver,2022-05-17,,True
3318,Cody Hull,North,Silver,2022-11-12,,True
3319,Robert Ruiz,South,Standard,2024-06-13,,True
3320,Oscar Short,Central,Silver,2024-07-18,,True
3321,Jason Maldonado,East,Standard,2024-05-20,,True
3322,Monica Wilkinson,East,Standard,2025-01-21,,True
3323,Jeffrey Austin,West,Standard,2023-09-21,,True
3324,Eileen Taylor,North,Silver,2023-05-11,,True
3325,Kenneth Adams,Central,Standard,2025-05-27,,True
3326,Dawn Jacobs,East,Standard,2024-02-26,2025-10-17,False
3327,Kevin Francis,Central,Standard,2022-01-02,,True
3328,Robin Carpenter,South,Silver,2024-06-01,,True
3329,Michael Hall,North,Silver,2025-05-19,,True
3330,James Sanford,Central,Standard,2022-11-15,2024-02-03,False
3331,Aaron Clark,East,Standard,2022-12-19,,True
3332,Jennifer Peterson,Central,Silver,2022-05-22,,True
3333,Matthew Martinez,West,Standard,2023-07-25,,True
3334,Jamie Stone,East,Silver,2023-04-16,,True
3335,Shannon Thomas,East,Standard,2022-12-17,,True
3336,Maxwell Arroyo,East,Standard,2023-05-12,,True
3337,Donald Williams Jr.,Central,Standard,2022-11-06,,True
3338,Amy Ellis,West,Standard,2023-08-15,2024-02-14,False
3339,Brenda Ramirez,Central,Standard,2023-01-04,2024-10-28,False
3340,Richard Moreno,Central,Standard,2023-06-28,,True
3341,Mathew Cole,North,Silver,2024-01-19,,True
3342,John Myers,Central,Gold,2024-05-28,,True
3343,Alicia Young,Central,Standard,2022-07-24,2024-06-10,False
3344,Travis Hicks,West,Standard,2023-09-13,,True
3345,Kelly Vaughn,Central,Silver,2025-04-06,2025-05-05,False
3346,Nicole Smith,West,Gold,2022-12-13,2025-04-25,False
3347,Daisy Campbell,North,Standard,2023-12-25,,True
3348,Mary Hawkins,East,Standard,2024-10-30,,True
3349,Catherine Crawford,South,Standard,2024-02-22,2025-08-16,False
3350,Alejandro Mack,East,Silver,2023-11-06,,True
3351,John Lopez,West,Standard,2024-09-09,2025-03-28,False
3352,Jessica Horton,North,Silver,2024-07-23,,True
3353,James Wilkinson,West,Standard,2022-12-13,,True
3354,John Gonzalez,East,Silver,2024-02-07,2025-03-03,False
3355,George Ruiz,East,Silver,2022-11-09,,True
3356,Darren Bernard,South,Standard,2022-11-04,,True
3357,Keith Taylor,North,Standard,2022-01-21,,True
3358,John Nichols,North,Standard,2023-06-09,,True
3359,Kimberly Higgins MD,East,Standard,2024-07-31,2024-09-22,False
3360,Adam Matthews,Central,Gold,2022-10-01,2024-09-27,False
3361,Kevin Cole,West,Silver,2022-06-03,,True
3362,David Wilson,North,Standard,2022-09-24,,True
3363,Lori Hodges,East,Standard,2024-10-24,2025-10-01,False
3364,Kimberly Sandoval,East,Silver,2022-02-26,,True
3365,Ruth Robinson,East,Silver,2024-06-06,2024-06-09,False
3366,Brandon Aguilar,South,Silver,2023-06-10,,True
3367,Jeffery Bailey,North,Gold,2025-03-26,,True
3368,Alyssa Davis,West,Silver,2023-04-01,2024-11-26,False
3369,Donald Jackson,North,Gold,2024-03-11,,True
3370,Morgan Gonzalez,North,Standard,2022-07-20,,True
3371,Joel Stanley,East,Gold,2022-09-24,,True
3372,Bruce Barr,West,Gold,2022-10-15,,True
3373,Shirley Evans,North,Standard,2022-09-18,,True
3374,Arthur Santana,South,Standard,2024-05-26,,True
3375,James Patel,Central,Silver,2023-08-28,,True
3376,Ashley Duran,North,Standard,2024-05-23,,True
3377,Brian Perez,Central,Gold,2022-09-28,,True
3378,Joseph Peters,Central,Standard,2024-11-02,,True
3379,Stephanie Stark,North,Standard,2024-05-14,2025-12-01,False
3380,Brooke Osborn,North,Silver,2025-06-10,,True
3381,Tiffany Coleman,East,Standard,2023-11-11,,True
3382,Diana Green,Central,Silver,2024-02-19,,True
3383,Alicia Sullivan,South,Gold,2022-10-01,2025-06-19,False
3384,Shelly Wilson,South,Standard,2023-04-25,2025-01-25,False
3385,Crystal Graves,South,Standard,2024-06-05,,True
3386,John Blankenship,East,Standard,2025-04-26,,True
3387,Joseph Ryan,East,Gold,2024-01-11,2025-06-25,False
3388,Terry Romero,North,Standard,2022-10-23,,True
3389,Dana Tran,East,Silver,2024-02-14,,True
3390,Debbie Rivera,North,Standard,2023-03-09,,True
3391,Samuel Harris,West,Standard,2022-06-23,2024-05-10,False
3392,Kelly Weber,South,Gold,2024-10-21,2025-01-25,False
3393,Kimberly Rojas,South,Standard,2022-04-02,,True
3394,Ryan Johnson,East,Silver,2023-02-15,2024-04-30,False
3395,Patricia Vazquez,North,Silver,2024-09-03,,True
3396,Angela Martin,Central,Standard,2025-01-06,,True
3397,Angela Watts,North,Silver,2024-08-05,,True
3398,Jessica Shannon,South,Standard,2023-09-06,,True
3399,Mark Schmitt,West,Standard,2024-04-06,,True
3400,Harry Gray,East,Gold,2022-02-02,,True
3401,Maria Goodwin,North,Standard,2022-05-27,,True
3402,Robert Burke,South,Gold,2022-11-29,,True
3403,John Kent,West,Standard,2024-01-06,,True
3404,Kathryn Kramer,West,Gold,2022-04-08,2024-05-08,False
3405,Julie Williams,East,Standard,2023-02-05,2024-12-08,False
3406,Jamie Fields,South,Standard,2022-03-04,2025-04-28,False
3407,Denise Hernandez,South,Gold,2022-04-24,,True
3408,Jason Salinas,East,Gold,2023-04-27,,True
3409,Jaclyn Williams MD,West,Silver,2023-10-15,,True
3410,Kristen Williams,East,Gold,2022-08-06,2025-02-25,False
3411,Lance Mendez,West,Standard,2023-08-23,2024-10-23,False
3412,Zachary Barton,West,Gold,2023-08-10,,True
3413,Savannah Fox,East,Silver,2024-09-20,,True
3414,Robert Hebert,North,Silver,2022-06-10,,True
3415,Joseph Zamora,East,Standard,2025-01-09,,True
3416,Deborah Quinn,East,Standard,2025-03-13,,True
3417,Kimberly Wells,Central,Silver,2025-05-12,,True
3418,Cory Robbins,West,Silver,2025-01-28,,True
3419,Jennifer Allen,North,Silver,2022-08-28,,True
3420,Michael Barber,South,Silver,2024-05-08,2024-08-01,False
3421,Mary Parker,South,Standard,2023-10-28,,True
3422,Shawn Avila,South,Silver,2023-01-15,,True
3423,Sarah Jordan,East,Silver,2022-06-16,,True
3424,Darlene Murray,North,Standard,2022-05-13,,True
3425,Tony Welch,Central,Silver,2022-02-22,,True
3426,Jacqueline Roberts,South,Silver,2022-07-19,,True
3427,Richard Griffith,West,Silver,2025-01-19,,True
3428,Corey Grimes,East,Standard,2023-04-16,2025-01-31,False
3429,Julie Parker,South,Standard,2024-07-19,,True
3430,Kayla Choi,Central,Silver,2024-10-07,,True
3431,Alison Perez,East,Standard,2023-11-08,,True
3432,Michael Stone,West,Standard,2022-05-20,,True
3433,Brandy Bishop,West,Gold,2024-11-25,2025-03-15,False
3434,Gina Roberts,Central,Standard,2024-06-08,,True
3435,Daniel Robinson,North,Gold,2024-03-26,2025-12-26,False
3436,Cheyenne Fox,Central,Silver,2025-05-22,,True
3437,Barbara Chandler,North,Gold,2024-01-20,,True
3438,Ann Dawson,South,Standard,2024-10-26,,True
3439,Shawn Martinez,South,Standard,2023-08-04,,True
3440,Daisy Davis,Central,Standard,2022-03-03,,True
3441,Chad Schneider DVM,East,Standard,2024-05-16,,True
3442,Andrew Jones,East,Standard,2022-02-20,,True
3443,Pam Crawford,Central,Standard,2022-04-18,,True
3444,Anna Yu DVM,Central,Standard,2025-05-12,,True
3445,Kelly Smith,West,Silver,2024-09-20,,True
3446,Alexander Cochran,West,Standard,2025-03-09,,True
3447,Jason Dunn,South,Standard,2024-01-18,,True
3448,Alexis Barker,East,Standard,2024-12-04,,True
3449,Kathleen Daniel,West,Standard,2023-03-02,,True
3450,Toni Velez,West,Gold,2024-11-16,,True
3451,Melanie Myers,Central,Standard,2025-03-15,,True
3452,Stephen Jones,East,Silver,2024-02-18,,True
3453,Shelby Fowler,South,Standard,2024-02-10,,True
3454,Eduardo Hall,West,Silver,2024-01-04,,True
3455,Alexander Taylor,North,Standard,2023-11-08,,True
3456,Brooke Lewis,East,Standard,2025-06-26,2025-08-01,False
3457,David Hill,West,Gold,2024-02-08,,True
3458,Andrew Reese,East,Silver,2023-03-07,2024-02-26,False
3459,Joshua Shepard,West,Standard,2024-07-21,,True
3460,Alex Conner,West,Standard,2022-02-24,,True
3461,Jessica Burch,East,Gold,2022-10-31,,True
3462,Anne Francis,West,Silver,2024-08-07,,True
3463,Teresa Acevedo,West,Silver,2023-06-29,,True
3464,Stephen Ward,Central,Standard,2025-01-21,,True
3465,Sabrina Farmer,North,Silver,2023-05-23,,True
3466,Todd Lewis,North,Standard,2023-05-08,2025-05-14,False
3467,Gilbert Williams,South,Standard,2025-04-30,2025-11-04,False
3468,Jessica Rodriguez,East,Gold,2023-07-03,,True
3469,Dr. Mathew Thomas,Central,Silver,2024-03-10,,True
3470,Deborah Brady,North,Standard,2022-09-27,,True
3471,Steven Smith,Central,Silver,2022-02-21,,True
3472,Cory Evans,East,Gold,2023-11-05,,True
3473,Krista English,East,Standard,2023-09-01,,True
3474,David Brooks,Central,Standard,2022-06-24,,True
3475,Michael Hayes,South,Standard,2024-07-12,,True
3476,Amber Richardson,Central,Standard,2024-06-04,,True
3477,Regina Mitchell,East,Gold,2023-12-22,,True
3478,Wendy Aguilar MD,South,Standard,2022-08-20,2024-01-12,False
3479,Loretta Garrett,Central,Standard,2024-08-22,,True
3480,Jamie Deleon,East,Standard,2024-09-05,,True
3481,Lindsey Burke,North,Gold,2023-01-14,,True
3482,Vicki Bryant,West,Gold,2024-07-20,,True
3483,Joseph Diaz,East,Silver,2025-02-08,,True
3484,Danielle Rivera,West,Standard,2023-05-06,,True
3485,Jonathan Collins,East,Silver,2022-05-12,,True
3486,Christopher Lee,East,Standard,2024-02-29,2025-12-14,False
3487,Elizabeth Thomas,West,Gold,2022-08-25,2025-07-23,False
3488,Justin Pineda,East,Silver,2025-05-21,,True
3489,Wanda Kennedy,West,Silver,2023-06-05,,True
3490,Valerie Johnson,South,Silver,2023-05-23,2024-03-26,False
3491,Emily Hahn,West,Standard,2023-07-18,,True
3492,Connie Santiago,South,Standard,2024-07-13,,True
3493,David Dodson,South,Standard,2024-02-08,,True
3494,Nicole Huff,East,Standard,2022-06-26,,True
3495,Stephanie Choi,West,Standard,2025-06-05,,True
3496,Charles Neal,West,Standard,2025-02-06,,True
3497,Sarah Thomas,East,Gold,2024-02-18,2024-10-07,False
3498,Jessica Adams,Central,Standard,2024-01-24,2024-10-03,False
3499,James Russell,West,Standard,2024-09-26,,True
3500,John Simmons,South,Standard,2022-04-03,2025-08-28,False
3501,Brianna Lee,North,Standard,2024-05-07,,True
3502,Veronica Christensen,East,Standard,2023-11-06,,True
3503,Derek Weaver,South,Silver,2022-11-18,,True
3504,Emily Hicks,East,Silver,2022-11-04,,True
3505,Allen Chung,Central,Standard,2024-03-09,,True
3506,Aaron Phelps,North,Standard,2023-09-03,,True
3507,Stephen Brown,Central,Standard,2023-07-09,,True
3508,Kathy Jones,North,Standard,2022-03-12,2025-08-31,False
3509,Frances Montes,West,Silver,2024-05-02,,True
3510,Austin Rose,East,Standard,2024-12-26,,True
3511,Edward Obrien,North,Standard,2024-02-20,,True
3512,Jesse Ayala,Central,Gold,2024-12-30,,True
3513,Tiffany May,North,Silver,2025-01-06,2025-07-12,False
3514,Mark Nelson,South,Standard,2024-03-11,2024-04-13,False
3515,Kyle Myers,West,Silver,2025-02-16,,True
3516,Stacey Barber,West,Standard,2022-03-16,,True
3517,Carlos Taylor,East,Silver,2024-08-31,,True
3518,Nichole Vasquez,North,Standard,2022-01-25,,True
3519,Anthony Martin,North,Silver,2024-03-08,2025-01-16,False
3520,Patricia Baker,West,Standard,2024-06-11,,True
3521,Kim Jones,Central,Standard,2023-05-22,,True
3522,David Pineda,North,Silver,2022-09-07,,True
3523,Miguel Jackson,East,Standard,2025-05-02,,True
3524,Ashley Stephens,North,Silver,2023-03-16,,True
3525,Samuel Nolan,Central,Gold,2022-04-11,,True
3526,Larry Smith,West,Standard,2022-07-29,,True
3527,Cynthia Palmer,East,Standard,2022-05-24,,True
3528,Jon Berry,West,Standard,2024-05-04,,True
3529,Daniel Jones,South,Standard,2023-03-17,,True
3530,Anthony Ali,West,Standard,2024-05-02,2024-10-29,False
3531,James Dixon,South,Standard,2025-01-08,2025-05-03,False
3532,Donald Cooley,West,Silver,2025-05-26,,True
3533,David Garcia,East,Gold,2022-10-29,,True
3534,Charles Ford,Central,Standard,2023-08-24,,True
3535,Carolyn Lopez,North,Silver,2024-10-06,,True
3536,John Hoover,Central,Standard,2022-01-18,2024-04-27,False
3537,Mark Green,West,Gold,2023-11-16,,True
3538,Kenneth Peterson,West,Standard,2025-04-02,,True
3539,Melissa Kim,Central,Standard,2024-11-24,,True
3540,Crystal Carson,West,Silver,2024-08-25,,True
3541,Jose Stephens,Central,Standard,2022-11-07,,True
3542,Kenneth Cole,West,Standard,2025-06-24,2025-09-09,False
3543,Kimberly Fields,Central,Standard,2024-07-31,2025-04-12,False
3544,Barbara Mendoza,West,Silver,2023-05-29,,True
3545,Kathleen Mccullough,South,Gold,2022-03-19,,True
3546,Shannon Smith,Central,Silver,2023-10-24,,True
3547,Matthew Jackson,Central,Standard,2024-09-02,2025-03-03,False
3548,Michael Miller,West,Standard,2022-10-13,,True
3549,Holly Waters,West,Standard,2023-05-17,,True
3550,Brian Baker,South,Silver,2023-11-19,,True
3551,Patricia Thompson,East,Silver,2023-12-28,2025-06-18,False
3552,Tracy Fischer,Central,Standard,2025-06-06,2025-07-04,False
3553,Kimberly Maldonado,Central,Standard,2025-05-03,,True
3554,Kimberly Logan,North,Gold,2022-10-28,,True
3555,Beth Sellers,Central,Standard,2025-01-12,,True
3556,Melissa Hall,West,Standard,2024-12-21,2025-10-16,False
3557,Nathan Moran,West,Silver,2024-12-10,,True
3558,Mariah Evans,Central,Silver,2022-11-16,,True
3559,Lisa Spencer,East,Standard,2024-02-12,,True
3560,Gregory Garrett,North,Silver,2022-03-26,,True
3561,Nicole Johnson,North,Standard,2023-10-10,,True
3562,Cynthia Stephens,West,Standard,2024-04-15,2024-06-11,False
3563,Joshua Stanton,South,Silver,2023-07-26,,True
3564,Jodi James,North,Standard,2022-08-27,,True
3565,Michelle Alvarado,East,Standard,2022-04-10,,True
3566,Katherine Weaver,West,Silver,2023-08-12,,True
3567,Jessica Crawford,West,Silver,2024-12-29,,True
3568,Jose Gonzalez,East,Standard,2024-12-14,2025-10-29,False
3569,Mason Flores,South,Standard,2025-06-22,,True
3570,Mario Young,North,Silver,2023-11-01,2024-10-17,False
3571,Steven Ward,Central,Standard,2022-03-08,2024-07-15,False
3572,Manuel Jennings,North,Standard,2025-06-22,,True
3573,Calvin Ramirez,North,Standard,2023-12-28,,True
3574,Grace Brooks,North,Standard,2023-11-23,,True
3575,Jennifer Watkins,West,Standard,2022-11-17,,True
3576,Robert Phillips,West,Gold,2022-09-08,,True
3577,Brandi Patel,Central,Silver,2024-03-25,,True
3578,James Delacruz,East,Silver,2024-01-06,,True
3579,Tyler Bradshaw,Central,Standard,2025-01-10,,True
3580,Christopher Miller,West,Silver,2025-04-07,,True
3581,Joseph Morgan,North,Standard,2024-05-18,,True
3582,Dr. Greg Jackson,North,Standard,2025-06-16,,True
3583,Kevin Oneill,North,Silver,2024-01-05,,True
3584,Rachael Wood,South,Gold,2022-10-11,,True
3585,Kristin Myers,South,Standard,2022-10-13,2025-12-24,False
3586,Katherine Baker,South,Silver,2023-04-12,,True
3587,Leonard Avila,West,Silver,2023-05-08,2025-09-12,False
3588,Dennis Smith,Central,Standard,2024-09-13,,True
3589,Sherry English,East,Silver,2023-01-27,,True
3590,Ronnie Sloan,South,Standard,2024-11-17,,True
3591,Curtis Whitaker,North,Standard,2024-02-04,,True
3592,Ricky Miller,South,Silver,2023-03-02,,True
3593,Brandon Carter,West,Gold,2023-04-10,,True
3594,Christina Robinson,West,Standard,2022-05-18,,True
3595,Cindy Barnes,West,Silver,2022-08-10,,True
3596,Robert West,South,Standard,2024-07-17,2025-12-04,False
3597,Tiffany Hernandez,West,Standard,2023-02-09,2024-01-12,False
3598,Diane Carrillo,North,Standard,2025-01-07,,True
3599,Cassandra Reyes,West,Gold,2022-04-22,,True
3600,Miss Kelly Hoffman DDS,West,Silver,2023-11-07,,True
3601,Adriana Ward,Central,Silver,2024-12-01,,True
3602,Pamela Morales,East,Standard,2022-10-27,2025-01-10,False
3603,Susan Parsons,West,Standard,2025-02-09,2025-12-09,False
3604,Sharon Silva,Central,Silver,2023-06-15,,True
3605,Diana Huffman,West,Standard,2023-06-15,2025-07-04,False
3606,Katrina Bird,North,Standard,2022-06-26,,True
3607,Mark Quinn,West,Silver,2025-02-13,,True
3608,Sean Cobb,Central,Standard,2023-06-23,,True
3609,Elizabeth Mendez,West,Gold,2024-12-09,2025-03-30,False
3610,Victoria Johnson,North,Standard,2022-06-01,2024-03-01,False
3611,Christopher Parker,East,Standard,2025-04-04,2025-04-05,False
3612,Sherry Jones,West,Standard,2024-03-26,,True
3613,Samantha Esparza,East,Silver,2022-10-29,,True
3614,Evan Clark,West,Standard,2022-05-28,,True
3615,Mr. Mark Simmons,South,Standard,2023-02-18,,True
3616,Diane Mitchell,Central,Gold,2024-07-30,,True
3617,Manuel Moran,East,Gold,2023-10-26,2025-03-26,False
3618,Melissa Zuniga,West,Standard,2022-07-03,,True
3619,Rachel Ball,East,Silver,2023-06-24,,True
3620,Paul Anderson,West,Gold,2023-01-09,,True
3621,Dr. Tamara Roberts,East,Silver,2024-12-15,,True
3622,Daniel Cervantes,South,Silver,2025-04-26,,True
3623,Ashley Anderson,East,Silver,2024-06-21,,True
3624,Lawrence Johns,North,Silver,2024-12-03,,True
3625,Lori Brown,South,Standard,2024-04-03,,True
3626,Kelly Perry,South,Silver,2024-07-31,,True
3627,Juan Cooper,North,Silver,2023-09-17,,True
3628,Jennifer Mccarthy,West,Standard,2023-11-11,,True
3629,Christopher Bell,South,Silver,2024-04-28,,True
3630,Kristina Baker,North,Standard,2023-08-16,2024-07-09,False
3631,Kenneth Johnson,East,Standard,2022-06-23,,True
3632,Robert Bond,South,Standard,2022-07-01,,True
3633,Matthew Allen,Central,Standard,2024-08-04,,True
3634,Sean Higgins,North,Standard,2022-05-11,,True
3635,Jim Lewis,North,Silver,2025-05-10,2025-10-08,False
3636,Claudia Cunningham,North,Silver,2023-07-20,,True
3637,Alyssa White,West,Standard,2024-01-14,2024-05-26,False
3638,Susan Lewis,East,Silver,2022-07-18,,True
3639,Brian Simmons,North,Silver,2023-06-10,,True
3640,Angela Turner,Central,Standard,2023-02-22,,True
3641,Steven Nguyen,South,Gold,2023-12-07,,True
3642,Rachel Foley,Central,Silver,2023-04-10,,True
3643,Todd Adams,North,Silver,2023-11-21,,True
3644,Julie Manning,West,Silver,2022-06-05,,True
3645,James Wright,North,Gold,2023-09-22,,True
3646,Sean Lane,Central,Silver,2022-01-25,,True
3647,Dr. Bruce Barry DDS,North,Silver,2025-05-01,,True
3648,Kenneth Alexander,North,Standard,2024-12-17,2025-07-25,False
3649,Melvin Carlson,South,Silver,2022-07-26,,True
3650,Michelle Lewis,South,Gold,2024-08-27,,True
3651,Brenda Bean,South,Silver,2024-06-22,,True
3652,Alfred Leonard,West,Silver,2025-04-21,2025-08-30,False
3653,Jackson Daniel,West,Silver,2025-05-25,,True
3654,Colin Johnson,North,Standard,2024-07-15,,True
3655,Robert Parks MD,East,Standard,2022-02-26,2025-07-09,False
3656,Jessica Sutton,South,Standard,2023-10-05,,True
3657,Sherry Contreras,South,Standard,2024-06-03,,True
3658,Joseph Glass,West,Silver,2023-04-01,,True
3659,Rachel Cervantes,North,Standard,2024-10-16,,True
3660,William Young,West,Standard,2022-02-21,,True
3661,Rebecca Flores,Central,Standard,2023-05-10,2024-02-29,False
3662,Shane Finley,East,Standard,2023-08-11,,True
3663,Tanya Davis,West,Standard,2025-01-17,,True
3664,Carol Mcintosh,South,Standard,2024-09-20,,True
3665,Mary Davis,Central,Standard,2025-04-16,,True
3666,Sean Dixon,South,Standard,2022-09-11,,True
3667,Susan Ray,West,Standard,2022-03-14,,True
3668,Kathryn Franklin,West,Gold,2025-06-20,2025-07-06,False
3669,Mark Dennis,Central,Silver,2022-05-27,,True
3670,Sean Bradshaw,East,Gold,2022-05-28,,True
3671,Paul Taylor,West,Standard,2025-05-10,,True
3672,Megan Wilson,North,Silver,2022-05-27,,True
3673,Amanda Williamson,Central,Gold,2023-05-04,2024-03-17,False
3674,Grant Newton,North,Standard,2022-02-10,,True
3675,David Schaefer,West,Gold,2023-11-07,,True
3676,Edward Lee,South,Standard,2024-08-10,,True
3677,Adam White,West,Silver,2023-05-01,,True
3678,Elizabeth Meyer,South,Gold,2024-04-10,,True
3679,Brandon Johnson,North,Gold,2022-07-10,2025-07-27,False
3680,Joseph Weeks,Central,Gold,2023-12-14,,True
3681,Chad Carlson,West,Standard,2025-01-02,2025-07-30,False
3682,Rodney Lee,Central,Gold,2023-04-25,,True
3683,Hannah James PhD,East,Gold,2024-12-16,,True
3684,Timothy Baldwin,North,Silver,2024-10-31,2025-09-09,False
3685,Richard Silva,Central,Silver,2023-12-27,,True
3686,Crystal Chavez,South,Silver,2024-11-16,,True
3687,Timothy Dunn,West,Silver,2022-07-01,,True
3688,Phillip Anderson,Central,Silver,2023-11-20,,True
3689,Benjamin Newton,Central,Silver,2024-12-15,,True
3690,John Brown,East,Gold,2022-07-19,,True
3691,Karen Grant,West,Silver,2022-06-07,,True
3692,Jessica Griffith,East,Standard,2022-12-21,2024-05-01,False
3693,Kevin Gutierrez,Central,Standard,2022-04-19,,True
3694,Kiara Landry,South,Standard,2022-06-15,,True
3695,Troy Moore,Central,Standard,2022-05-17,,True
3696,Adrienne Haynes,North,Standard,2025-01-26,,True
3697,Alan Cox,East,Standard,2025-01-10,2025-01-21,False
3698,Patricia Hayes,South,Standard,2025-02-28,2025-12-17,False
3699,Lisa Wood,Central,Silver,2023-06-24,,True
3700,Hannah Mitchell,South,Silver,2024-01-23,,True
3701,Ryan Taylor,East,Silver,2024-12-12,2025-12-10,False
3702,Aaron Williams,Central,Standard,2024-10-30,,True
3703,Richard Martinez,North,Silver,2022-03-17,,True
3704,Nancy Gutierrez,East,Silver,2022-09-22,,True
3705,Donald Harding,East,Standard,2022-10-21,,True
3706,Adam Davis,North,Standard,2023-09-16,2024-11-05,False
3707,Brian Watkins,Central,Silver,2024-07-16,,True
3708,Grant Brown,West,Standard,2025-01-13,,True
3709,Jennifer Garcia,South,Silver,2022-04-18,,True
3710,Evelyn Novak,Central,Silver,2022-03-10,,True
3711,Wayne Finley,Central,Silver,2024-11-03,,True
3712,James Wilson,South,Standard,2023-09-20,,True
3713,Gregory Villarreal,East,Silver,2022-09-08,2024-01-13,False
3714,Michael Carlson,Central,Silver,2024-05-13,,True
3715,Justin Cook,West,Standard,2023-09-26,,True
3716,Lisa Moore,South,Standard,2025-06-29,2025-11-24,False
3717,Tammy Massey,Central,Silver,2024-10-30,,True
3718,Harry Brown,East,Standard,2025-02-09,2025-06-30,False
3719,Scott Smith,South,Silver,2022-11-03,,True
3720,Jason Garcia,West,Standard,2022-03-15,,True
3721,Allison Jones,North,Standard,2025-05-16,,True
3722,John Mcdonald,South,Standard,2022-05-29,,True
3723,Paul Baker,West,Standard,2025-03-12,,True
3724,Kristen Hoover,Central,Standard,2022-10-29,,True
3725,Michelle Horton,Central,Standard,2023-12-20,,True
3726,Michael Zimmerman,West,Gold,2024-01-03,,True
3727,Lee Johnson,Central,Standard,2023-02-09,2024-05-05,False
3728,Linda Crawford,West,Gold,2024-01-23,,True
3729,Katherine Walker,West,Silver,2025-03-10,2025-10-27,False
3730,Jeffrey Martinez,West,Silver,2022-03-25,,True
3731,Nicole Garcia,South,Standard,2023-06-13,,True
3732,John Cisneros,West,Silver,2025-03-04,2025-12-17,False
3733,Danielle Rivas,South,Gold,2023-09-11,,True
3734,Daniel Barker,Central,Gold,2024-08-30,,True
3735,Donna Carroll,North,Silver,2023-10-20,,True
3736,Andrea Carson,West,Standard,2022-05-26,2025-03-21,False
3737,Sarah Sosa,South,Gold,2022-12-04,,True
3738,Anthony Murray,East,Gold,2022-06-28,,True
3739,Ashley Jenkins,North,Silver,2025-02-27,,True
3740,Mary Mccoy,West,Standard,2024-12-09,,True
3741,Samuel Winters,East,Silver,2024-04-22,,True
3742,Jacob Miles,North,Standard,2023-11-28,2025-12-11,False
3743,Kathy Kaiser,North,Standard,2024-02-25,,True
3744,Stephanie Miller,East,Standard,2024-01-17,,True
3745,Russell Gordon,West,Standard,2023-07-22,,True
3746,Matthew Johnson,South,Standard,2024-01-20,,True
3747,Joshua Ross,Central,Standard,2024-11-12,,True
3748,Caitlyn Martinez,East,Gold,2022-11-28,,True
3749,Kelly Mclaughlin,South,Standard,2025-04-23,,True
3750,Dr. Jacqueline Randolph,West,Standard,2022-10-25,,True
3751,Alexander Fernandez,Central,Standard,2023-11-19,,True
3752,Melvin Poole,North,Standard,2023-06-19,,True
3753,Justin Evans,Central,Standard,2022-08-18,,True
3754,Mary Villa,West,Gold,2023-05-30,,True
3755,Dr. Devin Martin DDS,West,Standard,2023-10-14,,True
3756,Julie Goodwin,Central,Standard,2023-12-16,,True
3757,Karen Reid,South,Standard,2024-01-09,2025-12-30,False
3758,Crystal Wilson,West,Silver,2022-12-07,,True
3759,Kevin Rodriguez,West,Standard,2025-02-28,,True
3760,Danielle Freeman,East,Standard,2023-06-30,2024-12-26,False
3761,Courtney Sharp,Central,Silver,2024-05-10,2025-09-07,False
3762,Julia Yates,West,Standard,2023-03-28,,True
3763,Jennifer Carter,West,Standard,2024-10-23,,True
3764,Jennifer Bowman,North,Gold,2022-02-27,,True
3765,Joshua Le,West,Silver,2024-12-01,,True
3766,Derek Hunt,North,Gold,2025-04-08,,True
3767,George Cruz,North,Silver,2022-07-13,2024-11-20,False
3768,Lauren Sanchez,East,Silver,2022-07-23,,True
3769,Joshua Smith,North,Silver,2024-03-15,,True
3770,Deborah Ross,North,Standard,2025-05-19,2025-12-21,False
3771,Jeffrey Mercer,Central,Standard,2024-06-07,2024-10-15,False
3772,William Rose,North,Gold,2023-05-20,,True
3773,Roy Davis,Central,Standard,2024-02-08,2024-03-26,False
3774,Mrs. Stephanie Gamble MD,West,Standard,2022-04-05,,True
3775,Miss Carla Hoover,North,Standard,2024-04-23,,True
3776,David Alvarez,Central,Standard,2022-09-19,,True
3777,Cody Wright,North,Standard,2023-06-05,,True
3778,Jorge Morales,South,Standard,2025-03-17,,True
3779,Heather Blanchard,Central,Standard,2024-09-21,2025-08-13,False
3780,Dennis Jensen MD,Central,Silver,2024-08-15,,True
3781,Denise French,West,Silver,2024-04-09,2025-10-11,False
3782,Patrick Mosley,West,Gold,2023-06-16,2025-09-08,False
3783,Jose Graves,North,Standard,2025-04-03,,True
3784,Kimberly Williams,South,Standard,2024-01-29,,True
3785,April Morales,Central,Standard,2023-11-22,,True
3786,Devon Ramos,East,Standard,2024-11-29,,True
3787,Ashley Perez,North,Standard,2023-06-12,,True
3788,James Baker,East,Standard,2023-02-21,2024-05-14,False
3789,Suzanne Hale,East,Silver,2023-06-23,2025-04-29,False
3790,Emily Hunter,South,Standard,2024-01-13,2025-05-27,False
3791,Sharon Murphy,West,Silver,2023-12-25,,True
3792,Regina Williams,North,Silver,2024-01-21,,True
3793,Kyle White,East,Standard,2022-06-08,,True
3794,Danielle Mcfarland DVM,North,Standard,2024-12-13,2025-10-08,False
3795,John Henderson,North,Standard,2022-02-26,,True
3796,Kyle Mullins,West,Gold,2024-07-18,,True
3797,Jason Wright,East,Standard,2023-12-10,,True
3798,Kerry Murphy,North,Standard,2025-05-30,2025-10-16,False
3799,Alexander Douglas,South,Silver,2024-02-04,2024-10-24,False
3800,Wesley Wright,Central,Standard,2024-01-01,2025-08-12,False
3801,Miss Denise Leach DVM,Central,Silver,2022-03-01,2025-11-02,False
3802,Jason Murphy,West,Gold,2024-02-22,,True
3803,Robert Velazquez,East,Standard,2023-07-11,,True
3804,Katherine Ramos,West,Silver,2023-02-06,,True
3805,Jerry Benton,North,Standard,2023-11-17,,True
3806,Cheryl Hunter,West,Silver,2024-09-06,,True
3807,David Casey,North,Standard,2024-02-16,,True
3808,Carlos Schultz,Central,Silver,2022-11-26,2024-10-22,False
3809,Dylan Rodriguez,South,Silver,2024-09-10,,True
3810,Hannah Schaefer,South,Standard,2024-03-18,,True
3811,Scott Wilson,West,Standard,2022-01-12,2025-11-11,False
3812,Jodi Brandt,Central,Standard,2022-07-14,2024-05-12,False
3813,Emily Taylor,South,Standard,2023-09-03,,True
3814,Alexis Miller,South,Silver,2023-02-08,,True
3815,Mrs. Susan Christian,Central,Gold,2022-12-25,,True
3816,Robert Fowler,Central,Standard,2024-11-06,,True
3817,Tanner Herrera,North,Silver,2025-06-21,,True
3818,Mrs. Kathleen Hansen,Central,Standard,2022-05-19,2025-03-05,False
3819,Kenneth Khan,South,Standard,2022-09-07,,True
3820,Tara Nelson,West,Standard,2023-04-03,2025-11-10,False
3821,Sarah Little,East,Silver,2022-06-22,2025-06-08,False
3822,Brian Martin,West,Gold,2023-06-27,,True
3823,Nicolas Wilkerson,South,Silver,2022-09-18,,True
3824,Michael Blair,Central,Standard,2023-03-13,,True
3825,Julia Bell,South,Silver,2025-01-10,,True
3826,William Gould,Central,Standard,2024-11-11,,True
3827,Michael Neal,North,Standard,2022-08-12,,True
3828,Robert Whitney,North,Silver,2022-10-24,2024-08-24,False
3829,Tony Scott,Central,Gold,2022-12-09,,True
3830,John Singh,West,Standard,2024-04-12,,True
3831,Angela Taylor,Central,Gold,2025-01-14,,True
3832,Victoria Mitchell,East,Gold,2022-09-04,,True
3833,Monica Henry,East,Silver,2023-11-17,,True
3834,Victoria Hayes,West,Standard,2025-04-14,,True
3835,Matthew Newman,East,Standard,2025-02-23,2025-06-26,False
3836,Christopher Lee,West,Gold,2024-05-15,,True
3837,Melinda Weiss,East,Standard,2024-11-28,,True
3838,Adam Daniels,South,Silver,2025-02-19,,True
3839,Richard Rivers,North,Silver,2024-10-19,,True
3840,Miguel Lee,North,Gold,2024-11-20,,True
3841,Veronica Nguyen DDS,South,Standard,2023-05-09,,True
3842,Steven Rivera,West,Silver,2024-11-24,,True
3843,Andrew Mccall,Central,Standard,2022-10-20,,True
3844,Ashley Jones,North,Standard,2024-06-12,,True
3845,Jonathan Palmer,West,Silver,2025-01-18,,True
3846,William Ramirez,East,Gold,2022-03-27,,True
3847,Heather Green,West,Silver,2022-11-21,,True
3848,Sabrina Koch,East,Standard,2022-03-10,,True
3849,Manuel Cole,North,Standard,2024-05-28,,True
3850,Martin Curtis,East,Gold,2024-09-27,,True
3851,Erica Schneider,West,Standard,2025-03-07,,True
3852,Toni Hunt,North,Silver,2022-06-07,,True
3853,Jasmin Howell,East,Standard,2022-11-22,,True
3854,Kelsey Frank DVM,Central,Silver,2024-01-10,,True
3855,Elizabeth Galloway,South,Standard,2024-09-02,,True
3856,Ashley Franco,West,Gold,2023-09-07,2025-05-28,False
3857,David Patrick,North,Standard,2024-05-18,,True
3858,Tracey Page,Central,Standard,2025-01-04,2025-12-26,False
3859,Dalton Hawkins,South,Gold,2022-08-12,,True
3860,Joseph Allen,West,Standard,2022-10-16,,True
3861,Brian Lucas,East,Silver,2024-10-08,,True
3862,Thomas Moore,West,Standard,2023-12-03,,True
3863,Christopher Camacho,South,Silver,2025-01-29,,True
3864,Christy Thomas,Central,Silver,2025-03-25,2025-10-10,False
3865,Cody Thompson,Central,Silver,2022-02-27,,True
3866,Joseph Murray,North,Silver,2022-01-03,,True
3867,Ryan Carlson,North,Standard,2023-04-30,2024-02-03,False
3868,Michelle Martinez,Central,Gold,2025-01-12,2025-12-02,False
3869,Chelsey Reyes,Central,Silver,2023-11-30,,True
3870,Nathaniel Hurst,East,Standard,2022-04-29,,True
3871,David Harding,North,Gold,2023-01-05,,True
3872,Rachel Hill,Central,Silver,2024-01-23,,True
3873,Krista Taylor,Central,Gold,2024-09-26,,True
3874,William Stewart,North,Gold,2023-02-06,,True
3875,Aaron Quinn,North,Gold,2024-05-12,,True
3876,Paul Moon,East,Standard,2025-06-23,,True
3877,Diana Rivera,West,Standard,2022-01-05,,True
3878,Roy Rivera,Central,Standard,2024-08-05,,True
3879,Jeffrey Prince,East,Standard,2025-02-26,,True
3880,Benjamin Stein,North,Gold,2023-05-13,,True
3881,Michelle Padilla,South,Standard,2023-05-17,2024-09-27,False
3882,Victoria Smith,West,Standard,2025-02-11,,True
3883,James Meyers,East,Standard,2023-07-25,,True
3884,Luke Williams,South,Standard,2025-03-15,,True
3885,Justin Lee,Central,Silver,2024-02-24,,True
3886,Julian Gray,South,Gold,2023-06-20,,True
3887,James Stevens,West,Gold,2024-07-14,2025-05-12,False
3888,Jeffrey Peters,South,Standard,2022-01-20,,True
3889,Kaitlyn Cooley,East,Standard,2025-02-19,,True
3890,Mr. Jackson Watson,North,Standard,2024-04-22,,True
3891,Jesse Jones,West,Silver,2024-01-25,,True
3892,Michael Young,Central,Silver,2023-08-03,,True
3893,Jeffrey Miles,East,Silver,2022-01-29,,True
3894,Victor Boyd,South,Standard,2025-06-15,,True
3895,Jamie Turner,South,Gold,2023-12-15,,True
3896,Paige Baird,North,Silver,2022-04-11,,True
3897,Teresa Bowers,Central,Silver,2023-12-31,,True
3898,Autumn Tucker,North,Silver,2023-04-06,2025-01-07,False
3899,Paul Freeman,Central,Standard,2023-01-07,,True
3900,Benjamin Weaver,North,Silver,2023-05-07,,True
3901,Brianna Davis,Central,Standard,2024-10-14,,True
3902,Chad Adams,North,Gold,2024-06-28,,True
3903,Karen Hunt,West,Standard,2022-07-27,,True
3904,Whitney Henson,North,Silver,2022-04-05,2024-02-08,False
3905,Thomas Garcia,North,Gold,2024-07-09,,True
3906,Jacqueline Bass,West,Standard,2023-12-08,,True
3907,Jonathan Smith,Central,Silver,2022-02-27,,True
3908,Kathleen Smith,North,Standard,2024-01-08,2024-04-08,False
3909,Amber Chen,North,Silver,2024-01-04,,True
3910,Gloria Hill,East,Silver,2022-10-08,,True
3911,Diana Lin,West,Standard,2022-03-09,2024-05-05,False
3912,Tamara Carr,West,Standard,2025-06-19,,True
3913,Anthony Washington,Central,Silver,2025-02-06,2025-11-23,False
3914,Kellie Martin,Central,Standard,2024-04-11,,True
3915,Brandon Chaney,West,Standard,2022-12-01,,True
3916,Kimberly Velazquez,West,Gold,2022-04-03,,True
3917,Austin Hartman,Central,Standard,2024-09-12,,True
3918,Nicole Brown,North,Standard,2025-04-18,,True
3919,Aaron Thompson,East,Silver,2022-05-29,,True
3920,Miss Emily Simmons,North,Standard,2023-08-15,2025-08-12,False
3921,Jack Arroyo,Central,Silver,2024-08-11,,True
3922,Robert Taylor,Central,Silver,2025-01-05,,True
3923,Robert Wheeler,South,Gold,2022-02-25,,True
3924,John Escobar,South,Silver,2024-05-18,,True
3925,Sherry Berry,East,Standard,2024-11-25,,True
3926,Melissa Perez,West,Silver,2023-02-03,,True
3927,Kelly Gutierrez,West,Standard,2024-04-04,,True
3928,Scott Cooper,South,Silver,2023-12-10,,True
3929,John Wilson,North,Standard,2024-01-30,,True
3930,Michelle Frost,Central,Standard,2024-12-03,2025-01-06,False
3931,Eric Ryan,East,Standard,2025-06-01,,True
3932,Patricia Johnson,Central,Silver,2022-09-30,,True
3933,Mary Powell,South,Standard,2023-03-01,2024-04-22,False
3934,Steven Lewis,Central,Standard,2024-05-23,,True
3935,Heather Scott,East,Gold,2025-01-29,,True
3936,Gail Hull,Central,Silver,2024-09-01,,True
3937,Scott Werner,South,Standard,2023-06-21,,True
3938,Jo Chapman,Central,Silver,2023-07-10,,True
3939,Elijah Weaver,Central,Gold,2022-10-07,2025-06-07,False
3940,Robert Reyes,West,Standard,2022-09-07,2024-08-09,False
3941,Elizabeth Herman,South,Silver,2025-06-06,2025-12-11,False
3942,Anthony Velasquez,South,Silver,2023-11-21,,True
3943,Jennifer Cole,East,Standard,2025-03-28,,True
3944,Tyler Moore,West,Silver,2023-03-05,,True
3945,Alexandra Johnson,West,Silver,2023-12-22,,True
3946,Erika Williams,East,Gold,2025-04-10,,True
3947,William Garcia,Central,Gold,2024-03-13,2024-10-02,False
3948,Yesenia Ford,Central,Standard,2022-10-26,,True
3949,Kyle Parks,East,Standard,2023-10-10,,True
3950,Michele Wallace,West,Gold,2022-07-01,,True
3951,Cassandra Schultz,North,Standard,2023-05-12,,True
3952,Emily Gillespie,North,Silver,2023-06-03,2025-03-29,False
3953,Yvette Orozco,South,Standard,2022-12-09,2025-11-17,False
3954,Steven Glover,South,Standard,2024-04-30,,True
3955,Victor Smith,East,Silver,2025-02-22,,True
3956,Melissa Williams,West,Standard,2025-01-02,,True
3957,Scott Arias,South,Silver,2023-02-12,,True
3958,Robert Parks,North,Standard,2025-03-02,,True
3959,Steven Morgan,North,Standard,2024-01-21,,True
3960,Ruben Garcia,Central,Standard,2023-07-13,,True
3961,Carl Larson,East,Standard,2023-07-20,,True
3962,Patrick Craig,Central,Gold,2022-03-05,,True
3963,Mary Calderon,East,Standard,2024-04-01,,True
3964,Michael Robinson,North,Standard,2022-03-03,2025-12-18,False
3965,Christina Merritt,East,Standard,2023-01-23,,True
3966,Cameron Johnson,East,Silver,2022-06-01,,True
3967,Logan Compton,East,Silver,2022-10-01,,True
3968,Louis Davis,South,Standard,2022-12-29,2024-02-22,False
3969,Lisa Thompson,North,Standard,2022-10-10,2025-04-22,False
3970,Paul Blankenship,East,Gold,2023-11-27,,True
3971,Angel Hughes,North,Silver,2024-05-25,,True
3972,John Shepard,South,Standard,2022-02-12,,True
3973,Kenneth Hahn,North,Standard,2022-01-17,,True
3974,Angela Hughes,South,Standard,2025-03-05,,True
3975,Richard Woodard,South,Standard,2023-07-15,,True
3976,Melissa Martinez,East,Silver,2025-06-25,,True
3977,Cory Charles,Central,Gold,2025-02-09,,True
3978,Victoria Atkins,Central,Gold,2023-01-27,,True
3979,Jimmy Blake,North,Standard,2022-01-27,,True
3980,Adam Martin,South,Silver,2024-12-16,,True
3981,Johnny Galloway,South,Standard,2023-03-20,,True
3982,James Mitchell,East,Standard,2023-02-04,,True
3983,Kevin Burton,West,Gold,2023-08-10,,True
3984,Peggy Robinson,South,Gold,2024-04-24,,True
3985,Brandon Smith,Central,Silver,2022-10-10,,True
3986,Maria Stafford,Central,Standard,2024-10-01,,True
3987,David Walsh,South,Standard,2024-12-06,,True
3988,David Smith,North,Silver,2025-05-08,2025-09-16,False
3989,James Wallace,East,Gold,2025-02-05,,True
3990,Abigail Kemp,Central,Gold,2024-10-10,,True
3991,Susan Cook,West,Standard,2023-03-03,,True
3992,Rachel Daniels,North,Silver,2025-01-23,,True
3993,Charlotte Jackson,Central,Standard,2023-02-17,,True
3994,Emily Foster,Central,Standard,2024-07-29,,True
3995,Jennifer Brock,Central,Standard,2022-10-22,,True
3996,Michael Ellis,Central,Standard,2022-08-17,,True
3997,David Lucero,East,Silver,2023-03-28,,True
3998,Beth Solomon,Central,Silver,2025-02-09,,True
3999,Sarah Perez,West,Standard,2022-05-27,,True
4000,Colin Graves,Central,Standard,2024-08-17,,True
4001,Lisa Keller,Central,Silver,2022-08-03,,True
4002,Kelly Martinez,South,Standard,2022-03-28,,True
4003,Aaron Diaz Jr.,South,Standard,2024-01-01,,True
4004,Jeffrey Nichols,South,Standard,2022-05-16,,True
4005,Monica Gilmore,East,Standard,2023-03-01,,True
4006,William Jackson,West,Silver,2023-12-28,,True
4007,Jose Fletcher,East,Standard,2024-05-31,,True
4008,Karen Cannon,North,Standard,2024-08-15,2025-09-07,False
4009,Andrea Werner,North,Standard,2024-06-11,,True
4010,Terry Mendoza,Central,Standard,2024-02-16,,True
4011,Erin Macias,Central,Standard,2022-08-08,,True
4012,Brenda Bowen DDS,Central,Silver,2025-01-10,2025-08-31,False
4013,Daniel Phillips,West,Standard,2022-01-02,,True
4014,Brandy Dougherty,West,Standard,2022-06-12,2025-11-07,False
4015,Donald Archer,West,Standard,2022-03-17,,True
4016,Tammy Dalton,West,Standard,2024-04-15,,True
4017,William Frye,West,Standard,2024-08-12,,True
4018,Meredith Nunez,North,Standard,2024-01-07,,True
4019,Bethany Walters,North,Standard,2024-07-27,,True
4020,Miguel Hernandez,Central,Standard,2025-06-02,,True
4021,Jeffrey Howard,North,Silver,2024-12-23,,True
4022,Ashley Watson,South,Standard,2025-04-02,,True
4023,Kathy Butler,North,Standard,2022-09-05,2025-10-17,False
4024,James Smith,Central,Standard,2025-02-04,,True
4025,Mike Larson,South,Silver,2025-06-10,,True
4026,Joe Sanders,East,Standard,2025-04-07,,True
4027,Courtney Tate,East,Standard,2024-01-16,,True
4028,Wanda Davis,Central,Gold,2024-05-22,,True
4029,Veronica Jones,Central,Gold,2024-05-21,,True
4030,Amanda Duffy,North,Silver,2023-01-16,,True
4031,Tony Johnson,East,Silver,2024-01-13,2025-11-29,False
4032,Kimberly Hill,West,Gold,2022-11-13,,True
4033,Chris Miller,Central,Silver,2024-03-02,,True
4034,Jennifer Smith,North,Standard,2025-01-13,,True
4035,Tracy Butler,Central,Gold,2022-03-13,2024-10-23,False
4036,Troy Wiley,South,Gold,2025-05-22,,True
4037,James Hernandez,South,Standard,2022-02-21,,True
4038,Heidi Brown,South,Standard,2023-12-29,,True
4039,Rachel Turner,Central,Silver,2024-01-12,,True
4040,Jenna Gonzalez,Central,Silver,2022-02-16,,True
4041,Michelle Bradley,West,Standard,2023-01-26,,True
4042,Larry Jackson,North,Standard,2023-03-15,,True
4043,Janice Hamilton,South,Standard,2022-08-31,,True
4044,Dawn Floyd,West,Standard,2024-11-30,2025-01-04,False
4045,Nancy Everett,West,Gold,2024-04-29,,True
4046,Michael Garcia,North,Standard,2023-12-09,,True
4047,Stacey Williams,Central,Gold,2023-10-19,,True
4048,Linda Mcdaniel,East,Gold,2024-07-26,,True
4049,Jennifer Fowler,North,Standard,2022-05-06,,True
4050,Mary Duncan,East,Standard,2024-07-13,2025-11-11,False
4051,Renee Clay,West,Standard,2023-05-01,2024-06-10,False
4052,Diane Murray,West,Silver,2024-07-07,,True
4053,Mary Diaz,Central,Standard,2025-05-07,,True
4054,Travis Avery,Central,Standard,2022-10-28,,True
4055,Angela Mccarthy,North,Gold,2022-02-14,,True
4056,Mr. William Adams PhD,South,Gold,2023-04-12,2025-05-02,False
4057,Michael Leonard,East,Silver,2024-09-20,,True
4058,Jennifer Joseph,Central,Gold,2023-09-30,,True
4059,Mindy Bender DVM,Central,Gold,2024-07-08,,True
4060,Walter Kim,West,Standard,2023-03-05,,True
4061,Denise Hughes PhD,West,Standard,2023-12-22,,True
4062,Robert Jordan,West,Standard,2024-09-18,,True
4063,Christopher Mitchell,North,Standard,2025-03-01,,True
4064,Aimee Rivera,West,Silver,2022-01-29,,True
4065,Teresa Romero,East,Standard,2024-12-06,,True
4066,James Thomas,North,Silver,2024-11-05,,True
4067,Eric Griffin,South,Standard,2024-09-30,2025-03-18,False
4068,Alexis Berg,Central,Standard,2022-05-24,,True
4069,Ricardo Chapman,South,Standard,2022-12-19,,True
4070,Bryan Cervantes,West,Standard,2022-06-01,,True
4071,Deborah Stephens,South,Standard,2022-03-09,,True
4072,Brooke Perry,Central,Standard,2022-09-07,,True
4073,Stacey Lewis,North,Standard,2022-05-29,,True
4074,Matthew Ellis,North,Standard,2024-10-30,2025-05-11,False
4075,Stephanie Johnson,West,Standard,2022-05-14,,True
4076,Kathleen Schmidt,North,Standard,2024-04-03,,True
4077,Angela Blair,West,Standard,2023-03-31,2024-05-01,False
4078,Kristin Flores,North,Standard,2023-07-24,,True
4079,Mary Stevenson,South,Standard,2022-09-24,,True
4080,Kathy Murray,South,Standard,2022-08-13,,True
4081,Stefanie Jimenez,West,Standard,2022-12-07,,True
4082,Vincent Kane,Central,Gold,2022-05-24,,True
4083,Melissa Jenkins,Central,Standard,2025-04-06,,True
4084,Brittany Stein,West,Standard,2023-03-12,,True
4085,Jeffrey Fleming,North,Gold,2023-08-14,,True
4086,Aaron Ramirez,West,Standard,2023-06-03,,True
4087,Lori Howard,West,Silver,2022-03-21,2025-08-27,False
4088,Allison Boyle,South,Standard,2022-07-14,2024-11-16,False
4089,Victoria Johnson,Central,Gold,2023-02-20,,True
4090,Mr. Nicholas Jones,West,Standard,2025-03-20,,True
4091,Ryan Lee,North,Silver,2022-08-26,,True
4092,Cristina Berry,East,Silver,2023-06-27,,True
4093,Claudia Sanders,West,Standard,2024-10-07,,True
4094,Kathleen Martin,East,Standard,2024-10-25,,True
4095,James Reed,South,Standard,2022-02-14,,True
4096,Jeanette Knox,South,Gold,2024-06-23,,True
4097,Laura Welch,West,Standard,2022-02-04,,True
4098,Carl Brooks,South,Silver,2023-09-11,,True
4099,Melanie Browning,North,Standard,2024-02-25,2025-09-05,False
4100,Michael Briggs,North,Standard,2022-07-09,,True
4101,Lindsey Thompson,South,Standard,2022-10-17,2025-03-25,False
4102,Sandra Harrington,Central,Standard,2023-01-02,2025-09-14,False
4103,Carl Henderson,North,Silver,2022-10-11,,True
4104,Andrew Sanders,South,Gold,2022-04-22,,True
4105,Judy Dixon,West,Gold,2025-03-03,,True
4106,Dr. Phillip Roman PhD,Central,Standard,2023-05-12,,True
4107,Adrian Martinez,East,Standard,2022-09-13,,True
4108,Samantha Spencer,North,Standard,2023-05-21,2024-09-15,False
4109,Kristina Hayden,East,Standard,2025-02-13,,True
4110,Katherine Leon,South,Standard,2024-06-19,,True
4111,Pamela Ferguson,Central,Standard,2024-03-15,,True
4112,Curtis Ramos,North,Standard,2022-11-26,,True
4113,William Brandt,West,Standard,2022-12-02,,True
4114,Mrs. Candice Joseph,West,Gold,2025-06-07,,True
4115,Lawrence King,West,Standard,2022-01-22,,True
4116,Meagan Yang,East,Standard,2022-07-16,,True
4117,Wanda Welch,South,Standard,2022-07-16,,True
4118,Heather Brown,West,Standard,2022-08-23,,True
4119,Wendy Morgan,North,Standard,2022-08-22,,True
4120,James Whitaker,South,Silver,2023-04-20,,True
4121,Sharon Sanchez,West,Standard,2024-03-21,,True
4122,James Mcguire,East,Silver,2024-12-27,2025-02-07,False
4123,Michael Perez,South,Silver,2022-12-18,2025-08-27,False
4124,Bryan Hoffman,Central,Standard,2023-12-15,,True
4125,Andrea Hampton,East,Standard,2022-07-09,,True
4126,Donna Ross,West,Standard,2022-08-11,2025-04-27,False
4127,Mary Hughes,North,Silver,2023-12-30,,True
4128,John Ward,South,Standard,2023-02-05,,True
4129,Christopher Sims,South,Standard,2022-11-17,,True
4130,William Adams,North,Gold,2022-03-27,,True
4131,Erin Nelson,Central,Standard,2022-04-09,2025-07-13,False
4132,Jamie Mercer,North,Silver,2023-12-28,2025-05-04,False
4133,Jonathan Ballard,Central,Silver,2024-01-25,,True
4134,Roberta Smith,North,Standard,2022-03-18,,True
4135,Mary Jones,East,Standard,2022-08-04,,True
4136,Matthew Hernandez,Central,Standard,2025-01-11,2025-07-05,False
4137,David Moran,West,Silver,2022-04-04,,True
4138,Julie Knight,South,Standard,2025-03-01,,True
4139,Troy Wells,South,Standard,2023-08-03,,True
4140,Steven Hall,North,Standard,2022-04-05,,True
4141,Mrs. Jessica Price,North,Standard,2024-10-15,,True
4142,Kenneth Moreno,South,Silver,2024-09-02,2025-04-13,False
4143,David Walsh,North,Standard,2024-03-04,2025-05-10,False
4144,Laura Moon,North,Silver,2022-09-23,,True
4145,Lance Soto,South,Silver,2024-06-03,,True
4146,Jose Hardy,North,Standard,2023-05-03,2024-08-13,False
4147,David Thomas,North,Silver,2024-01-08,,True
4148,Alexander Bailey,East,Silver,2022-07-22,2025-03-03,False
4149,Douglas Bowman,South,Silver,2024-10-27,,True
4150,Adam Williams,Central,Standard,2024-10-17,,True
4151,Julie Torres,West,Standard,2022-06-28,,True
4152,Kathleen Evans,South,Standard,2023-11-27,,True
4153,Eric Everett,East,Standard,2023-07-26,,True
4154,Steve Simmons,West,Silver,2023-06-20,,True
4155,Gary Johnson,North,Standard,2025-06-18,,True
4156,Daniel Gonzalez,West,Standard,2022-11-08,,True
4157,Jeffery Lopez,East,Silver,2024-01-22,2024-10-21,False
4158,Stephen Cunningham,East,Standard,2023-08-16,,True
4159,Jamie Morris,South,Standard,2023-04-02,,True
4160,John Smith,Central,Standard,2022-03-05,,True
4161,Joseph Ford,North,Silver,2023-04-15,,True
4162,David Miller,Central,Standard,2024-05-10,,True
4163,Joseph Horn,North,Silver,2023-02-05,,True
4164,Lisa Bailey,West,Silver,2024-12-08,,True
4165,Danielle Compton,South,Standard,2022-12-26,,True
4166,Terri Carter,East,Gold,2024-08-19,,True
4167,Rachel Conner,West,Standard,2022-10-10,,True
4168,Lindsey Sanchez,North,Silver,2023-01-25,2024-03-29,False
4169,Theresa Green,Central,Standard,2024-02-15,,True
4170,Kenneth Nelson,Central,Silver,2024-01-08,,True
4171,Sara Lyons,South,Standard,2023-06-08,2024-01-13,False
4172,Kevin Mason,North,Standard,2022-08-07,,True
4173,Misty Robinson,Central,Silver,2022-06-13,,True
4174,Maria Khan,North,Standard,2024-01-05,,True
4175,Ariel Moore,West,Silver,2024-01-14,,True
4176,Dr. Jill Brown MD,Central,Standard,2025-05-19,,True
4177,Eric York,South,Standard,2025-01-02,2025-10-05,False
4178,Michael Gutierrez,East,Standard,2023-03-20,,True
4179,Bonnie Strickland,West,Standard,2023-03-06,,True
4180,Eric Knight,North,Standard,2022-02-17,,True
4181,Nathaniel Walker,Central,Gold,2024-12-18,2025-05-11,False
4182,Steven Baxter,West,Silver,2022-03-11,,True
4183,Christina Shields,East,Standard,2022-05-17,,True
4184,Henry Mann,East,Silver,2023-03-02,,True
4185,George Byrd,North,Standard,2023-05-15,,True
4186,Todd Arellano,West,Silver,2023-08-25,,True
4187,Colleen Jones,East,Silver,2022-04-11,,True
4188,Chelsea Dominguez,South,Silver,2024-06-19,,True
4189,Benjamin Michael,East,Standard,2023-05-21,,True
4190,Daniel Zamora,South,Standard,2023-12-04,,True
4191,Natalie Johnson,South,Silver,2022-09-01,2024-10-24,False
4192,Edward Baker,South,Silver,2022-11-14,,True
4193,Matthew Klein,West,Standard,2022-09-23,2024-03-19,False
4194,Megan Barrett,South,Standard,2023-06-15,,True
4195,Alyssa Arnold,North,Standard,2024-09-24,,True
4196,Emily Zimmerman,West,Standard,2025-02-24,,True
4197,Kevin Williams,South,Standard,2022-06-29,2025-09-20,False
4198,Maria Compton,South,Gold,2025-02-04,,True
4199,Cole Johnson,South,Standard,2023-07-14,2024-07-27,False
4200,Christopher Herrera,Central,Standard,2022-09-23,,True
4201,Christopher Hansen,South,Standard,2024-10-06,2025-03-20,False
4202,Jerry Rogers,North,Standard,2025-04-19,2025-08-05,False
4203,Caitlin Harris,West,Standard,2025-01-17,,True
4204,Alexandra Smith,South,Standard,2023-10-26,2024-04-21,False
4205,Ashley Harris,South,Silver,2023-02-26,,True
4206,Craig Ortiz,East,Standard,2022-01-13,,True
4207,Steven Logan,West,Gold,2023-07-17,2025-06-19,False
4208,Jessica Simmons,South,Standard,2023-04-11,,True
4209,Hannah Cervantes,West,Standard,2024-09-17,,True
4210,Carrie May,East,Standard,2022-11-14,,True
4211,Susan Navarro,South,Standard,2022-09-26,2024-02-27,False
4212,John Young,West,Standard,2023-12-11,,True
4213,Bonnie Martinez,West,Silver,2022-10-04,2025-06-07,False
4214,William Perkins,West,Standard,2023-01-13,,True
4215,Dr. Ann Robbins DVM,West,Standard,2024-08-04,,True
4216,Anthony Brooks,North,Silver,2024-04-24,,True
4217,Jennifer Guerra,East,Silver,2023-07-15,,True
4218,Monica Mullen,South,Silver,2024-04-22,,True
4219,Mark Simpson,South,Standard,2024-11-27,,True
4220,Sandra Walls,West,Standard,2024-11-18,2025-05-05,False
4221,James Bowman,East,Standard,2022-08-22,,True
4222,Jessica Kramer,Central,Standard,2022-10-18,,True
4223,Jonathan Velazquez,East,Standard,2023-08-22,,True
4224,Andrew Sosa,West,Standard,2022-08-18,,True
4225,James Ferguson,South,Standard,2024-09-24,,True
4226,Brittany Wright,Central,Silver,2024-06-28,2025-11-14,False
4227,Kenneth Shepard,East,Standard,2022-11-14,,True
4228,Bradley Krause,West,Gold,2024-10-10,,True
4229,Jose Young,East,Standard,2022-06-02,,True
4230,Jennifer Hull,East,Silver,2023-03-19,,True
4231,Stephanie Roach,Central,Standard,2024-02-23,,True
4232,Roger Carter,North,Gold,2023-08-03,,True
4233,Courtney Hernandez,North,Standard,2022-02-16,,True
4234,Melissa Thompson,Central,Standard,2022-05-13,2025-12-10,False
4235,Pamela Snyder,West,Gold,2023-02-11,,True
4236,James Scott II,East,Standard,2022-08-09,2024-04-13,False
4237,Isaac Roberts,West,Silver,2023-08-03,,True
4238,James Flores,East,Silver,2022-07-04,,True
4239,Sarah Lee,West,Gold,2024-10-31,2025-07-09,False
4240,Rose Harris,South,Standard,2022-09-07,2025-06-21,False
4241,Shawn Bass,North,Gold,2023-01-05,,True
4242,Kathryn Greene,East,Silver,2023-01-24,,True
4243,John Brock,North,Silver,2025-03-23,,True
4244,Pamela Cohen,South,Standard,2022-01-14,2024-09-30,False
4245,Emily French,West,Gold,2022-04-02,,True
4246,Michael White,South,Standard,2023-07-26,,True
4247,Caitlin Rich,Central,Silver,2023-06-30,,True
4248,Jesse Jimenez,South,Standard,2024-08-03,2025-03-04,False
4249,Thomas Bradley,North,Silver,2023-02-11,,True
4250,Joshua Thomas,West,Standard,2022-01-23,2024-02-28,False
4251,Jacob Hardy,Central,Gold,2024-02-11,,True
4252,Autumn Morris,North,Standard,2022-07-21,,True
4253,Jennifer Williams,South,Gold,2025-01-08,,True
4254,Maurice Perkins,South,Silver,2024-01-25,,True
4255,Michael Burnett,East,Silver,2022-10-24,,True
4256,Marcus Phillips,Central,Gold,2024-04-03,,True
4257,Billy Alvarado,West,Silver,2024-09-01,2024-11-27,False
4258,Michael Morgan,West,Silver,2024-03-06,,True
4259,Courtney Medina,North,Standard,2022-09-06,,True
4260,Kenneth York,Central,Silver,2024-12-22,,True
4261,Amy Day,East,Silver,2022-10-14,,True
4262,Travis Thompson,East,Silver,2022-08-14,,True
4263,Susan Rodriguez,West,Silver,2022-04-08,2025-06-30,False
4264,Jeffrey Butler,North,Gold,2023-04-21,,True
4265,Steven Garcia,West,Standard,2023-09-30,,True
4266,Deborah Medina,North,Silver,2024-01-14,,True
4267,Nicole Hood DDS,West,Standard,2023-05-12,,True
4268,Kathryn Randolph,East,Silver,2022-02-24,2024-10-10,False
4269,Dana Edwards,South,Standard,2023-07-19,,True
4270,Jasmine Morales,South,Silver,2023-02-22,,True
4271,Eric Mcgee,South,Standard,2025-04-21,,True
4272,Matthew Rodriguez,Central,Gold,2024-01-31,2025-06-20,False
4273,Rhonda White,West,Silver,2022-06-29,,True
4274,Amber Martin,South,Standard,2022-09-04,2024-01-13,False
4275,William Campbell,North,Silver,2022-11-19,,True
4276,Sheryl Barton,South,Standard,2023-09-12,,True
4277,John Gilbert,West,Standard,2024-06-12,,True
4278,Leah Wheeler,Central,Standard,2022-07-15,,True
4279,Kelsey Pearson,South,Standard,2024-02-22,,True
4280,Nicolas Smith,North,Standard,2023-10-18,,True
4281,Omar Mcgee,East,Standard,2022-10-07,2024-11-11,False
4282,Gregory Gonzalez,North,Silver,2024-06-20,,True
4283,Joshua Lopez,West,Standard,2022-07-25,,True
4284,Robert Nelson,North,Standard,2022-05-03,2024-08-22,False
4285,April Kelly,East,Silver,2025-02-04,2025-11-27,False
4286,Sarah Gilbert,North,Silver,2024-05-29,,True
4287,Lisa Brown,North,Standard,2024-04-22,,True
4288,Carly Ellis,Central,Silver,2023-05-23,,True
4289,Ryan Haney,West,Silver,2023-07-11,2024-06-27,False
4290,Lisa Cruz,East,Gold,2022-09-21,,True
4291,Cindy Webb,West,Silver,2024-10-04,,True
4292,Brian Welch,Central,Standard,2025-02-22,2025-03-19,False
4293,Samantha Powell,East,Silver,2023-11-24,,True
4294,Jeffrey Torres,East,Gold,2023-05-23,,True
4295,Benjamin Moore,South,Gold,2024-09-18,,True
4296,Michelle Hernandez,West,Standard,2023-10-08,2024-04-24,False
4297,Courtney Hurst,North,Gold,2024-05-08,2025-10-01,False
4298,Savannah Rice,East,Silver,2023-08-12,,True
4299,Melody Sullivan,North,Standard,2023-02-20,2025-11-15,False
4300,Brandon Williams DDS,West,Silver,2025-02-16,,True
4301,Mark Michael,South,Standard,2024-07-11,2025-09-28,False
4302,Robin Wright,North,Gold,2023-10-29,,True
4303,Tina Wilson,East,Gold,2022-04-06,2024-04-03,False
4304,Heather Watkins,South,Standard,2025-03-17,,True
4305,Danielle Schwartz,Central,Silver,2024-01-10,,True
4306,Alice Moran,West,Standard,2023-03-23,2024-12-29,False
4307,Jamie Dominguez,South,Standard,2024-07-22,,True
4308,Lisa Gomez,East,Standard,2024-11-14,2025-06-21,False
4309,Jerome Parker,East,Gold,2024-11-24,,True
4310,Tiffany Cooper,East,Silver,2023-10-10,,True
4311,Jeffrey Fields,South,Silver,2022-10-13,,True
4312,Stacie Riley,West,Silver,2024-09-01,,True
4313,Mark Thomas,North,Standard,2024-02-15,,True
4314,William Torres,West,Gold,2024-02-27,,True
4315,Jennifer Smith,North,Silver,2024-09-02,,True
4316,Joyce Parks,East,Silver,2022-01-05,,True
4317,Melissa Jefferson,South,Gold,2023-09-28,,True
4318,Troy Lee,Central,Silver,2022-12-29,,True
4319,Elizabeth Jenkins,Central,Standard,2024-02-16,,True
4320,Kelly Soto,West,Silver,2022-11-06,,True
4321,Kimberly Ferguson,East,Silver,2022-09-21,,True
4322,Kevin Johnson,Central,Gold,2025-06-26,,True
4323,Larry Bates,West,Standard,2023-01-06,,True
4324,Adam Hanna,West,Gold,2023-10-19,,True
4325,James Woodward,West,Silver,2022-05-31,2025-10-09,False
4326,Stephanie Smith,South,Standard,2022-02-19,2024-10-19,False
4327,Roy Howard,South,Silver,2023-11-26,,True
4328,Justin Ryan,North,Standard,2022-05-14,,True
4329,Regina Rivera,North,Standard,2023-12-10,,True
4330,Kristen Montgomery,East,Gold,2023-01-25,,True
4331,Scott Cooley,East,Standard,2024-07-29,,True
4332,Sean Smith,East,Silver,2023-12-08,,True
4333,Jacob Smith,North,Silver,2025-03-26,,True
4334,Gregory Myers,Central,Silver,2022-01-01,,True
4335,Stephen Osborne,West,Standard,2024-05-16,,True
4336,Thomas Clements,East,Gold,2023-03-31,,True
4337,Dean Cunningham,Central,Silver,2023-05-10,,True
4338,Mary Merritt,Central,Standard,2024-11-19,,True
4339,Anthony Juarez,East,Standard,2023-01-11,,True
4340,Martha Schmidt,West,Silver,2025-03-12,,True
4341,Regina Johnson,Central,Gold,2022-07-26,,True
4342,Jaime Watts,West,Silver,2024-03-16,,True
4343,Edward Herring,South,Standard,2022-03-02,,True
4344,Teresa Long,East,Standard,2022-11-18,,True
4345,Javier Barrera,North,Standard,2022-12-16,,True
4346,Carmen Case,Central,Gold,2023-05-27,,True
4347,Beth Morris,North,Silver,2023-04-28,,True
4348,Shelby Taylor,South,Gold,2023-03-16,,True
4349,Cathy Wyatt,West,Silver,2025-04-04,,True
4350,David Frederick,North,Standard,2022-06-09,,True
4351,Ricky Green,Central,Standard,2024-04-06,,True
4352,Dylan Floyd,West,Gold,2023-01-28,2025-10-19,False
4353,Jeffrey Jackson,East,Silver,2023-04-21,,True
4354,Kimberly Edwards,South,Standard,2024-12-18,,True
4355,Chad Cook,Central,Silver,2023-09-17,,True
4356,Michael Atkins,North,Standard,2023-03-20,,True
4357,David Anderson,Central,Gold,2024-01-31,,True
4358,Sean Noble,East,Standard,2022-08-24,,True
4359,Richard Thomas,East,Silver,2024-09-21,,True
4360,Jeffery Nelson DDS,West,Silver,2025-05-22,,True
4361,Kristi Joseph,South,Silver,2024-07-22,,True
4362,Michael Jackson,South,Silver,2023-02-14,2024-08-25,False
4363,Scott Garcia,North,Silver,2024-12-10,,True
4364,Katherine Mendez,East,Standard,2022-05-28,,True
4365,Thomas Rice,North,Standard,2023-07-27,,True
4366,Kyle Green,Central,Standard,2024-03-23,,True
4367,David Diaz,South,Standard,2023-08-03,,True
4368,Elizabeth Russo,West,Standard,2022-10-02,,True
4369,Elizabeth Whitaker,East,Standard,2024-07-22,,True
4370,Kevin Park,South,Silver,2024-12-13,,True
4371,David Boone,South,Silver,2025-06-04,,True
4372,David Dixon,North,Gold,2024-02-09,,True
4373,Joseph Fisher,South,Gold,2022-02-08,,True
4374,Curtis Petersen,West,Standard,2025-01-20,,True
4375,Catherine Mayer,South,Gold,2023-10-28,,True
4376,Stacy Burnett,Central,Standard,2023-10-17,,True
4377,Joshua Gonzalez,West,Silver,2023-12-12,2024-09-14,False
4378,Catherine Sutton,East,Silver,2022-12-30,,True
4379,Jennifer Decker,West,Standard,2023-02-04,2024-03-30,False
4380,Robert Mueller,East,Standard,2022-09-29,2024-08-27,False
4381,Sharon Kelly,South,Silver,2022-03-05,,True
4382,Douglas James,Central,Standard,2024-05-24,,True
4383,Patrick Mahoney,South,Standard,2022-04-22,,True
4384,Timothy Benitez,Central,Gold,2024-01-27,,True
4385,Breanna Jacobs,North,Silver,2022-10-14,,True
4386,Deborah Escobar,East,Standard,2022-11-24,2024-10-01,False
4387,Laurie Johnson,South,Silver,2022-03-09,,True
4388,Kyle Peterson,West,Silver,2022-02-17,,True
4389,Taylor Wall,East,Gold,2022-10-18,,True
4390,Brandon Miller,South,Standard,2024-05-22,,True
4391,Donna Roberts,South,Silver,2024-01-29,,True
4392,Noah Robertson,North,Standard,2024-04-10,,True
4393,Teresa Franco,Central,Standard,2023-10-22,,True
4394,Jacob Jackson,South,Standard,2024-02-24,,True
4395,Katherine Reid,West,Silver,2025-03-08,2025-06-26,False
4396,Beth Holmes,South,Gold,2023-12-30,,True
4397,Benjamin Mcgee,North,Standard,2022-05-22,2025-03-08,False
4398,Mary Bates,West,Standard,2023-08-14,,True
4399,Chad Rice,North,Standard,2024-03-16,,True
4400,Shannon Roach,Central,Silver,2022-08-28,,True
4401,Nicole Rice,Central,Standard,2023-08-13,,True
4402,Gary Garcia,South,Silver,2025-03-14,,True
4403,Jessica Hodges,West,Standard,2022-12-06,,True
4404,Vicki Garcia MD,North,Standard,2022-07-24,,True
4405,Joseph Peterson,West,Standard,2022-10-05,,True
4406,Laura Lynch,Central,Gold,2023-07-09,2025-01-26,False
4407,Angela Landry,West,Silver,2025-06-11,,True
4408,Roberto Rojas,North,Silver,2023-03-06,,True
4409,Michelle Mccoy,West,Standard,2024-02-27,2025-11-05,False
4410,John Williams,West,Standard,2022-08-01,,True
4411,Jay Clark,North,Standard,2023-02-07,2025-02-13,False
4412,Mark Sandoval,North,Standard,2024-11-16,,True
4413,Alicia Bowen,Central,Standard,2024-08-07,,True
4414,Russell Flores,Central,Silver,2025-05-11,,True
4415,Barbara Johnston,Central,Standard,2022-06-11,2024-10-15,False
4416,David Mathews,North,Silver,2024-10-01,,True
4417,Chad Cline,South,Standard,2022-06-10,2025-02-22,False
4418,Jeffery Berry,West,Standard,2023-03-23,,True
4419,Joseph Garcia,South,Standard,2024-05-30,,True
4420,Drew Brown,North,Silver,2023-10-03,,True
4421,Joel Morales,Central,Standard,2022-06-23,,True
4422,Rebecca Schmidt,North,Standard,2025-03-01,,True
4423,Brenda Gonzales,Central,Silver,2022-09-20,,True
4424,Nathan Morales,Central,Standard,2022-10-04,,True
4425,Robert Brown,Central,Silver,2022-11-10,,True
4426,Frank Russo,Central,Silver,2022-01-10,,True
4427,Ann Chen,North,Silver,2024-08-16,,True
4428,George Cruz,South,Gold,2023-01-08,2025-04-30,False
4429,Laura Kelly,North,Standard,2023-04-25,,True
4430,David Huber,Central,Silver,2024-10-04,2024-11-25,False
4431,Sara Bartlett,North,Silver,2024-02-22,,True
4432,Alfred Moore,East,Standard,2023-08-25,,True
4433,Marie Ortiz MD,South,Silver,2024-01-29,,True
4434,Bradley Aguirre,South,Standard,2022-11-15,,True
4435,Melanie Jones,East,Gold,2022-11-24,,True
4436,Melissa Haley,North,Standard,2025-02-13,,True
4437,Frances Brennan,North,Standard,2023-02-17,,True
4438,Ronald Williams,East,Gold,2024-03-21,,True
4439,Colin Castro,South,Standard,2023-04-22,,True
4440,Daniel Baker MD,North,Standard,2022-01-02,,True
4441,Scott Brennan,North,Gold,2022-09-24,,True
4442,Devin Wilson,Central,Gold,2022-12-02,,True
4443,Evan Lewis,East,Silver,2024-08-21,,True
4444,Robert Barnes,West,Standard,2022-01-28,,True
4445,Shannon Hopkins,West,Silver,2023-05-29,,True
4446,Tamara Hudson,Central,Gold,2024-02-14,,True
4447,Shannon Mays,East,Silver,2022-08-09,,True
4448,Shelby Webster,Central,Standard,2023-10-12,,True
4449,Cynthia Decker,North,Silver,2023-03-24,,True
4450,Jody Singleton,North,Standard,2023-02-24,,True
4451,Martin Coleman,South,Standard,2022-06-07,2024-07-13,False
4452,Barbara Garcia,South,Gold,2023-12-07,,True
4453,Denise Le,Central,Silver,2023-05-05,,True
4454,Leslie Wolf,Central,Standard,2024-11-23,2025-02-12,False
4455,Christine Harrison,South,Silver,2025-02-23,,True
4456,Jose Oconnor,West,Standard,2024-04-11,,True
4457,John Smith,East,Standard,2022-10-01,,True
4458,Adam Gentry,South,Standard,2022-11-17,2024-06-18,False
4459,Jose Walsh,North,Gold,2025-04-17,,True
4460,Joshua Foster,West,Gold,2023-06-19,,True
4461,Tracy Bradshaw,South,Standard,2023-03-21,,True
4462,Shannon Hall,North,Silver,2022-03-28,,True
4463,Matthew Cole,East,Gold,2022-04-19,,True
4464,Douglas Smith,South,Silver,2022-06-20,,True
4465,Kevin Padilla Jr.,Central,Silver,2024-06-21,,True
4466,Mrs. Krista Jones DDS,Central,Silver,2022-10-02,2024-07-16,False
4467,Troy Mclean,West,Silver,2024-06-30,,True
4468,Tristan Johnson,East,Gold,2022-07-03,,True
4469,Brittany Price,West,Standard,2024-07-20,,True
4470,Clifford Brooks,Central,Standard,2022-11-23,2025-11-12,False
4471,Rebecca Lopez,East,Standard,2025-06-19,,True
4472,Melissa Nunez,North,Silver,2022-01-18,,True
4473,Joseph Howell,West,Standard,2022-08-08,,True
4474,Annette James,North,Standard,2022-02-15,2024-08-10,False
4475,Joshua West,East,Silver,2022-03-06,,True
4476,Timothy Maxwell,South,Gold,2024-04-12,,True
4477,Ricky Myers,South,Standard,2022-02-10,,True
4478,Andrea Ward,North,Standard,2024-10-21,,True
4479,Amanda Morgan,South,Standard,2023-06-07,,True
4480,Anthony Simpson,North,Silver,2023-08-31,,True
4481,Alexandria Lindsey,North,Standard,2022-06-24,2025-11-28,False
4482,Richard Pena,East,Silver,2022-10-03,2024-12-02,False
4483,Dan Hess,West,Standard,2022-08-08,,True
4484,Kaitlyn Jones,East,Silver,2023-12-24,,True
4485,Bryan Brock,East,Silver,2023-05-13,,True
4486,Michelle Ramirez,Central,Standard,2022-11-20,,True
4487,Jon Hudson,North,Standard,2023-06-04,,True
4488,Roy Gibson,West,Standard,2023-11-30,2025-12-25,False
4489,William Thomas,Central,Silver,2023-01-26,,True
4490,Tara Anderson,West,Standard,2022-10-15,2024-08-08,False
4491,Charles White,South,Standard,2023-04-06,2024-03-08,False
4492,Troy Sloan,Central,Silver,2025-03-08,2025-05-27,False
4493,Devon Harmon,South,Standard,2024-04-27,,True
4494,Jamie Johnson,Central,Silver,2023-07-24,2025-09-07,False
4495,Emily Walker,North,Gold,2024-05-10,2025-01-17,False
4496,Matthew Morrison,East,Silver,2022-06-16,,True
4497,Tracy Byrd,South,Silver,2023-01-18,,True
4498,Michael Silva,West,Silver,2022-12-11,,True
4499,Carlos Rodriguez,South,Standard,2023-03-24,,True
4500,Lauren Skinner,East,Silver,2024-05-01,2024-11-11,False
4501,Stanley Holder,Central,Standard,2022-08-06,,True
4502,Rebekah Dyer,West,Standard,2024-06-16,,True
4503,Raven Odonnell,South,Standard,2022-11-22,,True
4504,Daniel Gray,North,Gold,2023-10-18,,True
4505,Joseph Collins,West,Silver,2022-03-17,,True
4506,Robert Grant,North,Silver,2022-11-27,2025-01-08,False
4507,Laura Henry,North,Silver,2022-04-24,,True
4508,Eric Williams,North,Standard,2024-03-01,2025-03-16,False
4509,Kendra Colon,North,Standard,2023-12-30,,True
4510,Jenna Hayden,East,Silver,2025-02-14,,True
4511,Rachel Petty,West,Silver,2024-03-08,,True
4512,Jeffrey Cole,North,Gold,2022-12-22,,True
4513,Autumn Andrews,West,Silver,2025-04-27,,True
4514,Jeffrey Hernandez,South,Standard,2023-11-05,,True
4515,Zachary Gonzalez,Central,Silver,2024-12-27,,True
4516,Natalie Cline,Central,Silver,2024-07-16,,True
4517,Shawn Juarez,West,Standard,2023-04-04,,True
4518,Joshua Bennett,South,Gold,2022-01-03,,True
4519,Wendy Chavez,North,Silver,2024-10-09,,True
4520,April Meyer,Central,Silver,2024-01-28,,True
4521,Ann King,South,Gold,2024-09-07,,True
4522,Kevin Chase,Central,Silver,2023-06-03,,True
4523,Brittany Young,North,Silver,2022-04-28,2025-02-18,False
4524,Jesus Decker,South,Silver,2024-05-24,,True
4525,Laura Stevens,Central,Gold,2024-05-09,,True
4526,Adam Pope,South,Standard,2024-07-03,,True
4527,Sarah Miller,South,Standard,2023-03-06,,True
4528,Jessica Cooke,North,Standard,2024-12-26,,True
4529,Alexander Carlson,West,Standard,2023-05-11,,True
4530,Destiny Robinson,North,Standard,2024-12-09,,True
4531,Miranda Sanchez,South,Silver,2023-07-09,,True
4532,Kelly Miller,North,Standard,2023-07-23,,True
4533,Melissa Rivera,West,Standard,2022-04-28,2025-03-17,False
4534,Brittany Smith,South,Standard,2022-06-30,2025-02-22,False
4535,Mary Jones,Central,Standard,2024-03-22,,True
4536,Diamond Jenkins,East,Gold,2022-09-17,,True
4537,Kenneth Harper,Central,Silver,2023-07-24,,True
4538,Jared Alexander,North,Gold,2022-12-28,2025-10-12,False
4539,Joshua Adams,Central,Silver,2024-07-02,,True
4540,Charles Carrillo,North,Standard,2024-04-01,,True
4541,Brittany Taylor,Central,Standard,2025-03-07,,True
4542,Donna Smith,East,Standard,2022-10-11,2024-11-22,False
4543,Andrew Reed,North,Standard,2025-05-11,,True
4544,Michael Conway MD,South,Standard,2025-02-06,,True
4545,Wesley Jenkins,North,Standard,2024-10-04,,True
4546,Haley Gibson,West,Standard,2022-07-23,,True
4547,Manuel Riddle,Central,Standard,2022-01-11,,True
4548,Michael Rodriguez,South,Standard,2023-12-16,,True
4549,Benjamin Thompson,West,Standard,2022-05-29,,True
4550,Donna Cline,East,Standard,2024-03-16,2024-10-16,False
4551,Amy Guzman,West,Standard,2023-05-23,,True
4552,Anthony Anderson,East,Standard,2022-10-07,2024-07-12,False
4553,Brandon Davis,South,Standard,2022-11-06,,True
4554,Christina Strong,East,Standard,2025-01-26,,True
4555,Lori Jones MD,West,Silver,2023-12-26,,True
4556,Theresa Espinoza,West,Standard,2022-02-07,,True
4557,Jessica Nguyen,East,Silver,2022-01-15,,True
4558,Monica Beltran,North,Standard,2025-05-04,,True
4559,Angel Hutchinson,South,Standard,2022-11-26,,True
4560,Veronica Barnes,East,Standard,2024-04-15,,True
4561,Janet Burch,West,Standard,2022-10-07,,True
4562,Jacob Ball,East,Gold,2022-05-17,2024-03-05,False
4563,Dr. Ellen Bruce,South,Silver,2024-10-15,,True
4564,Tyrone Miller,West,Gold,2022-11-28,,True
4565,Evan Garcia,East,Standard,2025-06-28,2025-10-05,False
4566,Mary White,West,Silver,2024-05-16,,True
4567,Jason Lamb,South,Standard,2023-08-02,2024-01-03,False
4568,Tiffany Chase,West,Standard,2025-04-07,2025-12-12,False
4569,Sherry Henson,West,Standard,2022-12-19,2024-02-25,False
4570,Kayla Richard,North,Silver,2023-06-06,,True
4571,John Miller,South,Standard,2024-10-05,,True
4572,Daniel Smith,Central,Standard,2022-07-23,,True
4573,Elizabeth Cunningham,South,Standard,2023-06-11,2025-11-11,False
4574,Erik Nelson,East,Standard,2025-06-21,2025-12-25,False
4575,Nicholas Koch,Central,Silver,2022-09-25,,True
4576,Theresa Hernandez,West,Standard,2024-08-19,,True
4577,Sarah Jacobs,East,Standard,2023-03-06,,True
4578,Richard Smith,West,Standard,2024-08-16,2024-11-06,False
4579,Rebecca Day,South,Silver,2023-05-25,,True
4580,Michael Salazar,South,Standard,2022-04-23,,True
4581,Angela Thomas,North,Gold,2024-09-14,,True
4582,Jessica Parker,South,Silver,2022-11-14,,True
4583,Shannon Shaw,West,Standard,2023-03-07,2025-03-04,False
4584,Jose Willis,North,Silver,2022-08-17,,True
4585,Jared Green,Central,Silver,2023-06-20,,True
4586,Brett Garcia,South,Gold,2024-09-14,,True
4587,Robert Watson,Central,Silver,2022-02-25,,True
4588,Angela Barber,South,Standard,2022-09-08,,True
4589,Michael Williams,South,Standard,2022-11-12,,True
4590,Jessica Colon,East,Gold,2024-02-20,,True
4591,Micheal May,South,Standard,2022-11-02,,True
4592,Anthony Martin,Central,Standard,2023-10-07,,True
4593,Kristopher Pierce,North,Standard,2025-06-29,,True
4594,Tina Miller,Central,Standard,2024-01-26,,True
4595,Edward Zuniga,South,Standard,2024-10-27,2024-11-09,False
4596,Paul Crawford,West,Standard,2024-11-03,,True
4597,Pamela Peters,Central,Standard,2022-05-07,,True
4598,Nina Henson,North,Standard,2022-02-28,2025-06-30,False
4599,Heather Espinoza DVM,East,Standard,2022-07-18,,True
4600,Deanna Perkins,East,Silver,2025-06-18,,True
4601,Julie Warren,South,Standard,2022-12-30,,True
4602,Lori Jones,North,Standard,2025-01-11,,True
4603,George Martin,North,Standard,2025-05-07,,True
4604,Christopher Rice,East,Standard,2022-06-02,,True
4605,Patrick Ruiz,West,Standard,2025-01-11,,True
4606,Amy Perez,Central,Standard,2024-09-21,,True
4607,Jeffery Tran,South,Standard,2022-05-23,,True
4608,Julie Davenport,West,Standard,2023-10-16,,True
4609,Kyle Chang,East,Standard,2022-06-15,,True
4610,John Hampton,North,Silver,2024-03-19,,True
4611,Dr. Andrew Johns,South,Standard,2023-11-15,,True
4612,Steven White,East,Silver,2023-12-16,,True
4613,Nathan Dunn,Central,Standard,2023-01-01,,True
4614,Wesley Johnson,East,Standard,2024-09-27,,True
4615,Sean Lee,East,Standard,2022-08-05,,True
4616,James Lopez,West,Standard,2024-09-07,,True
4617,Kevin Clarke,North,Standard,2025-05-23,,True
4618,Janet Gomez,Central,Standard,2023-05-06,,True
4619,John Price,Central,Gold,2023-08-05,,True
4620,Manuel Wilson,South,Standard,2023-07-19,2025-05-13,False
4621,Dr. Melissa Ayers,West,Gold,2024-01-08,,True
4622,Anthony Wilson,North,Gold,2025-04-18,,True
4623,Benjamin Castillo,Central,Standard,2023-06-03,2024-08-05,False
4624,Anthony Everett,West,Gold,2022-01-13,,True
4625,Deanna Casey,South,Standard,2024-11-03,,True
4626,Ashley Medina,South,Standard,2022-12-26,2024-06-03,False
4627,Joshua Carter,South,Standard,2022-10-11,,True
4628,Eric Rodriguez,East,Gold,2022-03-26,,True
4629,Alan Hodge,Central,Gold,2023-06-27,2025-08-13,False
4630,Thomas Bennett,East,Standard,2022-03-01,,True
4631,Michelle Hays,North,Gold,2024-07-07,,True
4632,Robert Hall,North,Standard,2024-06-10,,True
4633,Erin Collins,Central,Gold,2025-01-12,,True
4634,Alan Wilson,Central,Silver,2022-04-26,,True
4635,Jennifer Mack,South,Silver,2024-08-29,,True
4636,Rachel Foley,South,Standard,2022-07-18,2025-01-04,False
4637,Juan Flores,Central,Standard,2022-06-06,,True
4638,Breanna Townsend,South,Silver,2024-09-03,,True
4639,Brett Young,West,Standard,2025-03-01,2025-12-02,False
4640,Katie Peterson,Central,Gold,2023-04-20,,True
4641,Todd Williams,North,Standard,2022-11-28,,True
4642,Caitlyn Navarro,Central,Standard,2024-05-06,,True
4643,Edward Chang,West,Standard,2022-01-25,,True
4644,Douglas Mejia,East,Standard,2024-12-11,,True
4645,Austin Garcia,North,Standard,2023-08-21,,True
4646,Jonathan Martinez,South,Silver,2023-08-11,,True
4647,Matthew Schmidt,North,Gold,2023-05-06,,True
4648,Matthew Brown,Central,Standard,2024-03-29,,True
4649,William Moreno,Central,Standard,2022-05-05,,True
4650,Elizabeth Jones,South,Standard,2024-09-17,,True
4651,Michele Powers,East,Silver,2023-01-20,,True
4652,Christopher Green,South,Standard,2023-05-05,,True
4653,Jennifer Hernandez,Central,Standard,2024-08-17,,True
4654,Yolanda West,North,Silver,2023-07-30,2025-02-09,False
4655,Jeremy Stafford,East,Gold,2023-07-01,,True
4656,Tracy Heath,East,Gold,2024-05-21,,True
4657,Joshua Mccall,North,Silver,2024-06-20,2025-11-29,False
4658,Heather Martinez,South,Gold,2023-08-31,,True
4659,Jonathan Alvarez,South,Standard,2025-02-13,,True
4660,Melissa Salinas,North,Silver,2022-03-08,,True
4661,Wendy Garza,Central,Gold,2023-10-22,,True
4662,George Wood,East,Standard,2022-10-26,,True
4663,Richard Mcdaniel,Central,Standard,2022-10-28,,True
4664,Curtis Barnes,South,Standard,2025-04-19,2025-09-20,False
4665,Linda Cole,Central,Standard,2022-04-17,,True
4666,Emily Maldonado,North,Silver,2025-04-29,,True
4667,Anthony Wells,North,Silver,2024-07-30,,True
4668,Michael Cooper,South,Silver,2024-01-30,,True
4669,Laurie Huffman,East,Standard,2022-07-22,,True
4670,Debbie Bruce,North,Standard,2022-11-04,,True
4671,Bianca Chandler,Central,Standard,2023-09-01,2025-09-20,False
4672,Mason Olson,West,Gold,2022-08-19,2025-05-30,False
4673,John Watson,East,Gold,2022-05-16,,True
4674,Bryan Vasquez,Central,Silver,2025-02-05,,True
4675,Edward Jensen,West,Standard,2023-06-24,,True
4676,Derrick Tran,East,Standard,2023-11-25,,True
4677,Todd Houston,West,Standard,2024-01-07,2024-06-23,False
4678,Kevin Drake,South,Silver,2025-05-04,,True
4679,Nicole Cooley,West,Standard,2022-08-27,,True
4680,Alexis Shea,West,Standard,2025-06-09,,True
4681,James Simpson,South,Standard,2025-02-10,,True
4682,Alexander Jones,South,Standard,2022-04-09,,True
4683,Alicia Robinson,West,Gold,2023-08-16,,True
4684,Cory Eaton,South,Silver,2025-06-27,,True
4685,Adam Johnson,North,Standard,2022-02-20,,True
4686,Jason Ellis,South,Silver,2024-01-15,,True
4687,Kenneth Farrell,Central,Standard,2022-11-20,,True
4688,Rachel Hamilton,South,Standard,2025-01-06,2025-06-13,False
4689,Tina Johnson,South,Standard,2022-11-05,2025-02-09,False
4690,Debbie Moore,West,Standard,2023-05-23,,True
4691,Sabrina Pierce,Central,Standard,2023-03-23,,True
4692,Nancy Walker,North,Silver,2022-05-19,,True
4693,Catherine Callahan,West,Standard,2023-08-13,2024-04-25,False
4694,Courtney Pearson,North,Silver,2022-07-24,2025-02-21,False
4695,Ruth Brown,North,Standard,2023-01-16,,True
4696,Matthew Holloway,North,Standard,2024-11-25,2025-09-09,False
4697,Matthew Kelly,Central,Standard,2023-08-02,,True
4698,Marcus Sims MD,North,Gold,2022-09-20,,True
4699,Scott Graham,North,Standard,2023-08-01,,True
4700,Jack Gutierrez PhD,East,Gold,2024-11-07,2025-05-01,False
4701,Mary Nielsen,North,Standard,2022-08-05,,True
4702,Anthony Lopez,West,Silver,2023-12-22,2025-09-06,False
4703,Roger Evans,West,Silver,2022-04-10,,True
4704,Diana Daniels,East,Standard,2024-11-04,,True
4705,Carrie Moore,South,Standard,2025-03-12,,True
4706,Christopher Bernard,Central,Silver,2025-05-06,,True
4707,Christian Brooks,Central,Standard,2022-11-09,,True
4708,Scott Brown,North,Standard,2024-04-11,,True
4709,Virginia Campbell,East,Standard,2024-02-28,,True
4710,Amanda Wyatt,West,Standard,2024-10-12,,True
4711,Rhonda Mitchell,South,Standard,2024-01-12,,True
4712,Nicole Sanchez,West,Standard,2024-09-26,,True
4713,David Ellison,East,Silver,2025-01-21,,True
4714,Robert Johnson,South,Gold,2024-01-26,,True
4715,Zoe Hall,West,Silver,2023-12-22,,True
4716,Debra Nelson,North,Standard,2022-06-11,,True
4717,Jill Cook,North,Standard,2022-07-26,,True
4718,Shannon Burke,East,Standard,2024-02-03,,True
4719,Walter Morales,Central,Standard,2022-06-20,2024-02-11,False
4720,Kevin Ramirez,East,Gold,2022-04-07,,True
4721,Clarence Hampton,North,Gold,2022-03-25,,True
4722,Dale West,Central,Standard,2022-12-09,,True
4723,Laurie White,West,Standard,2024-03-04,,True
4724,Ariel Watson,Central,Standard,2023-07-24,,True
4725,Trevor Wells,West,Standard,2024-07-10,2024-09-17,False
4726,Lori Ross,East,Silver,2022-07-12,,True
4727,Alexander Oliver,East,Standard,2023-05-04,2025-10-17,False
4728,Aaron Watkins,North,Standard,2022-06-03,2025-08-13,False
4729,Stephanie Stewart,West,Silver,2024-04-21,,True
4730,Christopher Rodriguez,East,Silver,2022-06-25,,True
4731,Gary Smith,North,Silver,2023-03-28,,True
4732,Raymond Garcia,South,Silver,2022-05-01,,True
4733,Amber York,South,Standard,2024-03-27,2024-10-05,False
4734,Marcia Green,West,Standard,2023-09-12,,True
4735,Michael King,West,Silver,2024-02-12,,True
4736,Kathryn Young,North,Silver,2022-06-17,,True
4737,Megan Graves,East,Standard,2024-11-10,,True
4738,Christopher Pennington,East,Gold,2023-11-20,,True
4739,Karen Williams,South,Silver,2022-01-10,,True
4740,Tonya Gilmore,East,Standard,2023-09-21,2024-10-06,False
4741,Victoria Jordan,West,Standard,2024-08-24,,True
4742,Terri Martin,West,Silver,2022-05-02,,True
4743,Jeffrey Brown,East,Standard,2023-08-20,2025-01-31,False
4744,Heather Rose,South,Standard,2023-10-26,2025-04-09,False
4745,Carolyn Hampton,Central,Standard,2022-09-03,,True
4746,Karen Sullivan,Central,Standard,2024-06-11,,True
4747,John Barrett,Central,Silver,2022-08-08,2025-06-23,False
4748,Thomas Atkins,West,Standard,2024-09-20,,True
4749,James Floyd,West,Standard,2024-03-24,,True
4750,Carrie Kane,South,Silver,2023-05-15,,True
4751,Clifford Daniel,South,Standard,2022-01-12,,True
4752,Carol Andrade,South,Gold,2024-04-26,,True
4753,Jason Chapman,North,Standard,2023-01-18,,True
4754,Adam Rosales,West,Gold,2022-11-18,,True
4755,Thomas Miller,North,Standard,2022-08-05,,True
4756,Adam Smith,East,Standard,2023-12-28,,True
4757,Michael Williams,South,Standard,2024-06-14,2025-02-04,False
4758,Thomas Snow,South,Silver,2023-06-08,,True
4759,Kevin Jordan,Central,Gold,2024-11-22,,True
4760,Dustin Williams,West,Standard,2022-08-25,,True
4761,Amber Wolf,South,Standard,2024-07-04,,True
4762,Kimberly Thompson,South,Standard,2024-01-04,2024-06-30,False
4763,Anna Herring,South,Standard,2022-07-24,,True
4764,Melissa Barnes,North,Silver,2022-10-11,,True
4765,Julia Hopkins,West,Standard,2022-01-28,,True
4766,Brian Cohen,North,Silver,2023-02-13,,True
4767,Kara Graham,North,Standard,2023-06-18,,True
4768,Michael Reeves,Central,Gold,2022-06-15,,True
4769,Gabriel Ford,North,Standard,2023-03-28,,True
4770,Jeffery Thomas,South,Standard,2022-09-13,2024-11-05,False
4771,William Mercado,North,Standard,2022-10-12,,True
4772,Marvin Sparks,West,Standard,2024-09-30,,True
4773,Traci Evans,South,Standard,2022-11-27,,True
4774,Jasmine Hill,South,Silver,2025-04-12,,True
4775,Paul Stevens,East,Standard,2024-11-08,,True
4776,Jasmine Cox,East,Standard,2023-08-15,,True
4777,Nicole Henderson,North,Standard,2025-04-28,,True
4778,Lindsey White,South,Standard,2024-06-02,,True
4779,Sheryl Lamb,North,Silver,2025-05-28,,True
4780,Joshua Smith,South,Standard,2023-08-28,2025-09-18,False
4781,Lisa Cunningham,North,Standard,2022-04-21,,True
4782,Amanda Jackson,West,Silver,2022-08-09,,True
4783,Derek Adams,West,Silver,2023-12-17,,True
4784,Jeffrey Rogers,East,Gold,2024-09-07,2024-11-26,False
4785,Laura West,Central,Standard,2022-09-08,,True
4786,Ian Carter,South,Standard,2024-08-28,,True
4787,Jamie Juarez,South,Standard,2023-11-16,,True
4788,Diana Mcdonald,North,Standard,2023-06-18,,True
4789,Michael Brown,South,Silver,2022-09-10,,True
4790,Linda Perez,West,Silver,2022-01-16,,True
4791,Patrick Adams,South,Standard,2025-01-20,2025-08-23,False
4792,Cynthia Deleon,Central,Silver,2022-04-27,,True
4793,Amanda Norman,North,Silver,2024-02-09,,True
4794,Michael Williams,West,Standard,2023-09-01,,True
4795,Jennifer Davis,West,Silver,2023-09-16,,True
4796,Susan Green,South,Standard,2022-10-11,,True
4797,Angela Goodwin,East,Silver,2022-09-28,2024-02-07,False
4798,Heather Perry,South,Standard,2024-12-11,,True
4799,Bonnie Mcdowell,North,Standard,2025-02-17,,True
4800,Tim Valenzuela,Central,Silver,2024-08-21,,True
4801,Edward Benson,East,Standard,2024-09-25,,True
4802,Nicole Duncan,East,Standard,2023-10-25,,True
4803,John Dominguez,North,Standard,2025-04-12,,True
4804,Richard Parker,Central,Standard,2024-01-07,,True
4805,Ryan Hart,East,Standard,2022-02-22,,True
4806,Heidi Mullins,South,Silver,2022-01-27,,True
4807,Andrew Mccarthy,North,Standard,2023-07-01,,True
4808,Leslie Sanchez,North,Gold,2023-07-21,,True
4809,Mr. Daniel Roth,Central,Standard,2022-02-04,,True
4810,Summer Kelley,West,Standard,2023-08-25,,True
4811,Jennifer Barron,East,Standard,2022-06-23,,True
4812,Diana Miller,East,Standard,2023-08-30,,True
4813,Katie Hunter,East,Silver,2022-01-21,,True
4814,Kyle Serrano,West,Standard,2023-02-24,2025-01-01,False
4815,Christine Frazier,East,Silver,2023-05-10,2025-07-02,False
4816,Lisa Abbott,East,Gold,2022-08-04,,True
4817,Mrs. Sarah Lindsey,North,Standard,2024-08-22,,True
4818,Sarah Walsh,Central,Standard,2024-03-24,,True
4819,Bruce Gibson,South,Standard,2023-12-30,,True
4820,Jenny Graves,West,Standard,2022-12-01,,True
4821,Jessica Russell,North,Standard,2022-04-10,2025-09-22,False
4822,Pamela Morales,South,Silver,2022-09-20,,True
4823,Megan Hobbs,North,Gold,2022-07-27,,True
4824,Lauren Thompson,North,Gold,2023-08-29,,True
4825,Angela Carney,South,Gold,2024-12-03,,True
4826,Katherine Hoffman,South,Silver,2024-11-07,,True
4827,Stephen Harris,South,Gold,2023-06-19,,True
4828,Jim Rocha,Central,Standard,2024-10-23,,True
4829,Ronald Bishop,Central,Silver,2022-01-08,,True
4830,Brooke Clark,East,Standard,2022-08-07,,True
4831,Tiffany Young,South,Standard,2024-06-06,,True
4832,Gabriel Mcdaniel,East,Silver,2025-02-02,2025-09-13,False
4833,Ashley Howard,West,Standard,2024-03-27,,True
4834,Xavier George,West,Standard,2023-12-23,2025-12-15,False
4835,Joshua Lee,Central,Silver,2022-03-23,,True
4836,Kerry Benjamin MD,South,Silver,2023-04-15,,True
4837,Patty Hopkins,West,Standard,2023-12-18,,True
4838,Charles Savage,North,Standard,2022-11-10,,True
4839,Joshua Perry,East,Standard,2024-05-15,2025-07-29,False
4840,Jasmine Bennett,North,Standard,2023-10-03,,True
4841,Megan Cooper,West,Standard,2024-03-28,,True
4842,Nicole Leach,East,Standard,2024-04-03,,True
4843,Sonya Carpenter,East,Silver,2022-03-08,2024-10-04,False
4844,Samuel Dixon,East,Standard,2024-07-11,,True
4845,Anthony Alvarez,South,Silver,2023-02-24,2024-05-25,False
4846,Edwin Griffin,West,Standard,2025-04-10,2025-12-24,False
4847,Mark Johnson,West,Gold,2022-03-03,,True
4848,Shannon Gibson,West,Silver,2024-03-28,,True
4849,Lindsay Perry,South,Gold,2023-05-29,,True
4850,Edwin Rose,Central,Standard,2022-08-10,2025-09-27,False
4851,Samuel Ellis,East,Gold,2024-08-17,,True
4852,Tracy Bean,West,Standard,2023-10-21,,True
4853,Lynn Davis,Central,Gold,2022-08-23,,True
4854,Timothy Jennings,South,Standard,2023-06-19,,True
4855,Janice Rodriguez,Central,Silver,2024-07-06,,True
4856,Casey Grant,East,Standard,2024-10-17,,True
4857,Cynthia Wilson,West,Standard,2023-11-08,,True
4858,Casey Livingston,East,Gold,2022-03-14,,True
4859,Deborah Adams,North,Silver,2022-09-06,,True
4860,Lorraine White,North,Silver,2023-02-21,,True
4861,Miss Sheri Yoder MD,South,Silver,2022-11-19,,True
4862,Rita Arias,Central,Standard,2022-01-14,,True
4863,Cindy Carlson,North,Standard,2022-07-01,2024-04-28,False
4864,Brooke Walker,South,Silver,2024-01-18,,True
4865,Juan Adams,North,Standard,2023-04-10,,True
4866,Tammy Brown,West,Silver,2023-07-30,,True
4867,Joann Anderson,East,Standard,2024-02-18,,True
4868,Evan Richard,Central,Gold,2024-08-20,,True
4869,Harold Walker,West,Standard,2025-02-11,,True
4870,Paul Graves,South,Silver,2024-09-01,,True
4871,Peggy Ramirez,West,Silver,2024-11-06,,True
4872,James Miles,South,Standard,2022-01-21,,True
4873,Barbara Sawyer,North,Standard,2024-12-08,2025-11-21,False
4874,Mrs. Jaclyn Crosby MD,Central,Standard,2023-12-29,,True
4875,Jeffrey James,West,Standard,2022-07-14,2024-05-24,False
4876,Lori Rice,West,Standard,2024-10-26,,True
4877,Jake Collins,South,Gold,2022-12-29,,True
4878,Savannah Estrada,South,Silver,2024-11-07,,True
4879,Tiffany Lopez,East,Silver,2022-08-11,,True
4880,Tyrone Elliott,Central,Silver,2023-11-01,,True
4881,James Levy,North,Gold,2022-06-14,,True
4882,Jennifer Lopez,East,Silver,2025-04-25,,True
4883,Leslie Preston,West,Standard,2023-03-16,,True
4884,Leah Mclaughlin,South,Gold,2024-02-06,,True
4885,Danielle Flores,West,Standard,2024-10-06,,True
4886,William Hawkins,South,Standard,2023-12-07,,True
4887,Levi Watson DDS,North,Standard,2023-08-16,,True
4888,David Thompson,North,Standard,2022-01-16,,True
4889,Darlene Franklin,West,Gold,2023-10-30,,True
4890,Larry Reese,Central,Standard,2022-11-12,,True
4891,Cameron Smith,East,Standard,2025-05-30,2025-10-05,False
4892,Edward Pearson,North,Standard,2022-01-06,,True
4893,James Larsen,West,Standard,2024-04-19,,True
4894,Tina Torres,East,Standard,2024-07-13,,True
4895,Andrew Mitchell,East,Gold,2024-04-12,,True
4896,Eric Smith,West,Standard,2025-04-09,,True
4897,Erica Santana,South,Gold,2023-10-22,,True
4898,Andrew Salazar,West,Standard,2024-12-12,,True
4899,Michael Phillips,Central,Standard,2023-07-09,,True
4900,Melissa Phillips,North,Silver,2024-08-05,,True
4901,Michelle Hernandez,Central,Standard,2022-01-15,,True
4902,Amanda Randolph,Central,Silver,2023-10-24,2024-06-19,False
4903,Tommy Garcia,East,Silver,2025-06-21,,True
4904,Lisa Martinez,East,Standard,2025-04-18,,True
4905,Samantha Gardner,West,Gold,2025-04-11,,True
4906,Mariah Mathews,West,Gold,2025-05-26,,True
4907,Aaron Wells,North,Silver,2023-05-29,,True
4908,April Gilbert,West,Standard,2023-04-11,,True
4909,Jessica Cook,North,Gold,2023-06-06,,True
4910,Marissa Oconnor,South,Silver,2023-09-05,,True
4911,Emily Pope,Central,Standard,2025-05-14,2025-07-20,False
4912,Michael Stewart,South,Silver,2023-01-28,,True
4913,Karen Montgomery,South,Standard,2025-05-15,,True
4914,Anthony Henry,Central,Silver,2024-12-21,,True
4915,Wesley Brown MD,Central,Standard,2022-09-08,2024-05-03,False
4916,Cassie Williams,East,Standard,2024-08-24,,True
4917,Natasha Silva,South,Gold,2024-06-05,,True
4918,Kelli Lee,Central,Gold,2024-07-10,,True
4919,Rita Christian,East,Silver,2023-08-10,2024-05-18,False
4920,Donna Lynch,North,Standard,2023-02-01,,True
4921,Alexander Brady MD,East,Standard,2024-09-21,,True
4922,Emily Jones,North,Silver,2025-01-10,,True
4923,Russell Gutierrez,West,Standard,2025-05-21,,True
4924,Andrea Ruiz,East,Standard,2022-04-08,,True
4925,Kristin Harrington,Central,Standard,2022-02-13,,True
4926,Matthew Shields,East,Standard,2023-04-01,2024-12-18,False
4927,Guy Lee,South,Standard,2024-01-27,,True
4928,Robert Hicks,East,Standard,2022-11-23,2025-03-17,False
4929,Angela Doyle,Central,Standard,2023-03-16,,True
4930,Jodi Nelson,West,Standard,2022-05-02,,True
4931,Jacob Guzman,West,Silver,2024-10-18,,True
4932,Samantha Smith,Central,Gold,2022-05-30,2024-10-17,False
4933,Stephanie Owen,North,Gold,2022-12-30,,True
4934,Eric Ryan,North,Standard,2024-07-03,,True
4935,Danielle Leblanc DDS,North,Silver,2025-06-10,,True
4936,Melanie Chapman,West,Standard,2022-07-10,2024-02-29,False
4937,Monique Allen,Central,Gold,2023-05-18,2024-04-27,False
4938,Kristen Cohen,North,Silver,2023-04-20,,True
4939,Natasha Keller,Central,Silver,2022-12-22,,True
4940,James Moore,North,Silver,2023-11-13,,True
4941,Diane Kim,West,Standard,2024-06-09,2024-07-30,False
4942,Miranda Cooper,West,Silver,2024-02-05,,True
4943,Timothy Jacobs,North,Standard,2023-06-17,,True
4944,Alex Velez,West,Gold,2023-08-21,,True
4945,Sara Freeman,East,Gold,2025-02-22,,True
4946,Wendy Williams,West,Standard,2023-10-08,2025-12-05,False
4947,Linda Gilbert,West,Standard,2022-08-03,2025-12-15,False
4948,Stacey Campbell,East,Silver,2023-11-22,2025-06-11,False
4949,Michael Lozano,Central,Standard,2022-10-11,,True
4950,Joshua Spencer,East,Standard,2024-10-31,2025-04-10,False
4951,Robert Allen,West,Silver,2023-12-17,,True
4952,Matthew Johnson,North,Gold,2024-04-19,,True
4953,Megan Moore,West,Standard,2025-06-22,,True
4954,Taylor Gregory,North,Standard,2022-01-24,,True
4955,Heidi Ramirez,East,Silver,2023-08-31,,True
4956,Rachel Boyer,Central,Silver,2023-09-05,,True
4957,Martin Gonzalez,Central,Standard,2024-05-16,2025-06-23,False
4958,James Jones,South,Gold,2023-07-21,,True
4959,David Nelson,West,Standard,2024-02-28,,True
4960,Mr. Jason Salas,West,Standard,2025-01-23,,True
4961,Peter Bennett,West,Silver,2022-08-18,,True
4962,Adam Curry,Central,Standard,2022-01-04,,True
4963,Alice Brooks,West,Gold,2022-04-05,,True
4964,Terry Black,South,Standard,2024-11-03,2025-11-21,False
4965,Amber Young,East,Standard,2022-03-03,,True
4966,Jacqueline Anderson,West,Standard,2023-05-21,2024-06-23,False
4967,Maria Patterson,South,Standard,2023-11-09,,True
4968,Laurie Smith,Central,Silver,2024-12-04,,True
4969,Bryan Martin,East,Silver,2022-10-04,,True
4970,Allen Diaz,South,Gold,2024-10-24,,True
4971,Christopher Gonzalez,South,Standard,2022-01-30,,True
4972,Melissa Richardson,North,Standard,2025-04-17,2025-10-29,False
4973,Samantha Costa,Central,Standard,2024-12-30,,True
4974,Kim Williams,Central,Silver,2022-02-23,,True
4975,Thomas Meza,North,Silver,2025-01-06,,True
4976,Donald Mccoy,North,Silver,2025-04-07,2025-10-01,False
4977,Dustin Hawkins,South,Gold,2025-04-29,,True
4978,Tammy Perez,East,Standard,2024-02-11,,True
4979,Lydia Martinez,South,Standard,2022-04-26,,True
4980,Mark Moreno,Central,Silver,2023-12-01,,True
4981,Gary Baird,West,Silver,2022-12-28,2025-09-04,False
4982,Robert Watson,North,Standard,2022-07-20,,True
4983,Amy Lyons,South,Silver,2022-06-07,,True
4984,Robert Garcia,Central,Gold,2023-04-30,,True
4985,Joshua Johnson,North,Standard,2023-06-20,,True
4986,Norma Winters,Central,Standard,2022-01-14,2024-11-23,False
4987,Harry Gamble,South,Standard,2023-06-03,,True
4988,Benjamin Friedman,South,Standard,2023-04-12,,True
4989,David Swanson,West,Silver,2024-05-18,,True
4990,Robert Stewart,South,Standard,2025-04-28,,True
4991,Laura Brooks,West,Silver,2022-03-10,,True
4992,Daniel Garza,West,Standard,2022-08-17,,True
4993,James Baker,North,Standard,2023-01-28,2025-02-18,False
4994,Michael Flores,West,Standard,2024-08-09,,True
4995,Lauren Flores,East,Silver,2025-04-13,,True
4996,Nancy Blake,West,Silver,2023-08-11,,True
4997,Kim Graham,South,Standard,2025-04-04,,True
4998,Nathan Carpenter,South,Silver,2024-08-06,,True
4999,Bryce Young,Central,Gold,2023-07-03,,True
5000,Kathleen Burton,North,Gold,2025-01-29,,True
5001,Troy Brooks,East,Standard,2023-12-16,,True
5002,Tracy Chaney,Central,Silver,2023-08-22,,True
5003,Ann Baker,North,Standard,2024-06-04,2025-10-04,False
5004,Ariel Lopez,East,Gold,2024-12-27,,True
5005,Daniel Jefferson Jr.,South,Silver,2022-02-02,2024-09-19,False
5006,Christy Fleming,Central,Standard,2024-06-20,,True
5007,Mrs. Deanna Lopez DDS,Central,Silver,2022-09-26,,True
5008,Christopher Foster,South,Gold,2022-06-20,,True
5009,Jamie Villarreal,North,Gold,2024-10-22,,True
5010,Jeffrey Sellers,North,Standard,2024-04-12,,True
5011,Joseph Morgan,South,Standard,2024-03-04,2025-06-19,False
5012,Michael Smith,South,Standard,2022-06-29,,True
5013,April Henderson,West,Standard,2022-04-30,,True
5014,Casey Ramirez,North,Standard,2022-08-30,,True
5015,Kathleen Jones,Central,Silver,2022-06-26,,True
5016,Lawrence Marsh,West,Silver,2024-01-25,,True
5017,Shannon Murphy,West,Standard,2023-09-09,,True
5018,Steven Brown,West,Gold,2022-12-09,,True
5019,Keith Lynch,East,Standard,2025-03-27,,True
5020,Connie Johnson,East,Gold,2022-03-30,,True
5021,David Nunez,North,Silver,2024-07-03,2025-02-02,False
5022,Wendy Hardy,Central,Standard,2022-08-24,,True
5023,Jerry Owens,South,Gold,2022-07-12,,True
5024,Stephen Hunter,West,Standard,2022-09-17,,True
5025,Edwin Mendoza,West,Standard,2025-05-10,2025-12-20,False
5026,Daniel Ward,East,Silver,2025-03-26,,True
5027,Frances Edwards,Central,Standard,2022-10-31,,True
5028,Brandy Roberts,West,Standard,2024-03-07,,True
5029,John Erickson,Central,Standard,2024-07-17,,True
5030,Albert Wong MD,North,Standard,2024-07-17,2024-09-25,False
5031,Christopher Chavez,North,Gold,2024-09-24,,True
5032,April Howe,East,Silver,2022-06-25,,True
5033,Andrew Mann,East,Silver,2024-11-25,,True
5034,Miss Rebecca Acevedo,Central,Standard,2022-09-01,2025-01-06,False
5035,Monica Campbell,North,Standard,2025-01-31,2025-10-23,False
5036,Mr. Brian Schaefer,East,Standard,2023-07-26,2024-08-17,False
5037,Laura Washington,South,Standard,2025-06-05,,True
5038,Diana Osborn,North,Standard,2024-01-03,,True
5039,Katie Johnson,East,Standard,2024-10-04,2025-01-28,False
5040,Alexis Campbell,East,Standard,2024-08-02,2025-11-03,False
5041,Brenda Butler,East,Silver,2024-06-15,,True
5042,Cameron Mcgee,East,Standard,2025-01-18,,True
5043,James Anderson,Central,Silver,2025-05-29,,True
5044,Michele Gilmore,South,Silver,2022-07-20,,True
5045,Sean Garcia,West,Standard,2024-10-24,,True
5046,David Smith,South,Standard,2024-02-25,2025-03-10,False
5047,Michael Calhoun,North,Silver,2022-04-04,2025-05-15,False
5048,Ruth Stanton,Central,Gold,2022-07-28,,True
5049,Jonathan Thompson,North,Silver,2024-06-16,,True
5050,Glenda Espinoza,West,Silver,2025-02-09,,True
5051,Amy Palmer,West,Standard,2024-08-10,,True
5052,Vincent Harris,East,Standard,2023-10-02,,True
5053,Karen Rivera,North,Silver,2023-11-02,,True
5054,Andrea Boyd,West,Standard,2023-11-29,,True
5055,Melissa Scott,East,Standard,2023-05-06,2024-02-26,False
5056,William Greene,North,Standard,2024-03-30,2024-12-11,False
5057,Jenna Mullins,Central,Standard,2025-05-25,,True
5058,Jeremy Adams,West,Standard,2023-02-19,,True
5059,Stephen Weaver,North,Standard,2024-09-15,,True
5060,Shannon Wallace,Central,Gold,2025-05-24,,True
5061,Joshua Berry,West,Standard,2022-09-14,2025-08-09,False
5062,Adam Barnes,West,Standard,2022-06-29,2024-03-02,False
5063,Jerry Hunter,Central,Gold,2023-03-31,,True
5064,Max Mills,North,Standard,2025-04-28,,True
5065,Peter Beasley,North,Standard,2023-05-24,,True
5066,Carolyn Harrison MD,North,Silver,2023-03-26,,True
5067,Jeremy Meyer,West,Silver,2022-01-09,,True
5068,Savannah Carter,East,Standard,2024-10-29,,True
5069,David Rodriguez,East,Standard,2022-03-15,2024-02-22,False
5070,Eric Jones,Central,Silver,2022-08-12,,True
5071,Tasha Smith,West,Silver,2023-10-16,,True
5072,Christina Russell,West,Standard,2024-10-19,,True
5073,Jose Hall,West,Standard,2023-11-13,,True
5074,Andrew Brown,North,Silver,2023-02-11,,True
5075,Cory Macias,Central,Standard,2022-01-26,,True
5076,Daniel Day,South,Standard,2023-01-16,2025-11-14,False
5077,Michael Simon,North,Standard,2022-03-19,,True
5078,Courtney Bird,East,Gold,2023-11-21,,True
5079,Benjamin Adams,West,Standard,2024-09-18,,True
5080,Austin Lawson,North,Standard,2024-01-09,2025-03-05,False
5081,Tamara Woodard,East,Silver,2024-01-31,,True
5082,Don Branch,Central,Gold,2025-01-24,,True
5083,Jack Lynch,North,Standard,2023-12-10,,True
5084,Thomas Marshall,North,Standard,2023-11-03,,True
5085,Katherine Travis,East,Standard,2023-03-28,2025-07-16,False
5086,Frank Bowman,East,Silver,2025-05-27,,True
5087,Megan Beasley,West,Standard,2025-05-01,,True
5088,Kimberly Taylor,South,Gold,2024-01-16,,True
5089,Danielle Thomas,Central,Standard,2025-06-07,2025-06-07,False
5090,Rebecca Montes,South,Standard,2025-01-17,,True
5091,Vanessa Taylor,South,Silver,2023-03-28,,True
5092,Julie Richard,West,Silver,2023-10-27,2025-03-21,False
5093,Justin Alexander,North,Standard,2022-07-15,,True
5094,Jeffrey Cox,South,Silver,2023-08-10,,True
5095,Mary Jones,West,Gold,2023-04-12,,True
5096,Wendy Mcdaniel,East,Silver,2025-02-21,,True
5097,Jonathan Fischer,West,Standard,2024-07-09,,True
5098,Rachel Meyer,East,Silver,2022-06-14,,True
5099,Teresa Rodriguez,North,Standard,2023-05-21,,True
5100,Randall Jackson,South,Silver,2023-06-21,,True
5101,Marvin Sharp,South,Silver,2025-02-11,,True
5102,Diana Stevens,North,Gold,2023-04-26,,True
5103,Jose Garcia,North,Standard,2024-12-06,,True
5104,Jamie Bridges,South,Standard,2025-06-07,2025-07-16,False
5105,Suzanne Miller,West,Standard,2022-09-30,,True
5106,Tammy Yates,North,Standard,2022-04-28,,True
5107,Brittany Maxwell,Central,Silver,2022-04-26,,True
5108,Kristine Perry,Central,Gold,2025-02-04,2025-11-02,False
5109,Taylor Reilly,East,Silver,2023-12-02,,True
5110,Charles Valdez,South,Silver,2022-10-28,,True
5111,Theresa Johnson,North,Gold,2022-06-01,,True
5112,John Carey,South,Gold,2022-07-13,,True
5113,Rebecca Good,West,Gold,2022-03-14,,True
5114,Robert Weaver,Central,Standard,2023-02-08,,True
5115,Stephen Ramirez,West,Standard,2024-03-24,,True
5116,Frank Green,East,Standard,2023-08-18,,True
5117,Jon Edwards,East,Gold,2024-03-11,,True
5118,Robert Hancock,Central,Silver,2024-01-28,,True
5119,Nicole Ford,South,Standard,2023-11-22,2025-05-15,False
5120,Lance Grant,North,Silver,2022-03-26,2025-03-01,False
5121,Michelle Myers,South,Standard,2023-01-21,2025-01-07,False
5122,Kathy Pierce,West,Standard,2023-06-01,,True
5123,Alexander Moore,North,Standard,2023-07-20,,True
5124,David Ross,Central,Standard,2022-01-22,2024-12-15,False
5125,Mary Johnson,East,Standard,2022-05-19,2024-03-24,False
5126,Kimberly Aguirre,Central,Standard,2024-12-20,,True
5127,Kimberly Schneider,West,Standard,2022-05-08,2025-11-08,False
5128,Randall Ochoa,West,Standard,2024-12-17,2025-10-10,False
5129,James Espinoza,Central,Standard,2022-02-03,2025-08-27,False
5130,Shelley Williams,West,Standard,2024-12-20,,True
5131,Richard Lawrence,North,Standard,2024-01-18,,True
5132,Stephanie Walker,West,Silver,2022-07-03,,True
5133,Tara Kim,West,Standard,2025-03-01,,True
5134,Tammy Sanchez,South,Standard,2023-01-23,,True
5135,Garrett Dixon,Central,Standard,2023-02-08,,True
5136,Monica Perez,Central,Standard,2023-06-12,,True
5137,Michael Smith,West,Standard,2025-05-28,,True
5138,Brian Jackson,North,Silver,2023-09-14,,True
5139,Frank Peterson,North,Standard,2024-10-24,2025-11-17,False
5140,Emily Lowe,North,Gold,2022-02-24,,True
5141,Brandon Mendoza,Central,Standard,2022-02-11,,True
5142,Courtney Hill,North,Standard,2024-02-10,,True
5143,Eric Holden,East,Standard,2024-11-15,,True
5144,Billy Brown,Central,Silver,2023-11-17,,True
5145,Meredith Goodwin,West,Standard,2025-02-06,2025-12-14,False
5146,Rebecca Rosales,North,Standard,2025-04-09,,True
5147,Jill Nguyen,East,Standard,2022-09-11,,True
5148,Paula Guzman,South,Silver,2024-08-15,,True
5149,Jessica Salas,East,Silver,2024-08-06,,True
5150,Shelly Thomas,Central,Standard,2024-02-28,,True
5151,Richard Adams,North,Standard,2024-03-26,,True
5152,Jason Kennedy,Central,Gold,2023-06-29,,True
5153,Crystal Barton,Central,Standard,2024-10-30,2024-11-09,False
5154,Edward Smith,East,Gold,2024-07-14,,True
5155,Lisa Castillo,South,Standard,2023-07-06,,True
5156,Christine Wilson,North,Standard,2024-08-25,,True
5157,Mr. Thomas Guzman DDS,East,Gold,2024-01-14,,True
5158,Brian Long,South,Gold,2022-07-07,,True
5159,Michelle Taylor,West,Standard,2023-12-15,,True
5160,Jacob Thornton,North,Standard,2024-11-24,,True
5161,Roberto Perez,East,Gold,2023-01-24,,True
5162,Willie Watson,South,Silver,2023-01-18,,True
5163,Dawn Wright,North,Silver,2023-12-03,,True
5164,Travis Lozano,West,Silver,2023-07-07,,True
5165,Sarah Fletcher,West,Gold,2023-01-18,,True
5166,Haley Chen,West,Standard,2023-05-12,,True
5167,Bradley Burton,North,Silver,2023-04-01,,True
5168,Ashley Brown,East,Silver,2022-12-08,2025-11-11,False
5169,Christopher Martin,Central,Standard,2022-01-04,,True
5170,Justin Jones,South,Silver,2023-10-18,,True
5171,Zachary Perez,North,Standard,2024-11-30,,True
5172,Mary Hughes,East,Standard,2024-08-31,,True
5173,Dawn Hart,East,Gold,2025-02-08,,True
5174,Donna Fitzgerald,East,Silver,2024-06-04,,True
5175,Kimberly Roberts,East,Standard,2022-06-13,2025-08-14,False
5176,Dakota Villa,North,Silver,2024-03-23,,True
5177,Samuel Bailey,East,Silver,2024-11-01,,True
5178,Lauren Mann,Central,Silver,2025-04-05,2025-04-12,False
5179,Chelsea Bennett,Central,Standard,2022-08-27,,True
5180,Jamie Perry,East,Silver,2023-08-10,,True
5181,Charles Edwards,North,Standard,2023-07-10,,True
5182,Christopher Clements,West,Gold,2023-05-18,,True
5183,Sara Anderson,South,Standard,2022-02-10,,True
5184,Kimberly Jones,North,Standard,2024-06-10,2024-10-13,False
5185,Kristen Vance,West,Standard,2025-06-15,2025-11-06,False
5186,Alexis Wells,North,Standard,2023-09-15,,True
5187,Chase Torres,West,Silver,2023-08-01,,True
5188,Edward Jensen,East,Gold,2024-11-04,,True
5189,Hayley Ellis,Central,Gold,2022-09-27,,True
5190,Jessica Parker,West,Gold,2024-12-22,,True
5191,Anthony Dunn,Central,Standard,2025-01-13,,True
5192,Jamie Jones,East,Gold,2022-11-11,,True
5193,Nancy Day,West,Silver,2024-01-16,,True
5194,Heather Chang,East,Standard,2025-02-14,,True
5195,Mr. Samuel Baker,North,Silver,2024-03-26,,True
5196,Allison Ho,East,Silver,2022-04-29,,True
5197,April White,North,Standard,2025-05-21,2025-12-12,False
5198,Nicholas Irwin,West,Silver,2024-10-19,,True
5199,Denise Roberts,East,Standard,2024-11-27,,True
5200,Charles Ferguson,North,Standard,2024-05-21,2025-10-18,False
5201,Elizabeth Fischer,South,Standard,2023-11-15,,True
5202,Desiree Simon,South,Standard,2025-05-05,2025-05-20,False
5203,John Carpenter,East,Silver,2024-06-06,,True
5204,Brian Horton,South,Standard,2022-09-10,,True
5205,Julie Holloway,East,Standard,2024-01-21,,True
5206,Donna Aguilar,East,Standard,2022-09-30,2024-04-07,False
5207,Matthew Coleman,North,Standard,2022-12-31,,True
5208,Joseph Brooks,Central,Standard,2023-10-18,,True
5209,Michael Castillo,West,Standard,2022-03-07,,True
5210,Kevin Nguyen,West,Standard,2022-11-07,,True
5211,Joseph Jackson,North,Standard,2025-04-12,2025-06-16,False
5212,Katelyn Dunn,South,Standard,2022-05-13,,True
5213,Luis Sullivan,East,Silver,2023-12-02,,True
5214,Carl Juarez,Central,Silver,2023-11-01,,True
5215,Sara Thomas,Central,Standard,2024-12-06,2025-05-13,False
5216,Tim Griffith,North,Silver,2023-06-30,2025-02-26,False
5217,Christina Powell,South,Gold,2023-04-21,2024-07-11,False
5218,Cody Shaw,South,Standard,2022-03-09,,True
5219,Melissa Rogers,North,Standard,2025-01-20,,True
5220,Suzanne Taylor,North,Standard,2024-06-06,,True
5221,Dylan Hernandez,East,Standard,2023-01-03,,True
5222,Mr. Bernard Flores,West,Standard,2023-05-31,,True
5223,Brandon Heath,North,Gold,2024-01-22,,True
5224,Samuel Stone,East,Silver,2023-06-26,,True
5225,Andre Flores,South,Silver,2022-06-14,2025-09-14,False
5226,Cathy Thompson,East,Silver,2025-01-13,,True
5227,Alexander Woodward,South,Silver,2023-04-21,,True
5228,Ashley Clark,South,Standard,2024-08-01,2025-08-27,False
5229,Kenneth Lee,West,Silver,2023-11-13,,True
5230,Jose Moses,East,Standard,2024-03-29,,True
5231,David Harper,East,Silver,2022-05-29,,True
5232,Meghan Cook,West,Standard,2023-03-05,,True
5233,James Barton,West,Silver,2022-10-04,,True
5234,Ricky Thompson,West,Standard,2023-01-16,,True
5235,Corey Thompson,Central,Standard,2024-01-15,,True
5236,Tiffany Wright,East,Standard,2022-03-11,,True
5237,Kara Stein,East,Standard,2024-08-15,,True
5238,Kenneth Walsh,West,Standard,2024-11-13,,True
5239,Sandra Kelly,West,Standard,2023-04-06,,True
5240,Michael Osborn,Central,Standard,2024-12-01,,True
5241,Robert Hart,West,Standard,2025-06-06,,True
5242,Toni Wood,South,Silver,2022-03-26,2024-12-22,False
5243,Thomas Butler,East,Silver,2022-11-11,2025-04-11,False
5244,Colleen Powell DDS,Central,Standard,2022-05-15,2024-12-11,False
5245,Jeremy Riddle,South,Silver,2023-04-19,,True
5246,Jessica Stewart,Central,Gold,2022-12-12,,True
5247,Kevin Norris,North,Silver,2022-10-25,,True
5248,Mark Cannon,West,Standard,2025-03-27,,True
5249,David Roberts,North,Standard,2023-12-05,,True
5250,Wanda Snyder,Central,Standard,2025-01-24,,True
5251,Brad Davidson,North,Standard,2024-01-26,2024-08-22,False
5252,Jennifer Gonzalez,East,Silver,2025-01-06,,True
5253,Erica Lewis,North,Standard,2024-03-08,,True
5254,Gary Curry,North,Silver,2024-04-21,,True
5255,Jennifer Garcia,Central,Standard,2022-11-11,,True
5256,Keith Lawrence,East,Gold,2024-07-21,,True
5257,Kimberly Sandoval,North,Silver,2022-10-29,2025-03-20,False
5258,Travis Miller,Central,Silver,2023-06-14,2024-09-15,False
5259,Melissa Davis,North,Silver,2023-05-18,2025-07-24,False
5260,Daniel Anderson Jr.,Central,Standard,2022-11-09,,True
5261,Patricia Hahn,West,Standard,2024-05-31,,True
5262,Robin Haley,South,Standard,2022-12-16,,True
5263,Jasmine Hill,East,Silver,2025-02-27,2025-03-04,False
5264,Bryan Mitchell,North,Silver,2022-09-23,,True
5265,Elizabeth Mejia,Central,Silver,2024-09-27,,True
5266,Donald Thomas,North,Standard,2023-05-22,,True
5267,Carly Kirby,South,Silver,2024-01-08,,True
5268,Christine Cabrera,North,Standard,2023-01-14,,True
5269,Paul Richards,South,Standard,2024-02-02,,True
5270,Elizabeth Lewis,West,Standard,2024-10-26,,True
5271,Ryan Miller,Central,Standard,2024-11-13,,True
5272,Jason Bartlett,North,Gold,2024-05-02,,True
5273,Ann Ortiz,East,Standard,2024-07-05,,True
5274,Michael Pierce,South,Silver,2025-06-16,,True
5275,Brian Garcia,Central,Standard,2022-10-06,,True
5276,Richard Duncan,Central,Silver,2023-05-13,,True
5277,Danielle Guzman,Central,Standard,2022-05-25,,True
5278,Paul Lee,South,Silver,2024-07-22,,True
5279,Cindy Lowery,South,Standard,2022-10-23,,True
5280,Dr. Tyler Hill,South,Standard,2023-06-19,,True
5281,Kimberly Vazquez,Central,Standard,2024-10-10,2025-02-12,False
5282,Benjamin Hamilton,West,Standard,2022-04-24,,True
5283,Xavier Kerr,North,Gold,2024-02-06,,True
5284,William Lane,West,Standard,2022-04-27,,True
5285,Angela Johnson,East,Standard,2024-06-25,,True
5286,Tammy English,North,Standard,2024-12-18,,True
5287,Sandra Butler,West,Standard,2022-02-19,,True
5288,Thomas Kidd,East,Standard,2023-06-17,,True
5289,Marc Williams,Central,Standard,2024-08-12,,True
5290,Ryan Gonzalez,Central,Standard,2023-01-08,,True
5291,Erin Spencer,Central,Standard,2023-10-03,,True
5292,Christine Gonzalez MD,East,Gold,2025-02-07,,True
5293,Megan Tucker,West,Gold,2024-06-06,,True
5294,Joshua Brown,West,Standard,2025-04-13,2025-09-15,False
5295,Dr. Stephen Gibbs,South,Standard,2023-02-18,,True
5296,Rachel Davis,Central,Standard,2022-05-29,,True
5297,Ruth Davies,Central,Standard,2024-05-20,,True
5298,Sean Martin,North,Standard,2023-01-23,,True
5299,Mary Roberts,South,Standard,2025-04-05,,True
5300,Julia Chen,Central,Standard,2022-06-02,,True
5301,Taylor Jones,South,Standard,2023-02-09,,True
5302,Jeffrey Sweeney,East,Gold,2025-03-31,,True
5303,Chelsea Jones,North,Gold,2023-04-16,2024-10-04,False
5304,Amanda Walsh,West,Standard,2023-12-09,,True
5305,Jamie Patton,West,Silver,2023-01-20,2025-12-09,False
5306,Martin Wilson,South,Silver,2025-06-28,,True
5307,Michael Miller,Central,Silver,2022-12-29,,True
5308,Jason Alvarado,Central,Standard,2023-03-05,,True
5309,Austin Kelley,East,Silver,2025-05-17,,True
5310,Mrs. Mary Singh DVM,Central,Standard,2024-11-04,2025-03-26,False
5311,Diane Le,Central,Silver,2022-01-03,,True
5312,Lauren Harper,North,Standard,2022-03-24,,True
5313,Suzanne Howard,South,Standard,2024-02-22,,True
5314,Kelly Herring,North,Standard,2023-05-14,,True
5315,Jacob Garza,West,Standard,2022-10-09,,True
5316,Gregory Alvarado,South,Gold,2024-03-13,2025-07-06,False
5317,Richard Phillips,South,Standard,2023-05-28,,True
5318,Joan Ramsey DDS,South,Silver,2022-07-05,,True
5319,Matthew Sullivan,West,Silver,2023-05-13,,True
5320,Adam Johnson,West,Gold,2022-02-03,,True
5321,Dr. Ashley Walker DVM,North,Silver,2022-02-24,2024-08-02,False
5322,Tonya Callahan,North,Standard,2023-04-28,,True
5323,Paula Garcia,North,Standard,2022-11-29,2025-07-28,False
5324,Veronica Jenkins,East,Silver,2022-01-07,,True
5325,Dillon Stanton,North,Gold,2023-11-22,,True
5326,Mr. Adam Russell,East,Standard,2024-08-27,,True
5327,Barbara Berg,West,Standard,2022-09-03,,True
5328,Charles Hernandez,Central,Silver,2024-04-21,,True
5329,Adam Ramirez,South,Standard,2022-08-12,,True
5330,Corey Cooke,West,Silver,2023-02-21,,True
5331,Brandon Barber,South,Standard,2024-01-25,2024-08-21,False
5332,Robert Perez,South,Standard,2023-12-09,,True
5333,Brian Sanchez,Central,Silver,2025-02-09,,True
5334,Theresa Edwards,South,Standard,2024-05-01,,True
5335,Jessica Thomas,North,Silver,2023-02-11,,True
5336,Bonnie Petersen,North,Standard,2024-09-04,,True
5337,Bruce Graves,South,Gold,2024-10-07,,True
5338,Kristie Williams,East,Silver,2024-04-28,,True
5339,Alyssa House,Central,Standard,2024-08-26,,True
5340,Steven Garcia,North,Standard,2022-01-22,,True
5341,Terri Sanchez,Central,Standard,2023-01-03,,True
5342,Peter Buchanan,South,Silver,2022-04-09,,True
5343,Deborah Harrison,West,Standard,2023-10-14,2025-10-23,False
5344,Nicholas Fuller,East,Silver,2023-06-08,,True
5345,Martin Craig,Central,Gold,2023-12-04,,True
5346,James Avila,North,Standard,2025-03-28,,True
5347,Maria Donaldson,West,Gold,2023-09-28,,True
5348,Patricia Contreras,Central,Standard,2024-05-09,2024-09-22,False
5349,Lisa Stein,Central,Standard,2022-05-05,,True
5350,Stephanie Short,North,Standard,2023-07-22,,True
5351,Gary Morris,North,Silver,2023-05-29,2025-02-24,False
5352,Kenneth Wolfe,East,Standard,2023-03-16,2024-12-25,False
5353,Chelsea Jacobson,East,Gold,2022-01-27,,True
5354,Vincent Knight,East,Standard,2022-01-01,,True
5355,Kelly Owen,East,Standard,2022-03-04,2024-08-05,False
5356,Nicholas Price,South,Gold,2023-07-02,,True
5357,Jesse Hill,North,Standard,2023-06-21,,True
5358,James Thomas,South,Gold,2023-07-21,,True
5359,Jennifer Castro,Central,Standard,2023-06-13,,True
5360,Amy Howard,West,Silver,2023-01-17,,True
5361,Cheyenne Sharp,Central,Silver,2024-03-21,,True
5362,Louis Sanders,North,Silver,2024-02-25,,True
5363,Ryan Heath,East,Silver,2022-12-10,,True
5364,Robin Schmidt,North,Standard,2022-08-19,,True
5365,Charles King,East,Standard,2024-05-11,,True
5366,Pamela Hill,North,Standard,2022-09-29,,True
5367,Brian Rivera,Central,Silver,2023-08-03,,True
5368,Erin Morgan,East,Gold,2022-11-11,2025-09-29,False
5369,Lauren Johnson,North,Standard,2023-08-09,,True
5370,Dr. Adrian Ramirez MD,North,Silver,2022-08-11,,True
5371,Christy Sandoval DDS,Central,Gold,2022-03-20,,True
5372,Timothy Charles,North,Standard,2023-03-08,2025-03-13,False
5373,Rita Fox,North,Gold,2023-02-16,,True
5374,Thomas Taylor,Central,Silver,2022-10-16,,True
5375,Stephen Williamson,North,Gold,2023-07-10,,True
5376,John Bean,West,Gold,2022-04-26,,True
5377,Brandon Marshall,East,Silver,2024-02-05,2025-09-03,False
5378,Michael Garza,North,Standard,2025-03-29,2025-05-16,False
5379,Daniel Garrison,Central,Standard,2025-02-22,,True
5380,William Weiss,East,Standard,2024-11-30,,True
5381,Barbara Hall,East,Silver,2024-08-16,,True
5382,Teresa Howard,South,Standard,2022-07-20,2024-02-02,False
5383,Brandon Richards,North,Standard,2022-08-24,,True
5384,James Perez,South,Standard,2022-05-16,2024-06-23,False
5385,Anthony Smith,West,Silver,2024-02-10,2024-04-08,False
5386,James Lopez,North,Silver,2024-06-23,2025-06-18,False
5387,Megan Graves,North,Standard,2023-03-11,,True
5388,Heather Greene,West,Silver,2022-03-23,,True
5389,Zachary Cain,West,Silver,2022-01-04,,True
5390,Riley Cooper,Central,Standard,2022-07-01,,True
5391,Angela Cruz,West,Standard,2024-10-22,2025-01-24,False
5392,Richard Tate,Central,Gold,2024-03-11,,True
5393,Jeremy Roberts,East,Standard,2022-12-30,,True
5394,Patrick Mendez,East,Standard,2022-11-09,,True
5395,Melissa Garcia,North,Standard,2025-04-20,2025-07-18,False
5396,Jonathan Costa,North,Silver,2022-04-13,,True
5397,Gregory Hopkins,South,Standard,2024-06-26,,True
5398,Andrea Johnson,Central,Silver,2024-04-06,,True
5399,Samantha Wong,North,Gold,2024-01-05,,True
5400,Rebecca Weber,South,Silver,2023-09-01,2024-02-10,False
5401,Michael Myers,North,Standard,2022-07-18,,True
5402,James Petersen,West,Standard,2024-03-09,2025-06-01,False
5403,David Hernandez,North,Standard,2024-03-18,,True
5404,Henry Moore,Central,Silver,2024-05-22,,True
5405,Michelle Holland,South,Gold,2025-01-13,2025-05-26,False
5406,Jonathan Miller,South,Silver,2023-04-15,,True
5407,Cheryl Williams,West,Silver,2024-12-15,,True
5408,Patricia Sanchez,North,Standard,2025-04-13,2025-06-16,False
5409,Melissa Russo,Central,Standard,2024-08-17,,True
5410,Charles Kim,East,Gold,2024-06-16,,True
5411,Sarah James,South,Standard,2024-02-04,,True
5412,Nicole Nichols,East,Gold,2022-09-24,,True
5413,Juan Solis MD,Central,Standard,2022-11-26,,True
5414,William Woodard,South,Standard,2023-03-14,,True
5415,Brandon Maxwell,East,Standard,2025-03-19,,True
5416,James Gomez,Central,Standard,2024-05-01,,True
5417,Jeremy Mcguire,North,Standard,2024-06-12,2025-01-20,False
5418,Amy Thomas,West,Silver,2022-10-09,,True
5419,Tommy Walker,Central,Standard,2022-08-22,,True
5420,Holly Myers,North,Standard,2024-10-27,2025-02-11,False
5421,John Jenkins,South,Silver,2025-04-02,,True
5422,Leah Moore,Central,Standard,2023-11-06,,True
5423,Donna Richardson,Central,Standard,2022-12-22,,True
5424,Emily Benjamin,East,Silver,2022-06-03,2024-08-11,False
5425,James Mcfarland,South,Standard,2024-01-09,2025-12-09,False
5426,Michael Cline,South,Silver,2024-12-31,,True
5427,Sheri Dawson,West,Gold,2024-09-04,,True
5428,Michaela Austin,North,Standard,2022-08-17,2025-11-20,False
5429,Michael Adams,North,Standard,2024-01-16,,True
5430,Jeffrey Patton,Central,Standard,2022-06-26,2024-04-05,False
5431,Charles Gonzalez,North,Standard,2023-04-19,,True
5432,William Norris,Central,Standard,2025-02-13,,True
5433,Melissa Mitchell,North,Gold,2024-12-26,,True
5434,Keith Hodge Jr.,West,Standard,2023-03-17,,True
5435,Melissa Williams,South,Standard,2022-05-29,,True
5436,Levi Anderson,South,Silver,2022-01-31,,True
5437,Sarah Acevedo,Central,Standard,2023-01-09,,True
5438,Cheryl Brewer,East,Standard,2025-04-24,,True
5439,Melissa Nelson,East,Gold,2025-01-28,2025-09-18,False
5440,Katherine Cannon,Central,Silver,2022-03-23,,True
5441,Jason Robinson,East,Gold,2023-07-23,,True
5442,Kelly Gonzalez,East,Silver,2022-06-29,2025-09-21,False
5443,Sophia Petersen MD,Central,Standard,2022-05-24,,True
5444,Megan Carter,North,Standard,2025-04-26,2025-05-08,False
5445,Robert Mejia,Central,Standard,2025-03-17,,True
5446,Willie Lewis,West,Silver,2025-01-14,,True
5447,Travis Hicks,North,Silver,2024-12-19,2025-08-30,False
5448,Lisa Jimenez,Central,Standard,2025-04-12,,True
5449,Daniel Smith,East,Gold,2024-08-02,,True
5450,Lisa Mitchell,Central,Standard,2023-03-05,,True
5451,Brandi Hart,Central,Silver,2023-07-09,,True
5452,Keith Flowers,Central,Standard,2023-04-18,,True
5453,Dean Wood,West,Standard,2022-05-26,,True
5454,Tara Brooks,South,Standard,2025-01-11,,True
5455,Shelly Jones,North,Standard,2024-11-18,,True
5456,Brian Cooper,East,Standard,2025-02-21,,True
5457,Stephanie May,South,Silver,2025-02-21,,True
5458,Trevor Gross,East,Standard,2023-11-22,,True
5459,Nancy Mitchell,West,Standard,2024-01-07,,True
5460,Antonio Allen,East,Standard,2024-03-25,,True
5461,Jordan Jones,East,Silver,2023-03-21,,True
5462,Joseph Pena,Central,Standard,2022-09-30,,True
5463,Karen Ellis,East,Silver,2022-12-17,,True
5464,Andrew Fowler,East,Silver,2023-03-26,,True
5465,Jane West,South,Standard,2022-05-12,2024-10-21,False
5466,Kimberly Johnson,North,Standard,2023-09-14,,True
5467,Brittney Ford,West,Standard,2025-05-12,,True
5468,Steven Rose,East,Standard,2025-03-09,,True
5469,Mr. Brandon Diaz,Central,Standard,2023-12-14,2025-05-28,False
5470,Robert Levine,North,Silver,2025-03-29,,True
5471,Julie Decker,North,Standard,2022-05-24,,True
5472,Michelle Harris,Central,Silver,2023-07-14,,True
5473,Andrew Flores,North,Standard,2022-09-12,2024-10-29,False
5474,Kimberly Brooks,East,Silver,2022-02-05,,True
5475,Andrea Bailey,East,Standard,2022-11-23,,True
5476,Danielle Crane,West,Standard,2023-02-22,2025-05-30,False
5477,Leslie Juarez,South,Standard,2025-06-13,,True
5478,James Thomas,Central,Silver,2022-07-28,,True
5479,Karen Hansen,South,Standard,2023-08-21,,True
5480,Robert Hickman,North,Standard,2022-03-26,,True
5481,Dr. Aaron Golden,Central,Gold,2023-06-30,,True
5482,Jose Harris,Central,Standard,2022-09-16,,True
5483,John Cruz,Central,Silver,2025-02-23,,True
5484,Courtney Stewart,North,Gold,2024-01-27,,True
5485,Michelle Martin,East,Gold,2024-03-25,,True
5486,Terri Simmons,North,Silver,2022-06-10,,True
5487,Joshua Meyers,East,Standard,2025-05-20,,True
5488,Thomas Bradshaw,North,Silver,2025-04-16,,True
5489,Aimee Bryant,East,Standard,2022-06-09,,True
5490,Carol Webb,Central,Standard,2024-11-23,2025-07-04,False
5491,Paul Campos,Central,Standard,2023-08-30,,True
5492,Ebony Flores,South,Standard,2022-06-04,,True
5493,Mr. James Smith,East,Silver,2024-06-03,,True
5494,Terry Thomas,West,Standard,2024-02-08,,True
5495,Scott Taylor,West,Gold,2022-03-03,,True
5496,Daniel Byrd,South,Standard,2023-01-12,,True
5497,Dr. Matthew Duke,Central,Silver,2022-03-08,2025-06-23,False
5498,Tanya Joseph,East,Gold,2022-04-30,,True
5499,Lynn Rodriguez,East,Standard,2023-06-30,2024-03-28,False
5500,Hannah Ross,East,Silver,2023-04-11,,True
5501,Andrew Lynch,South,Standard,2024-09-09,,True
5502,Cynthia Roberts,East,Gold,2024-05-19,,True
5503,Micheal Hernandez,Central,Standard,2022-12-06,,True
5504,Theresa Downs,Central,Standard,2025-04-09,,True
5505,Jimmy Gonzalez,East,Standard,2023-04-30,2025-06-04,False
5506,Brandon Jones,Central,Silver,2024-06-05,,True
5507,Dr. Judy Cox,East,Gold,2022-11-26,,True
5508,Philip Cook,West,Silver,2022-12-30,2025-05-05,False
5509,Angela Duffy,North,Silver,2024-10-03,,True
5510,Amanda Sanders,South,Standard,2022-02-17,,True
5511,Adam Gordon,North,Gold,2024-11-23,,True
5512,Kenneth Clark,South,Silver,2022-06-21,,True
5513,George Bryant,Central,Silver,2022-11-30,,True
5514,Connie Roberts,West,Standard,2023-12-11,,True
5515,John Davis,North,Silver,2023-10-01,,True
5516,Jamie Hudson,Central,Silver,2022-08-27,,True
5517,Wesley Page,Central,Standard,2024-11-10,,True
5518,Mrs. Diane Decker,Central,Standard,2025-03-25,,True
5519,Daniel Dunlap,East,Standard,2024-11-02,,True
5520,Ruth Russell,Central,Standard,2025-04-26,,True
5521,James Cook,South,Standard,2023-04-11,2025-07-22,False
5522,Nathan Santiago,East,Standard,2024-12-31,2025-08-04,False
5523,Spencer Leonard,East,Silver,2023-01-06,2024-01-29,False
5524,Mary Miller,North,Silver,2022-06-30,,True
5525,Alan Miller,West,Silver,2024-04-30,,True
5526,Diana Holloway,West,Standard,2022-01-31,,True
5527,Troy Harris,East,Silver,2023-09-25,,True
5528,Molly Mcneil,North,Gold,2022-03-14,,True
5529,Claire George,West,Silver,2023-02-13,2024-11-03,False
5530,Robin Davis,West,Silver,2024-08-31,,True
5531,Leah Fox,South,Silver,2022-03-16,,True
5532,Juan Meyer,South,Gold,2024-01-30,,True
5533,Emily Holloway,South,Silver,2024-07-16,,True
5534,Tiffany Rogers,West,Silver,2025-05-19,2025-06-27,False
5535,Terri Avila,South,Silver,2025-04-29,2025-05-14,False
5536,Amber Baker,East,Standard,2024-03-08,2024-04-10,False
5537,Jeff Sanchez,North,Standard,2022-10-09,,True
5538,Thomas Johnson,West,Standard,2023-06-17,,True
5539,William Craig,South,Silver,2024-10-03,,True
5540,Samuel Grimes,South,Gold,2023-07-02,,True
5541,Stephanie Jarvis,West,Standard,2023-12-31,,True
5542,Shelby Pruitt,North,Standard,2024-09-08,,True
5543,Anita Petty,Central,Silver,2022-10-09,2025-12-26,False
5544,Megan Harmon,West,Silver,2024-05-18,,True
5545,Kathleen Harris,South,Gold,2022-01-11,,True
5546,Anna Richards,West,Standard,2023-07-26,2025-01-02,False
5547,Michael Obrien,South,Gold,2022-06-09,,True
5548,Scott Holland,South,Standard,2023-08-29,,True
5549,Robert Simmons,Central,Gold,2024-08-24,,True
5550,Jon Sanders,West,Standard,2024-05-30,,True
5551,Kimberly Rubio,West,Silver,2025-02-19,,True
5552,Joshua Escobar,South,Silver,2023-06-07,,True
5553,Jennifer Parsons,North,Standard,2024-04-30,2024-05-14,False
5554,Kevin White,East,Silver,2024-03-27,2025-01-17,False
5555,Kayla Hudson,Central,Standard,2023-07-06,2024-11-20,False
5556,Travis Mayo,North,Standard,2024-05-27,2025-02-11,False
5557,Thomas Guzman,East,Gold,2023-02-19,,True
5558,Lisa Ford,West,Silver,2025-02-12,,True
5559,Joseph Taylor,West,Standard,2024-01-12,2024-07-03,False
5560,John Hamilton,West,Silver,2023-03-12,,True
5561,Alexander Roberson,South,Silver,2025-05-28,2025-11-25,False
5562,Patrick Johnson,Central,Gold,2025-03-09,,True
5563,Michael Mcconnell,Central,Standard,2022-02-07,,True
5564,Steven Norman,North,Silver,2022-06-09,,True
5565,Chelsea Jones,East,Silver,2023-02-25,,True
5566,Tiffany Gomez,West,Standard,2024-11-16,,True
5567,Kimberly Alexander,West,Standard,2023-05-21,,True
5568,Elizabeth Patterson,Central,Standard,2024-04-07,,True
5569,April Morrison,North,Standard,2022-03-13,2025-04-20,False
5570,Kelly West,West,Standard,2022-12-01,2025-03-09,False
5571,Wendy Sims,Central,Standard,2024-12-01,2025-06-13,False
5572,Leah Smith,Central,Silver,2024-03-30,,True
5573,Adam Schneider,West,Standard,2022-05-10,2025-10-02,False
5574,Katherine Jackson,West,Standard,2023-05-15,,True
5575,Matthew Burke,South,Gold,2024-08-20,,True
5576,Darren Lopez,North,Silver,2022-07-10,,True
5577,Madison Smith,South,Standard,2024-02-11,,True
5578,Richard Jimenez,East,Silver,2022-08-03,,True
5579,Rachel Conway,Central,Standard,2022-09-07,2025-11-17,False
5580,David Ballard,East,Standard,2024-04-10,,True
5581,Tony Navarro,North,Standard,2023-07-30,,True
5582,Robert Simpson,West,Standard,2023-01-03,,True
5583,Destiny Myers,South,Standard,2024-09-24,2024-11-05,False
5584,Stephanie Gregory,East,Gold,2024-04-26,,True
5585,Kimberly Vasquez,North,Gold,2025-03-05,2025-05-20,False
5586,Dawn Watson,East,Standard,2022-09-23,,True
5587,Diana Rios,South,Silver,2022-11-21,,True
5588,Mary Barnes,Central,Silver,2025-02-17,,True
5589,Shelia Hunter,North,Silver,2025-03-29,2025-08-18,False
5590,Mary Mcintosh,North,Gold,2024-09-30,2025-06-13,False
5591,Lorraine Bond,Central,Standard,2024-04-15,,True
5592,William Gallegos,South,Standard,2024-11-27,,True
5593,Allen Alvarado,North,Standard,2023-10-23,,True
5594,John Glass,East,Gold,2023-08-11,,True
5595,Christopher Stephenson,Central,Standard,2025-02-23,,True
5596,Mary Banks,West,Standard,2023-06-06,2025-08-10,False
5597,Monica Shea,West,Standard,2023-01-19,,True
5598,Amanda Johnson,North,Silver,2024-05-31,,True
5599,Heather Le,North,Standard,2024-07-12,2024-12-23,False
5600,Christopher Carson,West,Standard,2024-01-31,2025-02-06,False
5601,Christopher Odom,North,Gold,2022-03-07,,True
5602,Angel Mcdonald,East,Silver,2024-02-10,,True
5603,Susan Richard,North,Gold,2022-10-18,,True
5604,Richard Reed,North,Silver,2024-01-24,,True
5605,Timothy Brown,South,Silver,2024-03-13,2025-06-07,False
5606,Heather Gomez,East,Standard,2022-06-25,,True
5607,Makayla Evans,East,Standard,2024-05-13,,True
5608,Tina Davis,Central,Silver,2023-03-15,,True
5609,Austin Stout,North,Silver,2022-09-25,,True
5610,Melinda Holloway,East,Gold,2024-02-01,2025-07-24,False
5611,Sandra Rivera,North,Standard,2024-08-15,,True
5612,Ashley Allen,Central,Standard,2022-04-11,2025-06-10,False
5613,Xavier Jackson,Central,Silver,2023-03-26,,True
5614,Ruth Hernandez,North,Gold,2023-04-02,,True
5615,Susan Drake,North,Standard,2023-07-08,,True
5616,Kelly Crawford,Central,Standard,2023-03-15,,True
5617,Hannah Peterson,South,Silver,2023-11-06,2025-02-08,False
5618,Jessica Williams,East,Standard,2022-04-13,,True
5619,Angela Hall,West,Silver,2024-02-10,,True
5620,Elizabeth Poole,West,Standard,2022-04-30,2024-12-13,False
5621,Melissa Hale,South,Silver,2023-02-03,,True
5622,John Stephens,North,Gold,2025-03-24,,True
5623,David Davis,South,Standard,2022-05-18,2024-11-28,False
5624,Mary Rivas,North,Standard,2024-12-12,,True
5625,Sheila Jackson,Central,Standard,2023-04-23,2024-11-04,False
5626,Carrie Coleman,South,Standard,2023-06-27,,True
5627,Rachel Ramos,East,Silver,2023-10-18,2025-01-18,False
5628,Tasha Coleman,Central,Standard,2022-07-23,,True
5629,Jessica Smith,East,Standard,2022-10-26,,True
5630,Linda Dodson,South,Gold,2024-12-13,,True
5631,Anthony Rogers DDS,South,Gold,2023-07-11,,True
5632,Kimberly Hardin,West,Standard,2024-07-09,,True
5633,Misty Alexander,West,Silver,2022-06-09,,True
5634,Philip Ramirez,Central,Standard,2024-05-13,2024-07-11,False
5635,Tamara Schmidt,North,Standard,2022-10-20,,True
5636,Sarah Davis,East,Standard,2022-02-19,,True
5637,Charles Franklin,West,Standard,2023-01-08,,True
5638,Angel Frazier,West,Standard,2022-11-06,,True
5639,Cynthia Sanchez,West,Gold,2023-12-07,,True
5640,Jacob Gray,North,Standard,2022-06-19,,True
5641,Ashley Rivera,West,Silver,2022-08-24,,True
5642,Cheyenne Miller,West,Silver,2024-01-24,2025-07-06,False
5643,Edwin Graham,West,Silver,2024-12-21,,True
5644,Robert Tanner,South,Standard,2024-02-24,,True
5645,Mary Richards,East,Standard,2024-05-24,,True
5646,Ashley Smith,West,Standard,2023-09-10,,True
5647,Taylor Jacobs,East,Standard,2022-07-07,2025-03-02,False
5648,Gina Brown,East,Standard,2023-05-13,,True
5649,Katrina Wilkinson,West,Standard,2023-07-31,,True
5650,Monique Burns,East,Gold,2022-06-30,2025-03-24,False
5651,Brent Pierce,East,Standard,2024-11-12,,True
5652,Jessica Shelton,South,Standard,2023-05-22,2025-10-18,False
5653,Dr. Ian Cunningham,North,Standard,2023-07-10,,True
5654,Edgar Jefferson,West,Standard,2024-05-20,2025-03-03,False
5655,Angela Boyer,South,Standard,2024-08-02,,True
5656,Anthony Lamb,North,Gold,2022-03-14,,True
5657,Matthew Newton,Central,Silver,2022-08-15,,True
5658,Kristen Johnson,South,Silver,2023-10-27,,True
5659,Margaret Gilmore,North,Gold,2022-09-29,,True
5660,James Juarez,North,Silver,2022-08-06,,True
5661,Adam Norman,North,Silver,2022-03-02,2025-04-18,False
5662,Michael Stevens,East,Gold,2024-10-03,,True
5663,Misty Allen,Central,Standard,2023-03-21,2025-04-01,False
5664,Amanda Oneal,North,Standard,2023-06-25,,True
5665,Jill Jones,East,Standard,2024-11-25,,True
5666,David Campbell,South,Silver,2025-01-16,,True
5667,Caitlin Smith,West,Gold,2022-03-18,,True
5668,Robert Thompson,South,Standard,2022-10-27,2025-04-24,False
5669,Melinda Jones,South,Gold,2024-09-10,,True
5670,Bryan Chan,East,Standard,2024-08-17,,True
5671,Adam Medina,Central,Silver,2023-06-09,,True
5672,Mariah Miles,North,Standard,2024-05-13,,True
5673,Julie Dixon,North,Silver,2025-06-17,2025-11-09,False
5674,Jessica Lopez,Central,Standard,2024-06-20,,True
5675,Bobby Hale,West,Silver,2022-02-24,,True
5676,John Smith,North,Standard,2022-05-08,,True
5677,Justin Savage,East,Standard,2022-05-26,,True
5678,Kim Obrien,South,Standard,2022-02-05,,True
5679,Aaron Watson,North,Silver,2022-05-13,,True
5680,Lauren Miller,West,Silver,2024-09-02,,True
5681,Heidi Donovan,South,Silver,2022-12-04,,True
5682,Luis Cooper,East,Gold,2023-06-21,,True
5683,Cody Patterson,North,Standard,2023-05-12,,True
5684,Nicholas Cochran,West,Standard,2022-04-10,,True
5685,Kathryn Brady,Central,Silver,2024-05-28,,True
5686,Hector Rodriguez,South,Standard,2024-12-16,,True
5687,Jane Frank,Central,Silver,2024-08-05,,True
5688,Jacqueline Snyder,South,Silver,2023-11-26,,True
5689,Ryan Warren,East,Silver,2023-08-09,,True
5690,Amber Blair,West,Standard,2024-08-11,,True
5691,Tina Contreras,North,Standard,2022-10-05,2025-04-23,False
5692,Richard Blackwell,West,Standard,2025-05-11,,True
5693,Nicholas Smith,East,Gold,2022-08-13,,True
5694,Robert Butler,Central,Standard,2025-04-29,,True
5695,Mark Garcia,East,Standard,2022-05-04,,True
5696,Ashley Sanders,South,Gold,2022-08-25,,True
5697,Stephen Perry,Central,Standard,2023-11-10,,True
5698,James Davila,East,Gold,2023-09-04,2025-09-06,False
5699,Karen Johnson,Central,Standard,2023-05-10,,True
5700,Tonya Smith,West,Standard,2023-04-27,,True
5701,Michael Knapp,West,Silver,2022-12-22,,True
5702,Melissa Miller,East,Silver,2022-10-18,,True
5703,Nicole Thomas,North,Standard,2023-03-16,,True
5704,Linda Stanley MD,Central,Gold,2025-05-03,,True
5705,Kyle Ramirez,West,Silver,2025-04-08,,True
5706,James Zuniga,West,Standard,2022-02-25,,True
5707,Joshua Jackson,Central,Standard,2022-07-05,,True
5708,Caleb Lee,East,Standard,2023-10-18,,True
5709,Michael Barton,North,Standard,2022-04-22,,True
5710,Sarah Castillo,South,Standard,2025-04-22,,True
5711,Monica Copeland,West,Silver,2024-05-14,,True
5712,Kenneth Kline,North,Standard,2023-10-27,,True
5713,Kyle Stewart,Central,Silver,2024-01-13,,True
5714,John Rodriguez,Central,Silver,2025-04-01,,True
5715,George Butler,Central,Silver,2023-11-29,,True
5716,Manuel Alvarado,North,Silver,2023-10-22,,True
5717,Alexandra Jones,East,Standard,2025-06-23,,True
5718,Sarah Grimes,East,Silver,2022-09-27,,True
5719,Anna Russell,North,Standard,2023-02-04,,True
5720,Troy Wall,Central,Silver,2024-11-23,2025-01-29,False
5721,Sean Perry,North,Standard,2023-07-27,,True
5722,Jason Freeman,South,Silver,2023-06-19,,True
5723,Kenneth Snow,West,Standard,2023-12-17,,True
5724,Leslie Carpenter,East,Gold,2023-11-02,,True
5725,Carol Williams,South,Standard,2024-01-17,2024-10-22,False
5726,Billy Ritter,West,Standard,2024-09-01,2025-07-10,False
5727,Melissa Wilson,North,Gold,2023-03-21,,True
5728,Mrs. Tammie Lang,West,Silver,2022-10-11,,True
5729,Scott Rivera,West,Standard,2022-11-05,,True
5730,Michael Davenport,North,Standard,2024-01-09,2025-07-06,False
5731,Nicole Watson,North,Standard,2022-11-06,2025-05-05,False
5732,Gloria Fisher,West,Gold,2024-09-17,,True
5733,Melanie Stark,North,Standard,2025-05-19,,True
5734,Brittany Jefferson,West,Standard,2023-12-01,,True
5735,Mark Thomas,Central,Standard,2025-06-28,,True
5736,Gloria Kim,Central,Standard,2023-02-16,,True
5737,Cathy Grant,North,Standard,2022-12-14,2025-08-31,False
5738,Sarah Leach,West,Gold,2025-01-25,,True
5739,Sharon Villanueva,East,Standard,2024-11-26,,True
5740,Michael White,Central,Gold,2025-02-28,,True
5741,Barbara Weaver,Central,Silver,2022-08-28,,True
5742,Heather Davis,South,Standard,2022-10-25,,True
5743,Darlene Hall,South,Silver,2022-09-23,,True
5744,Anthony Allen,East,Standard,2023-02-05,,True
5745,Linda Boyd,East,Standard,2025-02-15,,True
5746,Marie Patterson,South,Gold,2024-07-29,2025-09-05,False
5747,Kimberly Taylor,South,Standard,2024-04-24,2024-12-03,False
5748,Kristina Curry,West,Standard,2022-12-21,,True
5749,Brian Webb,West,Standard,2024-02-12,,True
5750,Matthew Hodges,West,Standard,2024-09-17,,True
5751,Shawn Lewis,North,Standard,2022-04-29,2024-10-19,False
5752,Jeffrey Johnson,South,Standard,2024-03-04,,True
5753,Michelle Villegas,North,Standard,2024-06-02,2024-08-10,False
5754,Casey Jackson,East,Standard,2024-06-20,,True
5755,Debra Barker,Central,Standard,2022-08-06,,True
5756,Mindy Cochran,South,Standard,2023-11-02,,True
5757,Danielle Quinn,Central,Gold,2022-03-20,,True
5758,Adrian Snow,East,Silver,2023-07-08,,True
5759,Donna Jackson,South,Standard,2022-05-08,,True
5760,Sarah Moore,West,Silver,2024-08-28,,True
5761,Dana Copeland,East,Standard,2025-06-11,2025-06-17,False
5762,Elizabeth Jenkins,West,Gold,2023-04-15,,True
5763,Bailey Fitzgerald,Central,Standard,2024-06-14,,True
5764,George Fritz,South,Standard,2023-06-28,,True
5765,Dominique Parker,South,Standard,2022-01-11,,True
5766,Lisa Brown,South,Standard,2023-03-25,,True
5767,Eric Fields,East,Silver,2022-09-03,,True
5768,Mark Brown,South,Silver,2023-01-18,2024-08-25,False
5769,Scott Contreras,Central,Silver,2025-03-06,,True
5770,Marvin Flores,West,Standard,2024-11-14,,True
5771,Paul Wheeler,Central,Silver,2023-02-12,,True
5772,Carrie Castillo,Central,Silver,2022-08-12,,True
5773,Matthew Duarte,West,Standard,2024-06-26,,True
5774,Laura Hall,North,Silver,2024-02-05,,True
5775,Ruben Weber,South,Standard,2023-11-17,2024-03-09,False
5776,Alexis Oliver,Central,Standard,2023-11-23,2025-07-04,False
5777,Beth Valdez,South,Standard,2022-10-22,,True
5778,James Nunez,North,Standard,2024-12-31,,True
5779,Jason Harris,North,Standard,2023-10-16,,True
5780,Lindsey Farley,West,Standard,2023-01-18,,True
5781,Brian Krueger,West,Standard,2022-11-25,,True
5782,Logan Dennis,Central,Silver,2023-11-04,,True
5783,Dwayne Mitchell,South,Silver,2023-10-10,2025-07-20,False
5784,Tony Duffy,West,Silver,2024-07-17,,True
5785,Jerry Harris,West,Standard,2023-12-09,,True
5786,Scott Martin,Central,Standard,2024-11-13,,True
5787,Stephanie Mills,North,Gold,2024-08-26,,True
5788,Dillon Duke,South,Gold,2024-03-03,,True
5789,Alejandra Hudson,East,Silver,2023-09-04,,True
5790,Toni Campbell,West,Silver,2024-10-26,,True
5791,Julie Murphy,West,Silver,2022-09-25,2025-03-14,False
5792,Joshua Harris,East,Silver,2022-11-26,,True
5793,Leah Hill,Central,Gold,2022-02-18,,True
5794,Christy Hill,East,Standard,2023-12-04,,True
5795,Maria Estrada,East,Gold,2022-12-30,,True
5796,Jerry Ryan,East,Silver,2023-10-21,,True
5797,Jason Rodriguez,South,Silver,2024-01-10,,True
5798,Alison Boyer,South,Standard,2024-06-12,,True
5799,Angela Green,South,Gold,2024-12-27,,True
5800,Alexander Blake,North,Standard,2023-07-16,,True
5801,Trevor Baldwin,East,Standard,2024-10-15,,True
5802,James Calderon,North,Silver,2025-04-21,,True
5803,George Daniels,East,Standard,2023-06-19,2025-06-15,False
5804,Melissa Cruz,East,Gold,2023-10-07,,True
5805,Melanie Harris,Central,Gold,2024-04-24,2024-10-01,False
5806,Isabel Clay,Central,Standard,2024-06-04,,True
5807,Erin Andrade,East,Silver,2025-06-08,,True
5808,Peter Smith,West,Standard,2025-06-20,,True
5809,Scott Ray,East,Standard,2023-03-04,,True
5810,Mr. Chad Joseph,North,Gold,2025-04-25,,True
5811,Jessica Ruiz,North,Gold,2025-02-23,2025-11-30,False
5812,Stephanie Solis,West,Gold,2024-06-16,,True
5813,Sarah Rivera,West,Standard,2022-06-08,,True
5814,Cynthia Morris,West,Silver,2025-06-04,,True
5815,Patrick Campos PhD,Central,Silver,2024-06-19,,True
5816,Andrea Jenkins PhD,North,Standard,2023-01-19,,True
5817,David Goodman,Central,Gold,2023-10-23,,True
5818,Megan Gonzalez,South,Silver,2025-01-01,,True
5819,Nathan Miller,South,Gold,2023-10-16,,True
5820,Brenda Dunn,South,Standard,2024-09-09,,True
5821,Walter Bishop,North,Standard,2023-04-27,,True
5822,Maria Gordon,North,Standard,2022-09-23,,True
5823,Katherine Bell,Central,Standard,2023-04-16,2025-10-23,False
5824,Steven Hughes,South,Silver,2023-04-25,,True
5825,Cory Henderson,North,Standard,2023-06-14,,True
5826,Kurt Powell,East,Gold,2022-11-20,2025-05-11,False
5827,Parker Sanchez,South,Gold,2024-09-23,,True
5828,Victor Gonzalez,Central,Silver,2022-05-14,,True
5829,Ann Klein,East,Standard,2023-04-19,,True
5830,Stephen Massey,West,Standard,2024-08-05,,True
5831,Sean Murray,North,Standard,2025-02-04,,True
5832,Jason Taylor,Central,Standard,2025-02-04,,True
5833,Joshua Horton,East,Standard,2022-11-09,,True
5834,Kristen Tanner,West,Standard,2023-10-13,,True
5835,Richard Burch PhD,Central,Standard,2023-09-16,,True
5836,Marie Everett,Central,Standard,2024-02-22,,True
5837,Brenda Gomez,North,Standard,2024-12-06,,True
5838,Sherry Booth,Central,Standard,2022-08-31,2025-07-01,False
5839,John Grant,East,Standard,2025-05-12,2025-11-10,False
5840,Chris Mullen,North,Silver,2022-12-26,,True
5841,Bobby Carlson,West,Standard,2023-09-05,,True
5842,Paul Miranda,North,Standard,2023-03-24,2024-08-05,False
5843,Marco Brown,North,Standard,2024-04-11,,True
5844,Diana Johnson,Central,Silver,2022-02-11,2025-06-07,False
5845,Nicholas Hernandez,North,Silver,2023-06-06,,True
5846,Gwendolyn Fox,North,Standard,2024-08-08,,True
5847,Matthew Diaz,East,Standard,2025-05-08,,True
5848,Curtis Rhodes,South,Standard,2023-03-13,,True
5849,Michael Sexton,South,Silver,2025-04-16,2025-08-05,False
5850,Amanda Owens,South,Standard,2024-08-31,,True
5851,Angela Brown,West,Silver,2024-12-27,,True
5852,William Wade,South,Standard,2022-11-10,,True
5853,Kyle Cannon,Central,Standard,2024-11-18,,True
5854,Jennifer Edwards,South,Silver,2023-10-03,,True
5855,Melanie Flores,East,Gold,2022-04-13,,True
5856,Destiny Simmons,South,Gold,2022-10-02,2025-12-03,False
5857,Jerry Mclean,East,Silver,2023-02-03,,True
5858,Jennifer Tucker,East,Standard,2023-10-14,,True
5859,Jennifer Lambert,East,Silver,2022-01-01,2025-06-09,False
5860,Kimberly Thomas,East,Silver,2024-12-31,,True
5861,Michelle Wood,Central,Standard,2024-02-23,,True
5862,Jaime Rose,South,Standard,2023-03-14,,True
5863,Christopher Hall,Central,Standard,2024-02-29,,True
5864,Laura Lopez,Central,Silver,2022-10-23,,True
5865,Alan Ramirez,West,Standard,2023-06-24,,True
5866,Carrie Moore,East,Standard,2023-09-06,2024-06-25,False
5867,Daniel Davis,Central,Silver,2022-11-20,,True
5868,Mr. David Arnold,East,Standard,2023-05-11,2024-01-24,False
5869,Nicholas Mason,South,Standard,2024-12-05,,True
5870,Sean Carey,West,Standard,2022-08-02,,True
5871,Dennis Garcia,North,Standard,2022-01-04,,True
5872,Megan Hendricks,South,Standard,2025-04-01,,True
5873,Maria Massey,West,Silver,2022-10-16,,True
5874,Nicole Lyons,East,Silver,2025-06-19,,True
5875,Timothy Lin,Central,Gold,2025-01-01,,True
5876,Brandon Harris,East,Silver,2023-09-04,,True
5877,Chelsea Thomas,East,Gold,2023-04-13,,True
5878,Tracy Barton,North,Standard,2023-10-19,2024-05-22,False
5879,Daniel Howell,West,Standard,2023-11-14,,True
5880,Melissa Burns,North,Standard,2023-11-04,2025-01-27,False
5881,Marcus Harvey,East,Standard,2024-02-08,,True
5882,Michele Byrd,West,Standard,2024-10-29,,True
5883,Tricia Spencer,North,Standard,2025-05-27,,True
5884,Stacy Grimes,Central,Standard,2023-04-24,2024-09-20,False
5885,Marc Lewis,Central,Silver,2023-04-26,,True
5886,Laurie Collins,West,Standard,2022-09-20,,True
5887,Kimberly Moran,South,Standard,2024-08-30,,True
5888,Craig Patel,East,Silver,2022-02-22,,True
5889,Chelsea Martinez,West,Silver,2024-11-11,,True
5890,Emily Moore,East,Standard,2024-02-14,,True
5891,Laura Garner,South,Silver,2024-05-29,,True
5892,Amber Matthews,Central,Standard,2022-11-05,,True
5893,Jose Moore,West,Silver,2025-03-24,,True
5894,William Phillips,Central,Standard,2025-02-28,,True
5895,Bradley Andrade,North,Standard,2023-05-28,,True
5896,Arthur Walker,South,Gold,2023-03-31,2024-05-22,False
5897,Elizabeth Cole,Central,Gold,2022-08-31,,True
5898,Anthony Cooke,Central,Standard,2023-11-11,2025-05-05,False
5899,Joshua Alvarado,Central,Silver,2024-08-02,,True
5900,Patrick Zimmerman,South,Silver,2023-02-04,,True
5901,Erika Mercado,North,Gold,2022-10-30,,True
5902,Linda Garcia,East,Silver,2022-06-02,2025-02-11,False
5903,Summer Adams,South,Silver,2023-06-03,,True
5904,Taylor Lowery,West,Standard,2022-07-14,2024-10-31,False
5905,Tabitha Goodman,West,Standard,2024-10-22,2024-10-31,False
5906,Luis Smith,South,Standard,2025-06-07,,True
5907,Sarah Acosta,South,Standard,2025-02-16,,True
5908,David Marsh,North,Standard,2024-03-23,,True
5909,Jennifer Gordon,South,Standard,2022-06-07,,True
5910,Mackenzie Porter,South,Standard,2022-06-10,,True
5911,Jane Montgomery,Central,Silver,2025-03-29,2025-07-18,False
5912,Amanda Lee,East,Standard,2024-09-21,,True
5913,Tara Miller,South,Standard,2022-12-12,,True
5914,David Bates,West,Standard,2022-01-05,,True
5915,Theresa Bell,West,Silver,2024-03-20,,True
5916,Mark Williams,West,Silver,2022-06-15,,True
5917,Anthony Brewer,West,Silver,2022-09-14,,True
5918,Kristin Gilbert,North,Standard,2023-08-15,,True
5919,Corey Ford,East,Silver,2024-07-26,,True
5920,George Santana,South,Standard,2022-06-05,2025-03-21,False
5921,Zachary Wilkerson,East,Gold,2024-11-01,,True
5922,Timothy Mcintyre,West,Silver,2024-10-21,,True
5923,Robert Williams,Central,Standard,2025-04-24,,True
5924,Timothy White,West,Silver,2023-12-06,,True
5925,Stacey Baker,Central,Standard,2022-01-17,2025-07-25,False
5926,William Church,Central,Standard,2025-05-03,,True
5927,Bradley Shaw,South,Standard,2022-02-23,2025-02-27,False
5928,Jessica Mccarty,East,Standard,2024-07-18,,True
5929,Steven Murphy,North,Silver,2022-11-28,,True
5930,Chad Robertson,West,Gold,2024-12-09,,True
5931,Kayla Luna,South,Standard,2023-09-20,,True
5932,William Davila,South,Standard,2023-05-02,,True
5933,Daniel Hopkins,East,Standard,2024-03-06,,True
5934,Brenda Vargas,East,Standard,2022-03-08,2025-04-17,False
5935,Sheena Hawkins,South,Standard,2025-02-02,2025-12-28,False
5936,Ronald Hill,East,Standard,2022-01-12,,True
5937,Angela Ray,West,Standard,2024-08-19,,True
5938,Christine Martinez,West,Standard,2022-01-20,,True
5939,Zachary Matthews,West,Silver,2024-07-09,,True
5940,David Jackson,North,Standard,2025-06-17,,True
5941,Michael Martinez,North,Standard,2024-07-05,2024-12-09,False
5942,Amber Ward,North,Silver,2023-08-10,,True
5943,David Howard,West,Silver,2023-01-28,,True
5944,Kara Bowman,North,Standard,2022-04-29,,True
5945,Daniel Sandoval,South,Silver,2024-11-12,,True
5946,Sharon Malone,West,Silver,2023-05-18,2024-01-06,False
5947,Nicole Gutierrez,North,Standard,2023-05-31,,True
5948,Matthew Watkins,West,Standard,2024-10-17,,True
5949,Kimberly Lopez,North,Standard,2022-08-01,2025-07-19,False
5950,Carmen Herrera,East,Silver,2025-02-04,,True
5951,Kelsey Moore,North,Silver,2022-01-03,,True
5952,Steven Palmer,West,Standard,2023-04-22,,True
5953,Melanie Decker,West,Silver,2023-06-29,,True
5954,Albert Avery III,Central,Gold,2023-09-11,2024-10-25,False
5955,William Gross,North,Silver,2024-10-19,,True
5956,Karen Thomas,West,Standard,2024-01-04,,True
5957,Angela Woods,West,Gold,2022-10-22,,True
5958,Linda Moore,North,Standard,2025-02-18,2025-09-22,False
5959,Denise Erickson,East,Gold,2023-10-04,,True
5960,Michael Thornton,Central,Standard,2025-05-16,,True
5961,Melinda Mcgrath,Central,Silver,2023-01-07,,True
5962,Philip Combs,West,Standard,2022-07-19,,True
5963,Jessica Cook,West,Standard,2024-04-11,2025-08-20,False
5964,Richard Jones,North,Gold,2022-12-09,,True
5965,Brian Powell,West,Standard,2023-04-03,2025-04-13,False
5966,Timothy Smith,Central,Silver,2023-11-07,,True
5967,Christine Doyle,East,Standard,2024-10-29,,True
5968,Brian Mueller,East,Silver,2024-11-09,,True
5969,Noah Johnston,North,Standard,2024-12-04,,True
5970,Thomas Thomas,South,Standard,2024-04-12,,True
5971,Rebecca Lewis,West,Standard,2023-11-01,,True
5972,Jason Williams,East,Standard,2024-09-12,2025-06-24,False
5973,Michael Friedman,North,Silver,2024-03-12,2025-07-29,False
5974,Tricia Hill,East,Silver,2024-10-23,,True
5975,Aaron Roberson,Central,Silver,2024-10-09,2025-01-05,False
5976,Paul Brooks,South,Standard,2023-03-02,,True
5977,William Tucker,Central,Standard,2025-01-29,,True
5978,Dominic Gilmore,South,Silver,2025-03-30,,True
5979,Stephanie Williams,West,Gold,2023-03-17,,True
5980,Mr. Paul Ewing,East,Gold,2025-02-10,,True
5981,Chad Soto,Central,Standard,2024-03-18,,True
5982,Michael Mcguire,Central,Silver,2024-08-14,,True
5983,Kyle Hernandez,North,Standard,2024-03-07,,True
5984,Patrick Schaefer,East,Standard,2023-11-09,2025-12-17,False
5985,Nancy Jackson,Central,Gold,2022-07-15,,True
5986,Heather Morris,North,Standard,2022-04-20,,True
5987,Sara Robinson,North,Standard,2025-02-04,,True
5988,Gerald Flores Jr.,East,Standard,2022-11-10,2024-01-15,False
5989,Daniel Lawson,North,Standard,2025-03-12,2025-07-03,False
5990,Debra Goodman,East,Silver,2023-05-23,,True
5991,Paula Johnson,North,Silver,2022-01-04,,True
5992,Melvin English,West,Gold,2023-09-06,,True
5993,Lisa Brown,South,Silver,2024-06-08,,True
5994,Christian Byrd,East,Silver,2023-09-09,,True
5995,Eric Norman,Central,Gold,2022-12-20,,True
5996,Jessica Hill,South,Silver,2023-03-09,,True
5997,Dana Norman,North,Standard,2023-11-22,2025-01-14,False
5998,Denise Wallace,West,Standard,2023-03-06,,True
5999,Lauren Johnson,West,Standard,2023-03-24,,True
6000,Nicholas Baker,South,Standard,2022-01-24,,True
